date,actual_return,actual_vol,garch_1d,gjr_1d,egarch_1d,har_1d,ms_1d
2019-01-02,0.001268,0.1268,1.9456213550313621,1.9422985699073056,3.1274585331186877,1.9831746856744616,2.3043790462779636
2019-01-03,-0.025068,2.5068,1.6813955252380144,1.8490657965172703,3.0668100108232745,1.784516192753655,2.3043790462779636
2019-01-04,0.033759,3.3758999999999997,1.7667930474235063,1.9961823761076385,3.1954857077531935,2.1004719496103728,2.3043790462779636
2019-01-07,0.006986,0.6986,1.966277670274642,2.074256604739353,3.2127429862804107,2.636084645321542,2.3043790462779636
2019-01-08,0.009649,0.9649,1.870759673952484,1.9815237713397993,3.1627051483954416,1.7754738145633127,2.3043790462779636
2019-01-09,0.00409,0.409,1.7920606969479527,1.9012984936605586,3.1212557850468254,1.7948182401012087,2.3043790462779636
2019-01-10,0.004508,0.4508,1.697411386742206,1.8133431940030242,3.067783562142622,1.7217934499236542,2.3043790462779636
2019-01-11,-0.000146,0.0146,1.607469359936153,1.7308808861155052,3.0174678028346307,1.599580290888832,2.3043790462779636
2019-01-14,-0.005271,0.5271,1.5152109893375683,1.6494156017587098,2.9591458429901523,1.3429472251358205,2.3043790462779636
2019-01-15,0.010665,1.0665,1.199478886763627,1.5849499975397938,2.9410589611889026,1.375073781475016,2.3043790462779636
2019-01-16,0.00222,0.22200000000000003,1.3941263579073655,1.5342328568003323,2.9109158355755027,1.4874541616130563,2.3043790462779636
2019-01-17,0.007563,0.7563,1.315027270798897,1.4649399934365346,2.861120916788778,1.3509554083684627,2.3043790462779636
2019-01-18,0.013097,1.3096999999999999,1.2600730073504172,1.4109068860301526,2.8264067469488205,1.4137667426771645,2.3043790462779636
2019-01-22,-0.014258,1.4258,1.2564794165796986,1.385639084327356,2.806726045151939,1.573179180195314,2.3043790462779636
2019-01-23,0.0022,0.22,1.265590410339876,1.4278714888980355,2.8624758413890614,1.6467186663483229,2.3043790462779636
2019-01-24,0.001375,0.13749999999999998,1.1917756159928665,1.3648210652565276,2.8144969759328493,1.3885879643004255,2.3043790462779636
2019-01-25,0.008453,0.8453,1.1200172838556146,1.3047857881229434,2.766321136191529,1.375116532952753,2.3043790462779636
2019-01-28,-0.007878,0.7878,1.0865144542439809,1.264671150529984,2.7374166173614682,1.4514943703645564,2.3043790462779636
2019-01-29,-0.001457,0.1457,1.0506274369207294,1.2454987234085968,2.7474272663623607,1.3924587700179851,2.3043790462779636
2019-01-30,0.01543,1.543,0.8712129294341314,1.192905641661135,2.709145727044615,1.1723386535894822,2.3043790462779636
2019-01-31,0.008561,0.8560999999999999,0.9770867639642432,1.2042648046614517,2.6997220897021523,1.5351648965502043,2.3043790462779636
2019-02-01,0.000898,0.0898,0.9517526241806354,1.1724893775984209,2.673591003511658,1.352762546199443,2.3043790462779636
2019-02-04,0.006753,0.6753,0.9648758568822389,1.1220944632927101,2.629497636065561,1.2356422902280417,2.3043790462779636
2019-02-05,0.004697,0.4697,0.8925219267044001,1.0823633033795963,2.601431418724702,1.2954240928746075,0.9779518751360138
2019-02-06,-0.002227,0.22269999999999998,0.912391344334366,1.0433837501082455,2.569368972886919,1.2438080538813054,0.9779518751360138
2019-02-07,-0.009401,0.9400999999999999,0.8643564289225043,1.004785888096766,2.5433810024329673,1.110789906823068,0.9779518751360138
2019-02-08,0.000676,0.0676,0.8834230941683668,1.0219180579468203,2.5721180542601085,1.2404966656948337,0.9779518751360138
2019-02-11,0.000709,0.0709,0.8421882299454271,0.9799739731227223,2.531211290789105,1.1052743147291535,0.9779518751360138
2019-02-12,0.012808,1.2808,0.8045954001627399,0.9406650899607775,2.491862064258823,1.0922950789965138,0.9779518751360138
2019-02-13,0.003019,0.3019,0.8651146933215442,0.9579250716106195,2.4838958813116094,1.3656750320262872,0.9779518751360138
2019-02-14,-0.002655,0.26549999999999996,0.8077570580438928,0.9228808556860193,2.451932243277254,1.1516135360006845,0.9779518751360138
2019-02-15,0.01082,1.082,0.7990281329541329,0.892693263774864,2.4333439631382845,1.1261055692518354,0.9779518751360138
2019-02-19,0.001498,0.1498,0.8332177692381062,0.8999179596286733,2.4225159403688057,1.3128205656143568,0.9779518751360138
2019-02-20,0.001776,0.1776,0.7973750673547728,0.8668966814817495,2.3889689053838765,1.1499455664073843,0.9779518751360138
2019-02-21,-0.003533,0.3533,0.765006961485363,0.8363950414019099,2.357280809076756,1.106174269995465,0.9779518751360138
2019-02-22,0.006391,0.6391,0.7410749261513767,0.8177339930847879,2.348573591348726,1.114623217011022,0.9779518751360138
2019-02-25,0.001231,0.12310000000000001,0.7184061491550905,0.8038447694708912,2.329702370693829,1.160037772316057,0.9779518751360138
2019-02-26,-0.000791,0.0791,0.7121186395833068,0.7763633107792646,2.2987215275686235,1.0669431221485053,0.9779518751360138
2019-02-27,-0.000544,0.0544,0.6475726050063261,0.7505174836893682,2.2716062622957436,1.064967726130703,0.9779518751360138
2019-02-28,-0.00283,0.28300000000000003,0.6636641866465902,0.7262709240888544,2.2435844169106467,1.0602695312513701,0.9779518751360138
2019-03-01,0.006872,0.6871999999999999,0.6487368532676465,0.7110213934187128,2.2335065911557677,1.0691480445195605,0.9779518751360138
2019-03-04,-0.003888,0.3888,0.6625340390807994,0.7101931134166948,2.2197646712846795,1.135195837906394,0.9779518751360138
2019-03-05,-0.001132,0.1132,0.6516823790433947,0.7036913353740838,2.2184217215961874,1.0780334060686618,0.9779518751360138
2019-03-06,-0.006545,0.6545,0.6310725430131017,0.6842723389210551,2.1965666596358497,1.0521053277595358,0.9779518751360138
2019-03-07,-0.008159,0.8159,0.6429443637408782,0.7088954190039011,2.2160221446464408,1.132297637416947,0.9779518751360138
2019-03-08,-0.002134,0.2134,0.6700560096310392,0.7527948059825991,2.2470568362405614,1.1842270438982552,0.9779518751360138
2019-03-11,0.01456,1.456,0.6521480086231779,0.7313954757702609,2.2316834808083437,1.0760980493895527,0.9779518751360138
2019-03-12,0.002949,0.2949,0.7706950674645313,0.7943410231914536,2.2371890715877383,1.4222712141501002,0.9779518751360138
2019-03-13,0.006926,0.6926,0.7599513803043255,0.7704887100040594,2.213590713359374,1.1435894351995388,0.9779518751360138
2019-03-14,-0.000868,0.0868,0.756915198796229,0.7641759849759482,2.2006460598466817,1.2054387497504797,0.9779518751360138
2019-03-15,0.004973,0.4973,0.7123851785989289,0.7398808058812955,2.177424343832958,1.1173011937253088,0.9779518751360138
2019-03-18,0.003699,0.3699,0.7004625967576925,0.726972243936461,2.1608426033238217,1.1534544530669602,0.9779518751360138
2019-03-19,-0.000131,0.0131,0.6834325044528539,0.7092941602256919,2.1416284914947683,1.0831707861182371,0.9779518751360138
2019-03-20,-0.002949,0.2949,0.6545995644730732,0.6880834699343076,2.1148896099472063,1.0580732779443964,0.9779518751360138
2019-03-21,0.010794,1.0794,0.6355825300959664,0.6774891925643288,2.1100008115613975,1.0561703444994088,0.9779518751360138
2019-03-22,-0.019157,1.9157,0.7019455440032146,0.7065842280310968,2.1100930867690697,1.2544819924973016,0.9779518751360138
2019-03-25,-0.000839,0.0839,0.8887218567493758,0.9913013668182855,2.2301764341930426,1.640775857422335,0.9779518751360138
2019-03-26,0.007157,0.7157,0.8478718903907229,0.948645898301887,2.2057363962647103,1.1837131584552063,0.9779518751360138
2019-03-27,-0.004655,0.4655,0.8371077577419777,0.9263604389991184,2.1936045053890334,1.2687605996010436,0.9779518751360138
2019-03-28,0.003583,0.3583,0.8100139405368263,0.9067310014794595,2.1989003575527795,1.2313060528966793,0.9779518751360138
2019-03-29,0.006712,0.6712,0.7813744599546311,0.875038218784067,2.178151987991632,1.1934082756961257,0.9779518751360138
2019-04-01,0.011502,1.1502000000000001,0.7765970905921926,0.8553020086712146,2.1658185649695927,1.1611548918210697,0.9779518751360138
2019-04-02,1.7e-05,0.0017,0.8267747083691027,0.8697375979148689,2.1658747283737965,1.3209929420704714,0.9779518751360138
2019-04-03,0.002146,0.21459999999999999,0.7835219897347698,0.8358569615693132,2.137405325621906,1.1164817620543561,0.9779518751360138
2019-04-04,0.002082,0.2082,0.7523259317777996,0.8062214950255661,2.1151327462774225,1.1186419316742957,0.9779518751360138
2019-04-05,0.004626,0.4626,0.7269483150596607,0.7760693120606658,2.093382081353875,1.1160717406600706,0.9779518751360138
2019-04-08,0.001047,0.1047,0.7121724017733444,0.7571572617738496,2.078689490208577,1.1353456771397863,0.9779518751360138
2019-04-09,-0.006086,0.6086,0.6877400740727082,0.7299602981798128,2.055593433670694,1.064274301061526,0.9779518751360138
2019-04-10,0.003472,0.3472,0.6883959042070844,0.7413380137840722,2.0762466259644996,1.1331164770666784,0.9779518751360138
2019-04-11,3.8e-05,0.0038000000000000004,0.6723620585333079,0.7208044174432978,2.0592400417065964,1.086730236903345,0.9779518751360138
2019-04-12,0.006588,0.6588,0.6490727345733933,0.6968504843579734,2.0342804759277278,1.0655169797333124,0.9779518751360138
2019-04-15,-0.00063,0.063,0.6594967582540938,0.6935312535952153,2.026360896523951,1.140163072415521,0.9779518751360138
2019-04-16,0.000509,0.0509,0.6383387500439268,0.6713086166640091,2.007024466126279,1.0719140076983789,0.9779518751360138
2019-04-17,-0.002276,0.22759999999999997,0.6067333695979047,0.6509324474956979,1.9848883868385767,1.060189567766067,0.9779518751360138
2019-04-18,0.001578,0.1578,0.6041850326943652,0.6374364028460191,1.9791234224922023,1.065950629625969,0.9779518751360138
2019-04-22,0.001012,0.10120000000000001,0.5894376636949538,0.6200911097448404,1.9604879109808082,1.0623445293782994,0.9779518751360138
2019-04-23,0.008802,0.8802000000000001,0.5745498588615531,0.6037905370828069,1.9410493155451698,1.047497638851754,0.9779518751360138
2019-04-24,-0.002194,0.2194,0.625958308580557,0.625704900107483,1.9415633396876388,1.186243428896447,0.9779518751360138
2019-04-25,-0.000369,0.0369,0.608021626912409,0.6139389666536964,1.9365475597426747,1.0580042610027618,0.9779518751360138
2019-04-26,0.004674,0.46740000000000004,0.5909342866924879,0.597006971657279,1.9180751346924263,1.0487700743251593,0.9779518751360138
2019-04-29,0.001071,0.10709999999999999,0.5926176806851272,0.5930754033919564,1.9090315640734188,1.0883841919101913,0.9779518751360138
2019-04-30,0.000951,0.0951,0.5774110134269445,0.5782623627136843,1.8913017565427508,1.0536386318373108,0.9779518751360138
2019-05-01,-0.00753,0.753,0.5633734519177499,0.5649108638834648,1.873830578607635,1.030615978868948,0.9779518751360138
2019-05-02,-0.002126,0.21259999999999998,0.5970629020025419,0.6199143796436556,1.9112623683196626,1.1356735430571587,0.9779518751360138
2019-05-03,0.009592,0.9591999999999999,0.5838311446563523,0.6081563333849304,1.906668215628355,1.0473649930181934,0.9779518751360138
2019-05-06,-0.004481,0.4481,0.6403584156254072,0.6365528155454196,1.9102430505867587,1.2060154297934997,0.9779518751360138
2019-05-07,-0.016649,1.6649,0.634306095163055,0.6407166394761921,1.9233848179957953,1.102558457815276,0.9779518751360138
2019-05-08,-0.001607,0.16069999999999998,0.9189084192230154,0.8817373435650228,2.0302010606831664,1.519399855403442,0.9779518751360138
2019-05-09,-0.003026,0.3026,0.7628394131389935,0.8488307352652759,2.018013628788265,1.1459055263415043,0.9779518751360138
2019-05-10,0.003713,0.3713,0.7372515436198525,0.8237069685775563,2.0168213501151575,1.1574529780945748,0.9779518751360138
2019-05-13,-0.024426,2.4426,0.7167648096600335,0.797950994635661,2.002312753110906,1.1430852821640212,0.9779518751360138
2019-05-14,0.007984,0.7984,1.0073874495509592,1.1962054988785542,2.168679949588823,1.9367453046283603,0.9779518751360138
2019-05-15,0.005822,0.5821999999999999,0.9844327729246101,1.1594751601846731,2.1598567546019356,1.3282286772992067,0.9779518751360138
2019-05-16,0.008856,0.8855999999999999,0.9501542484282017,1.1174291001890644,2.145960872191705,1.2952060655355193,0.9779518751360138
2019-05-17,-0.005854,0.5854,1.0304228801989865,1.090722198683835,2.140074961107652,1.3721482623244472,0.9779518751360138
2019-05-20,-0.006772,0.6772,0.9102564522104762,1.0664042235529594,2.1561968603323782,1.3205770236907803,0.9779518751360138
2019-05-21,0.00846,0.8460000000000001,0.8895854479828152,1.0516661133024545,2.178727128557575,1.2075169974373032,0.9779518751360138
2019-05-22,-0.002828,0.2828,0.883871461099577,1.0281679769418617,2.1707645087923497,1.2488765003394051,0.9779518751360138
2019-05-23,-0.011986,1.1986,0.8458114201247787,0.9904450937170869,2.1631302075897705,1.1499312766856984,0.9779518751360138
2019-05-24,0.001353,0.1353,0.883229581039307,1.050487842385932,2.225296919343792,1.3575475160376524,0.9779518751360138
2019-05-28,-0.008411,0.8411,0.8418110777205329,1.0063381127919169,2.198156775972342,1.1518490252198854,0.9779518751360138
2019-05-29,-0.006936,0.6936,0.843161848858865,1.0141220133311066,2.2316965314052863,1.2609314442506383,0.9779518751360138
2019-05-30,0.002096,0.2096,0.8328513571597249,1.005250716147585,2.2529061132813633,1.2244457110055962,0.9779518751360138
2019-05-31,-0.013283,1.3283,0.798657741613296,0.9644138258120759,2.2266636348684763,1.1594943794171666,0.9779518751360138
2019-06-03,-0.002769,0.27690000000000003,0.8644737910750181,1.0501967146066453,2.2966246830161396,1.408475053382203,0.9779518751360138
2019-06-04,0.021206,2.1206,0.81607222431612,1.0107505245212784,2.284304724843464,1.179704677154414,0.9779518751360138
2019-06-05,0.008129,0.8129000000000001,1.018368260634728,1.1005457442890056,2.304718571253518,1.791838456111488,0.9779518751360138
2019-06-06,0.006117,0.6117,0.9974516787893364,1.0716259998409063,2.2916759246579925,1.3697546185357434,0.9779518751360138
2019-06-07,0.010443,1.0443,0.96504545450278,1.0368128378937933,2.2740879467571578,1.3406923210043384,0.9779518751360138
2019-06-10,0.004649,0.46490000000000004,0.9696368488209199,1.0258783977144603,2.267858652633632,1.4110097307956455,0.9779518751360138
2019-06-11,-0.00035,0.034999999999999996,0.9322595944061833,0.9895023512821944,2.2474422624520725,1.3019863177468496,0.9779518751360138
2019-06-12,-0.00204,0.20400000000000001,0.8874193925184142,0.9487778566369537,2.2188149807511848,1.1615956004135002,0.9779518751360138
2019-06-13,0.004089,0.4089,0.8485761295428794,0.9136232249125286,2.2036928448672573,1.1512285991061897,0.9779518751360138
2019-06-14,-0.001613,0.1613,0.8199879322126479,0.883267058303191,2.1840452233454943,1.1396805669133787,0.9779518751360138
2019-06-17,0.000931,0.0931,0.7859665606343167,0.8512462569926514,2.1669099391163478,1.0860346798790543,0.9779518751360138
2019-06-18,0.00967,0.967,0.7540561373464464,0.819427681096037,2.1406663016530687,1.0759405381339622,0.9779518751360138
2019-06-19,0.002981,0.29810000000000003,0.7819940933891409,0.8245082155976691,2.1369794320336006,1.2407398536760232,0.9779518751360138
2019-06-20,0.009428,0.9428000000000001,0.7555255409576193,0.7975473826168278,2.1167909347063807,1.115147102000449,0.9779518751360138
2019-06-21,-0.00126,0.126,0.7805785215558123,0.8031233232411314,2.1132795646624376,1.2534588215813076,0.9779518751360138
2019-06-24,-0.001733,0.17329999999999998,0.7500789596018359,0.7756539235944196,2.0958437598055455,1.1216075837832054,0.9779518751360138
2019-06-25,-0.009542,0.9542,0.7251577467826935,0.7503525429574072,2.082467075425035,1.1241623418350217,0.9779518751360138
2019-06-26,-0.001235,0.1235,0.7568007718823355,0.8085148478794336,2.128582130307966,1.2510662286625758,0.9779518751360138
2019-06-27,0.003816,0.3816,0.729700973813252,0.7801740420403865,2.1104444892678162,1.116863287067849,0.9779518751360138
2019-06-28,0.005741,0.5740999999999999,0.7134755011837969,0.7583752539825639,2.093186913745227,1.114808641516561,0.9779518751360138
2019-07-01,0.007643,0.7643,0.710856321274706,0.7459085721599813,2.081272347586468,1.1508677516552455,0.9779518751360138
2019-07-02,0.002924,0.2924,0.7249465000648875,0.7449379605087587,2.074475748870537,1.2050906144767703,0.9779518751360138
2019-07-03,0.007643,0.7643,0.6953951061309609,0.723330259031789,2.056163701250985,1.1006474047123356,0.9779518751360138
2019-07-05,-0.001808,0.1808,0.7207688143633804,0.7243006202913175,2.050172398226685,1.193802122715486,0.9779518751360138
2019-07-08,-0.004847,0.48469999999999996,0.6987042630349385,0.7035760745981539,2.0388488512418825,1.0866149770272817,0.9779518751360138
2019-07-09,0.001236,0.12359999999999999,0.6925380441699891,0.7048227864020713,2.0506839822470746,1.1142620380323471,0.9779518751360138
2019-07-10,0.004501,0.4501,0.6722907011804503,0.6831071892734804,2.028962113015122,1.0615923147800195,0.9779518751360138
2019-07-11,0.002283,0.22829999999999998,0.6672855869929178,0.6712078756421629,2.016011989007309,1.091184503418189,0.9779518751360138
2019-07-12,0.00461,0.461,0.6523600921481102,0.6532370141014191,1.9979778710878873,1.0509316349315974,0.9779518751360138
2019-07-15,0.000176,0.0176,0.6506862520146378,0.6446299528380162,1.9862922443701174,1.0832821614888708,0.9779518751360138
2019-07-16,-0.00341,0.34099999999999997,0.6337753493274574,0.6265918398232082,1.9639810828048283,1.0415064979153996,0.9779518751360138
2019-07-17,-0.006553,0.6553,0.6272699303930325,0.6231001042935698,1.967381744490351,1.0634269036939024,0.9779518751360138
2019-07-18,0.003576,0.35760000000000003,0.644916085198723,0.6546039939894273,1.9944312290675392,1.1216587938406224,0.9779518751360138
2019-07-19,-0.006196,0.6196,0.6379607517107183,0.6418159647352827,1.980281588012,1.076251294075877,0.9779518751360138
2019-07-22,0.002825,0.2825,0.6506683393661999,0.6659202574834078,2.0042073143911403,1.1192395763195653,0.9779518751360138
2019-07-23,0.006824,0.6824,0.6395975407075458,0.6500811014771035,1.9878938815367013,1.0728197315952015,0.9779518751360138
2019-07-24,0.004677,0.46769999999999995,0.657873527084296,0.6535670669140736,1.9820338249087293,1.1413701020265075,0.9779518751360138
2019-07-25,-0.005276,0.5276000000000001,0.6556426760983639,0.6448223216917913,1.9710097941434275,1.098038993023472,0.9779518751360138
2019-07-26,0.007361,0.7361000000000001,0.6583420820116872,0.6572658782687167,1.988254303388466,1.1126852310514417,0.9779518751360138
2019-07-29,-0.001617,0.16169999999999998,0.6788963674359068,0.6633316431752256,1.9837119164287258,1.1558878533837096,0.9779518751360138
2019-07-30,-0.002582,0.2582,0.6610412510443898,0.6465884621007193,1.9730623889006438,1.0735326741184918,0.9779518751360138
2019-07-31,-0.010945,1.0945,0.6480078916993262,0.6357250154259261,1.9699673273601657,1.068608843543792,0.9779518751360138
2019-08-01,-0.00904,0.9039999999999999,0.7150460617523547,0.7423392294470719,2.0306059393311613,1.2670049431632064,0.9779518751360138
2019-08-02,-0.007309,0.7309,0.7443624791852457,0.7934809933918273,2.0745911165846223,1.2274825489594547,0.9779518751360138
2019-08-05,-0.03023,3.023,0.7515858930054682,0.8127184279976298,2.103914410240944,1.18814664835617,0.9779518751360138
2019-08-06,0.012933,1.2933,1.1623559279725328,1.3783728225289953,2.3138132992883405,2.248441481604536,0.9779518751360138
2019-08-07,0.000767,0.0767,1.1624821853433185,1.3531773755403769,2.3124352864429003,1.5984928774317386,0.9779518751360138
2019-08-08,0.018588,1.8588,1.0983845025571826,1.2915117006636365,2.280906877821846,1.377681539979396,0.9779518751360138
2019-08-09,-0.006639,0.6639,1.1757787458122315,1.3156365368294747,2.2948411995137477,1.8160174584237896,0.9779518751360138
2019-08-12,-0.012394,1.2394,1.1275911478168252,1.2803900932409962,2.3116262240709227,1.496550388326434,0.9779518751360138
2019-08-13,0.015018,1.5018,1.1274894840782201,1.3082664701270654,2.371707997374543,1.4770681039139664,0.9779518751360138
2019-08-14,-0.02973,2.973,1.1556712990563367,1.3027812794498297,2.373525144112389,1.5776176707301421,0.9779518751360138
2019-08-15,0.002461,0.2461,1.4053552542756909,1.6708560280422797,2.568279903528971,2.326240849525259,0.9779518751360138
2019-08-16,0.014323,1.4323000000000001,1.3236606797656185,1.5926783195256107,2.531910831486129,1.4610981047828377,0.9779518751360138
2019-08-19,0.012033,1.2033,1.3163448668137343,1.5583348586315282,2.526274964223825,1.71595246338586,0.9779518751360138
2019-08-20,-0.007946,0.7946,1.2893101279531058,1.5147629088721535,2.5151375882919025,1.6556446356933,0.9779518751360138
2019-08-21,0.008213,0.8213,1.3405966049357618,1.474790487010926,2.533962177596307,1.536360491356114,0.9779518751360138
2019-08-22,-0.000506,0.050600000000000006,1.1899336064948602,1.4211366312064766,2.5130578318875196,1.3753543909480204,0.9779518751360138
2019-08-23,-0.026289,2.6289,1.1219549823722115,1.3561627376803853,2.4763563780541116,1.28386044810174,0.9779518751360138
2019-08-26,0.010923,1.0923,1.3277192682315457,1.6276442121976344,2.639214446284297,2.1035193087062454,0.9779518751360138
2019-08-27,-0.003208,0.3208,1.2931828293530165,1.5741905589606402,2.62118398071985,1.554784161676469,0.9779518751360138
2019-08-28,0.006524,0.6524,1.221937633973117,1.5054904534494016,2.6005986669302135,1.414101681280381,0.9779518751360138
2019-08-29,0.012607,1.2607,1.170496578912179,1.4447230902517425,2.573087165134515,1.4497218594958137,0.9779518751360138
2019-08-30,0.000643,0.0643,1.170901926928731,1.4130605736990152,2.5616709620765636,1.61846756090445,0.9779518751360138
2019-09-03,-0.006923,0.6923,1.1074663215251492,1.3487736126196928,2.5210692807667754,1.279941383384411,0.9779518751360138
2019-09-04,0.010784,1.0784,1.0708807034595904,1.3140042758256756,2.531958333605833,1.3260244559584864,0.9779518751360138
2019-09-05,0.012926,1.2926,1.0685942313621348,1.2831568937700255,2.517505769255567,1.4378851675290345,0.9779518751360138
2019-09-06,0.00091,0.091,1.0887941409304807,1.2670003046299154,2.5089052686267546,1.4984331224982983,0.9779518751360138
2019-09-09,-9.4e-05,0.009399999999999999,1.034613260377524,1.2113355794979326,2.4708546492714887,1.245755416725129,0.9779518751360138
2019-09-10,0.000322,0.0322,0.9853566279656053,1.1587496064655967,2.432615080837509,1.2444831944224881,0.9779518751360138
2019-09-11,0.007204,0.7204,0.9411257609158296,1.1092785254413087,2.3958228499389134,1.2189482500089988,0.9779518751360138
2019-09-12,0.002875,0.2875,0.8661113080378917,1.0775368637338891,2.37733125543738,1.2764237163653769,0.9779518751360138
2019-09-13,-0.000725,0.0725,0.8937849366101716,1.035338265919313,2.3487665651403598,1.169068630791195,0.9779518751360138
2019-09-16,-0.003141,0.3141,0.8592273337802409,0.9937799377847063,2.319465072300986,1.1475837697527793,0.9779518751360138
2019-09-17,0.002578,0.2578,0.833212247638292,0.9615608931202727,2.3091326784764123,1.1261229638454229,0.9779518751360138
2019-09-18,0.000343,0.0343,0.8078770120005,0.9263175395480991,2.2821856972963115,1.1228838036502262,0.9779518751360138
2019-09-19,2e-05,0.002,0.7805428479189902,0.8912961053478391,2.2506420073071984,1.0892416930139976,0.9779518751360138
2019-09-20,-0.004908,0.4908,0.7554310508324285,0.8582446751963365,2.2193643801990386,1.0800919823792787,0.9779518751360138
2019-09-23,-9.7e-05,0.0097,0.7460006335438801,0.8478735259986772,2.2256992746604585,1.1230047072920042,0.9779518751360138
2019-09-24,-0.008452,0.8452,0.7206999491507828,0.8179065670925227,2.1959253746199043,1.0789831328153374,0.9779518751360138
2019-09-25,0.00614,0.614,0.7426933366260384,0.8512951554526628,2.229878270197772,1.208383586532025,0.9779518751360138
2019-09-26,-0.002432,0.24320000000000003,0.739095467073741,0.8349623725609467,2.2144388781206907,1.1398773647634206,0.9779518751360138
2019-09-27,-0.005331,0.5331,0.7141011647877865,0.8110788635425397,2.2023929280368506,1.0864077478552885,0.9779518751360138
2019-09-30,0.005035,0.5035000000000001,0.7054914133457211,0.8088341700102747,2.212486090545554,1.1240376159186134,0.9779518751360138
2019-10-01,-0.012334,1.2334,0.6957910021245785,0.7913587587454199,2.194890584256584,1.125257899550143,0.9779518751360138
2019-10-02,-0.018065,1.8065000000000002,0.7696583789960946,0.8944202244955414,2.2586431204558983,1.32576632967503,0.9779518751360138
2019-10-03,0.00794,0.7939999999999999,0.9192246482015453,1.0962462947616518,2.3647317307118696,1.6041179990885959,0.9779518751360138
2019-10-04,0.014117,1.4117,0.9067723763205962,1.0686069419130564,2.3491424590859977,1.299011670540338,0.9779518751360138
2019-10-07,-0.004488,0.4488,0.9606060526660468,1.082208395643828,2.349492633231328,1.5083481732676973,0.9779518751360138
2019-10-08,-0.015683,1.5682999999999998,0.9214196270926447,1.051235133576281,2.3482041691733793,1.2768235674908262,0.9779518751360138
2019-10-09,0.009063,0.9063,0.9927726540260408,1.167722978788337,2.4323964707056915,1.5815937622221454,0.9779518751360138
2019-10-10,0.006395,0.6395,0.9841800580993734,1.1362405429349158,2.4171841339806024,1.3378203049737283,0.9779518751360138
2019-10-11,0.01088,1.088,0.9557346317540485,1.0978580886190554,2.3959068563596184,1.2791430934418557,0.9779518751360138
2019-10-14,-0.001388,0.13879999999999998,0.965305131735675,1.0848437839577123,2.386542353885009,1.3658257103305678,0.9779518751360138
2019-10-15,0.009906,0.9906,0.9171573867844192,1.040804192522637,2.360837261405263,1.202642551592118,0.9779518751360138
2019-10-16,-0.002002,0.2002,0.9244679170421332,1.0260004546929953,2.3502705677870854,1.3054198015198024,0.9779518751360138
2019-10-17,0.002759,0.27590000000000003,0.8802126716136409,0.9871257668253969,2.3303941047402024,1.1520565001335656,0.9779518751360138
2019-10-18,-0.003927,0.3927,0.843862083696313,0.9493189125050193,2.3031471894113817,1.1489015111400978,0.9779518751360138
2019-10-21,0.006848,0.6848,0.8130267381294796,0.9241254884898296,2.2992610900040797,1.1344891254216587,0.9779518751360138
2019-10-22,-0.003575,0.3575,0.8033335946413691,0.9044992080596075,2.2832241068605095,1.1953637080821886,0.9779518751360138
2019-10-23,0.002843,0.2843,0.7750163541970997,0.8804940327910004,2.2773804635797243,1.1212287936010206,0.9779518751360138
2019-10-24,0.001919,0.1919,0.7526622681297587,0.8460315276144502,2.2521205330432927,1.1153309834304792,0.9779518751360138
2019-10-25,0.004064,0.4064,0.7276939294036942,0.8150051473874952,2.225472893249979,1.104277957898282,0.9779518751360138
2019-10-28,0.005566,0.5566,0.7140269208911357,0.7908179692291996,2.2050085237928836,1.1237818696704447,0.9779518751360138
2019-10-29,-0.000833,0.0833,0.7093500437204406,0.775331442951246,2.1889712603225626,1.1430084535995348,0.9779518751360138
2019-10-30,0.003248,0.3248,0.6869058673960606,0.7483896311731096,2.165869777187518,1.0910733621988946,0.9779518751360138
2019-10-31,-0.003027,0.3027,0.6721209795009574,0.7275433665621541,2.1453889851502277,1.1067681216496978,0.9779518751360138
2019-11-01,0.009616,0.9616,0.63155230846881,0.712827484888844,2.1400790661864333,1.0995788196850647,0.9779518751360138
2019-11-04,0.003697,0.36970000000000003,0.7031090755966297,0.7298265533930012,2.136274965777035,1.2340272542776354,0.9779518751360138
2019-11-05,-0.001186,0.1186,0.6872945727870671,0.7120658588663497,2.1178817911906163,1.1098195315005048,0.9779518751360138
2019-11-06,0.000702,0.0702,0.6645453488831354,0.6911043216556674,2.099744105246243,1.081399307332865,0.9779518751360138
2019-11-07,0.002726,0.2726,0.6472182726594505,0.6680654773915798,2.0751180410381793,1.0762096616830756,0.9779518751360138
2019-11-08,0.002557,0.2557,0.6325321729852325,0.652166971238806,2.056301431922867,1.0759273464319048,0.9779518751360138
2019-11-11,-0.001964,0.1964,0.6192788837361825,0.6365595857135136,2.037658499469058,1.0466027250585583,0.9779518751360138
2019-11-12,0.001563,0.1563,0.6089997149478481,0.6212489940007597,2.0278702652379113,1.037498794167974,0.9779518751360138
2019-11-13,0.000711,0.07110000000000001,0.593377536313971,0.606303018136085,2.007682411094122,1.0297972053273403,0.9779518751360138
2019-11-14,0.000837,0.0837,0.5778293476231983,0.5911188335135753,1.9860136050626225,1.0264339939811036,0.9779518751360138
2019-11-15,0.007666,0.7666000000000001,0.5640918922008107,0.5769297612230561,1.9653420755820556,1.0200334705782943,0.9779518751360138
2019-11-18,0.000503,0.0503,0.6018280538931642,0.5948774913108326,1.9622914152332638,1.1315989903671708,0.9779518751360138
2019-11-19,-0.000593,0.0593,0.5868696855212782,0.5787444568614147,1.9415085153817107,1.0357687391980894,0.9779518751360138
2019-11-20,-0.003763,0.37629999999999997,0.5748675611718977,0.5635160204717488,1.9245227624293957,1.0346015470218475,0.9779518751360138
2019-11-21,-0.001584,0.15839999999999999,0.5710765492770632,0.569132235661358,1.9318095100660884,1.0600233376676194,0.9779518751360138
2019-11-22,0.002173,0.2173,0.55743958667697,0.5593281964716544,1.922527285226623,1.0406385137020444,0.9779518751360138
2019-11-25,0.007479,0.7479,0.5489720794458377,0.5484728257707938,1.90712579690062,1.028547579599505,0.9779518751360138
2019-11-26,0.002193,0.2193,0.5855566584767813,0.5679829850594361,1.9054102631860586,1.1295097001354173,0.9779518751360138
2019-11-27,0.004166,0.4166,0.5784710239407028,0.5543877799992505,1.8905761505449092,1.048024029304672,0.9779518751360138
2019-11-29,-0.004019,0.4019,0.5751836655665505,0.5519903578528991,1.8811058068589337,1.0690281533710888,0.9779518751360138
2019-12-02,-0.008668,0.8668,0.5725618084134737,0.5605094074878555,1.8916563092826941,1.0716071296888614,0.9779518751360138
2019-12-03,-0.00666,0.666,0.6589487161516328,0.6366663916115961,1.937263039868823,1.1846873891031338,0.9779518751360138
2019-12-04,0.006304,0.6304,0.6388766283392704,0.660285085036067,1.966012647081517,1.1368071113429932,0.9779518751360138
2019-12-05,0.001499,0.14989999999999998,0.644613975015297,0.6581647285196494,1.9595423463777029,1.1366016279242257,0.9779518751360138
2019-12-06,0.009094,0.9094,0.6300787901543449,0.6350394526702066,1.9412872537424706,1.0725805770663572,0.9779518751360138
2019-12-09,-0.003168,0.31679999999999997,0.667375336590318,0.6552912535130793,1.9425545073982924,1.2165837520697043,0.9779518751360138
2019-12-10,-0.001098,0.10980000000000001,0.6475539885399889,0.6457288097017247,1.9448084452447827,1.0897914597756766,0.9779518751360138
2019-12-11,0.002904,0.2904,0.6240574623896492,0.6270191950522802,1.931508817233676,1.063120741496468,0.9779518751360138
2019-12-12,0.008539,0.8539,0.6084509567704485,0.6125891047625526,1.9176542058646928,1.066268038393724,0.9779518751360138
2019-12-13,7.3e-05,0.0073,0.644936467060026,0.6285777850514984,1.9182245365370414,1.1882416975093912,0.9779518751360138
2019-12-16,0.007122,0.7121999999999999,0.6280028866758686,0.60651628327921,1.8977148149611416,1.0520813141102736,0.9779518751360138
2019-12-17,0.000335,0.0335,0.6588405233407956,0.6144106205818168,1.8953972577401987,1.1462199903596169,0.9779518751360138
2019-12-18,-0.000432,0.043199999999999995,0.6165531548815153,0.5944506228365675,1.8762432085510896,1.0658180416937968,0.9779518751360138
2019-12-19,0.004449,0.44489999999999996,0.5968276996281157,0.5757845889468228,1.860045954510957,1.0608592960897312,0.9779518751360138
2019-12-20,0.004933,0.49329999999999996,0.5948592377228817,0.5672603531966495,1.852152109588793,1.0789478081909245,0.9779518751360138
2019-12-23,0.000866,0.0866,0.5969113673867327,0.5591387774102825,1.8456717037905512,1.0940828400080131,0.9779518751360138
2019-12-24,-0.000195,0.0195,0.5380103399541093,0.5274688601135306,1.829296132340071,1.040743300338753,0.9779518751360138
2019-12-26,0.005115,0.5115,0.5742229193087449,0.512334577165161,1.8127688772948674,1.0394052316589524,0.9779518751360138
2019-12-27,3.4e-05,0.0034,0.57813083273898,0.514246890896971,1.8079952722108494,1.0906564655289033,0.9779518751360138
2019-12-30,-0.005798,0.5798,0.5613772308126764,0.5000064669991783,1.790732307238672,1.0394688012634146,0.9779518751360138
2019-12-31,0.002942,0.2942,0.5738037681820521,0.5336938845318048,1.8175022805122625,1.0984535954240398,0.9779518751360138
2020-01-02,0.008344,0.8344,0.5657399855989332,0.5182040899275163,1.8070905058801223,1.0597681288376246,0.9779518751360138
2020-01-03,-0.007085,0.7085,0.6252028002174245,0.5359188307157468,1.810507235624375,1.1762612265139065,0.9779518751360138
2020-01-06,0.003527,0.3527,0.6276617585528794,0.5831521256265347,1.846492746098509,1.152184570544147,0.9779518751360138
2020-01-07,-0.002807,0.2807,0.6223030290145688,0.5692661050813848,1.8367520242452515,1.095285170766043,0.9779518751360138
2020-01-08,0.00489,0.48900000000000005,0.5852436667466759,0.5601399193893798,1.839522212079883,1.0793791157883315,0.9779518751360138
2020-01-09,0.006633,0.6633,0.5851300582530339,0.5547907352798308,1.8333895849106812,1.1101778261161588,0.9779518751360138
2020-01-10,-0.002859,0.2859,0.618543070120079,0.5609880539769142,1.831793512703464,1.1329364784488138,0.9779518751360138
2020-01-13,0.006952,0.6952,0.5823405080266506,0.5527713584460923,1.8350894864541962,1.0643143311541003,0.9779518751360138
2020-01-14,-0.001516,0.1516,0.6244578445651203,0.5608745494663538,1.834226942894357,1.139982145035614,0.9779518751360138
2020-01-15,0.001868,0.18680000000000002,0.5948035028257096,0.545322124979149,1.8274030226855211,1.065122073379385,0.9779518751360138
2020-01-16,0.008332,0.8332,0.5407105961529318,0.5295190337766379,1.814112348669689,1.058044424350887,0.9779518751360138
2020-01-17,0.003855,0.3855,0.6288376069141746,0.5515667877539882,1.8173248773081998,1.171503228506008,0.9779518751360138
2020-01-21,-0.002656,0.2656,0.6049648982308221,0.5402287772478457,1.8092242222211847,1.0871438351938534,0.9779518751360138
2020-01-22,0.000289,0.0289,0.5700507920044487,0.5323042273402139,1.8116836905904992,1.06324359259767,0.9779518751360138
2020-01-23,0.00114,0.11399999999999999,0.5288914953944135,0.5155511407949056,1.7949496427301876,1.051070850799317,0.9779518751360138
2020-01-24,-0.009083,0.9083000000000001,0.49926561795113145,0.5002660494908896,1.7808072261650674,1.0515906596199875,0.9779518751360138
2020-01-27,-0.015856,1.5856,0.6227233787506575,0.5929622482830019,1.8330311205847871,1.1847832147274877,0.9779518751360138
2020-01-28,0.010003,1.0003,0.75206880884508,0.8254170690451227,1.93660113494931,1.47034010861433,0.9779518751360138
2020-01-29,-0.000867,0.0867,0.9364971763649066,0.8265013298531471,1.9402676329103457,1.3030621983236255,0.9779518751360138
2020-01-30,0.003129,0.31289999999999996,0.8229111443969981,0.7913285558306573,1.9253784891009953,1.1611424201621434,0.9779518751360138
2020-01-31,-0.017864,1.7864000000000002,0.7450193273909157,0.7617546143334095,1.9122681827665486,1.1772687140156235,0.9779518751360138
2020-02-03,0.007228,0.7228,1.0618752505285658,0.9910917194747111,2.0291020875054913,1.624545059670553,0.9779518751360138
2020-02-04,0.014869,1.4869,0.983992983261295,0.9626105591887865,2.0229404859186237,1.2609240538985684,0.9779518751360138
2020-02-05,0.011188,1.1188,1.111316006961222,0.9895380050829893,2.036111168990648,1.5062016342110374,0.9779518751360138
2020-02-06,0.00332,0.332,1.0976588031304628,0.983666229297004,2.039589504071697,1.4195376741390133,0.9779518751360138
2020-02-07,-0.005415,0.5415,0.9672155158548095,0.9427098499777827,2.023382166273584,1.2712840857967191,0.9779518751360138
2020-02-10,0.0073,0.73,0.881619220837908,0.9232551621823761,2.0400090996827465,1.228200614435606,0.9779518751360138
2020-02-11,0.001687,0.1687,0.8522050615920731,0.8997531614564884,2.03366765391091,1.2633009781520792,0.9779518751360138
2020-02-12,0.006442,0.6442,0.7582793885230649,0.8610629484276893,2.013599495526945,1.1332764295175295,0.9779518751360138
2020-02-13,-0.001632,0.1632,0.7440998519030348,0.8387460358875567,2.0059681154255955,1.17163633799059,0.9779518751360138
2020-02-14,0.001842,0.1842,0.710347876656738,0.8045413000611151,1.9947262602092373,1.1078013562457847,0.9779518751360138
2020-02-18,-0.002924,0.2924,0.6803766195856077,0.7718098547478297,1.9762718605474319,1.1019660380882887,0.9779518751360138
2020-02-19,0.004695,0.46950000000000003,0.6580109222177406,0.7478533381771688,1.975638057332443,1.0981984756409018,0.9779518751360138
2020-02-20,-0.003823,0.3823,0.6482532405618273,0.7264008199468294,1.9648506244923005,1.1225179629297697,0.9779518751360138
2020-02-21,-0.010574,1.0574,0.6352252982666272,0.7115971580283346,1.9713224623785326,1.1035826432578577,0.9779518751360138
2020-02-24,-0.034088,3.4088,0.6890234547655127,0.7901764165756227,2.0290501536471264,1.2782946883250357,0.9779518751360138
2020-02-25,-0.030748,3.0748,2.018679310853883,1.4864574092428318,2.2742017838035884,2.4740706009530125,0.9779518751360138
2020-02-26,-0.003786,0.3786,2.417561515984188,1.8254265351582075,2.4813699665420184,2.4534955320317993,0.9779518751360138
2020-02-27,-0.045168,4.5168,1.9430999599649483,1.74127150007847,2.4701593293544213,1.6581097976310255,0.9779518751360138
2020-02-28,-0.008272,0.8271999999999999,1.8369333108790136,2.36943170997637,2.788631026024407,3.3516968664841995,0.9779518751360138
2020-03-02,0.045011,4.5011,1.7236715373958922,2.2723538243351196,2.7996429838792225,2.074524173660071,0.9779518751360138
2020-03-03,-0.02851,2.851,2.0956661106916954,2.4276328744372093,2.8613941812806765,3.4461642294005665,2.3043790462779636
2020-03-04,0.041336,4.1335999999999995,2.126206916848705,2.542539086525512,3.025919585342332,2.762369295731474,2.3043790462779636
2020-03-05,-0.034511,3.4511,2.3366697555861173,2.621620379373696,3.069232764139559,3.452780591349528,2.3043790462779636
2020-03-06,-0.017201,1.7201000000000002,2.4060112404931373,2.8072870511809422,3.272454210157514,3.1167758423409277,2.3043790462779636
2020-03-09,-0.07901,7.901,2.3058079135960097,2.7435241738015805,3.331614038968493,2.59331214966498,2.3043790462779636
2020-03-10,0.048215,4.8215,3.2317686915041666,3.9475332017251827,3.8941306910268403,5.5389920306044855,2.3043790462779636
2020-03-11,-0.050103,5.0103,3.350882663351368,3.932162688664635,3.9174685901712936,4.255148670739954,2.3043790462779636
2020-03-12,-0.099945,9.9945,3.469498057974759,4.180456795699801,4.204985449428027,4.414188693327461,2.3043790462779636
2020-03-13,0.088808,8.8808,5.302823018011986,5.460805981416725,4.894070178996179,7.206445234732587,2.3043790462779636
2020-03-16,-0.127652,12.765199999999998,4.912693558668941,5.627597721770378,4.972106591817737,7.065291835798433,2.3043790462779636
2020-03-17,0.058226,5.8225999999999996,5.96606370416212,7.175490525707579,5.850553946946687,9.327581505481472,2.3043790462779636
2020-03-18,-0.053222,5.3222,8.391516329573129,6.961025582898094,5.802544387054838,6.543332829621308,2.3043790462779636
2020-03-19,0.004697,0.4697,5.713191140272554,6.903261824801497,6.014250506544758,6.429586727325481,2.3043790462779636
2020-03-20,-0.044328,4.4328,5.386234032886959,6.554413535101886,5.8264387250001715,5.052123691617219,2.3043790462779636
2020-03-23,-0.029732,2.9732000000000003,5.230744695344948,6.441299298496757,5.968100095952058,5.38194177744427,2.3043790462779636
2020-03-24,0.089683,8.9683,3.561644990057728,6.2166240215419695,5.991088427435976,4.002771666895328,2.3043790462779636
2020-03-25,0.011469,1.1469,5.463053202357506,6.303558942116247,6.014074900142733,6.683086000785863,2.3043790462779636
2020-03-26,0.060544,6.0544,4.072456218619489,5.992479890058665,5.842726603086782,3.9050874860622518,2.3043790462779636
2020-03-27,-0.034268,3.4268,5.200563387780446,5.883544999169481,5.80088067663774,5.484246831215751,2.3043790462779636
2020-03-30,0.032967,3.2967000000000004,3.783472700502462,5.733942342356323,5.86712138984531,4.582474621915543,2.3043790462779636
2020-03-31,-0.016142,1.6142,4.825837916401656,5.50669025205659,5.75595096835748,4.551844168411305,2.3043790462779636
2020-04-01,-0.045146,4.5146,4.555583376266008,5.266045351962073,5.688646078595926,3.630028528675773,2.3043790462779636
2020-04-02,0.022573,2.2573,4.509493126070523,5.282124977358412,5.844109011039866,4.532536627927015,2.3043790462779636
2020-04-03,-0.015253,1.5252999999999999,2.6969927138487977,5.049313990138819,5.708700064839533,3.642768931417418,2.3043790462779636
2020-04-06,0.067968,6.7968,4.0299827583464936,4.832065519442252,5.637272673255637,3.4041264944182084,2.3043790462779636
2020-04-07,-0.001604,0.1604,4.920117964871598,4.888615212135481,5.624681720945514,5.422648734133532,2.3043790462779636
2020-04-08,0.033489,3.3489,3.816150172071104,4.646667367712591,5.457383149316797,3.6140320417090934,2.3043790462779636
2020-04-09,0.014383,1.4383,2.8627702671597004,4.493739114230292,5.368675259854001,3.989413873127229,2.3043790462779636
2020-04-13,-0.010156,1.0156,3.7294941071267638,4.287189128682938,5.237669250708295,3.510098460371162,2.3043790462779636
2020-04-14,0.030115,3.0115,3.482742859567909,4.094818235813589,5.152651611949695,3.4116457223603978,2.3043790462779636
2020-04-15,-0.022277,2.2277,3.3738638793241003,3.965183523528162,5.07102303337823,3.3640254438692936,2.3043790462779636
2020-04-16,0.0058,0.58,3.2096367163405306,3.863965847748585,5.084662579823338,3.0718972940676257,2.3043790462779636
2020-04-17,0.026441,2.6441,2.967871934559213,3.679565447574503,4.946921534286284,2.3534024838093464,2.3043790462779636
2020-04-20,-0.018043,1.8043,2.8743576410243623,3.562577315514095,4.866438515530481,2.80961658416233,2.3043790462779636
2020-04-21,-0.031155,3.1155,2.7128041011036754,3.4587007029848444,4.858509431066374,2.5434557795055137,2.3043790462779636
2020-04-22,0.022671,2.2671,2.558661185681081,3.4950246800881026,4.950160834875654,2.976583884237096,2.3043790462779636
2020-04-23,-0.00054,0.054,1.963247214995505,3.3748111114342687,4.860255773649542,2.6696944298552223,2.3043790462779636
2020-04-24,0.013822,1.3821999999999999,2.398360732567066,3.2146771483196055,4.723320241174118,2.284950774721416,2.3043790462779636
2020-04-27,0.014607,1.4607,2.2482150407747934,3.082273911857271,4.622738547850789,2.190570651268751,2.3043790462779636
2020-04-28,-0.005256,0.5256000000000001,2.1158353411292534,2.960365919000827,4.5288896530523095,2.1948986000496697,2.3043790462779636
2020-04-29,0.026237,2.6237,1.9482394392587117,2.8301341477548028,4.442333664787293,1.7994147758646422,2.3043790462779636
2020-04-30,-0.009255,0.9255,1.993344795742583,2.7768695914979213,4.38562036411766,2.3678232075896206,2.3043790462779636
2020-05-01,-0.02846,2.846,1.8571677883552857,2.6728480576540354,4.335343990026074,1.8569194885616338,2.3043790462779636
2020-05-04,0.004241,0.4241,1.952354883955632,2.7666390985640077,4.432257030485169,2.531709519810675,2.3043790462779636
2020-05-05,0.009,0.8999999999999999,1.8133967500793997,2.6424582451288,4.322049725470208,1.8216364159458382,2.3043790462779636
2020-05-06,-0.007004,0.7004,1.69462450127708,2.5334419484026163,4.2285980900001965,1.8783180225669986,2.3043790462779636
2020-05-07,0.011439,1.1439,1.5777760989517469,2.4352253161270028,4.168952912708173,1.736179817530431,2.3043790462779636
2020-05-08,0.016731,1.6731,1.4995193740448356,2.345549333746873,4.088510812311692,1.6967142993444713,2.3043790462779636
2020-05-11,0.000133,0.013300000000000001,1.5001841102219964,2.2807380839117477,4.024710575612659,1.7636077695167938,2.3043790462779636
2020-05-12,-0.020713,2.0713,1.3861112707475909,2.183072792924637,3.9231536833712255,1.4169338143681942,2.3043790462779636
2020-05-13,-0.017617,1.7617,1.5515892024260205,2.231078096070929,3.9803312377187017,1.9339781807714378,2.3043790462779636
2020-05-14,0.011459,1.1459000000000001,1.621888470659492,2.236348183134214,4.011407345144239,1.8714782293149979,2.3043790462779636
2020-05-15,0.003919,0.39189999999999997,1.2129704601006466,2.160058864232185,3.938144125270581,1.6728628325119783,2.3043790462779636
2020-05-18,0.031015,3.1015,1.302137048100155,2.0720688841783144,3.8496868667332595,1.4784496405356524,2.3043790462779636
2020-05-19,-0.01054,1.054,1.5584728111113353,2.1292210317062152,3.8319840308735817,2.483705036372073,2.3043790462779636
2020-05-20,0.016514,1.6514000000000002,1.4861779808578315,2.07906387118467,3.816574673983523,1.7150189417904398,2.3043790462779636
2020-05-21,-0.007804,0.7804,1.476514235050305,2.034907286416425,3.764410473417036,1.8652319951148169,2.3043790462779636
2020-05-22,0.002351,0.23509999999999998,1.253045499728644,1.9744930858641436,3.7316011122617154,1.6138584961823637,2.3043790462779636
2020-05-26,0.012214,1.2213999999999998,1.3058221541782802,1.89675218992834,3.6483827544934844,1.5342693613573857,2.3043790462779636
2020-05-27,0.014718,1.4718,1.2759562112047187,1.8477645504567528,3.592959876173184,1.5440251027428278,2.3043790462779636
2020-05-28,-0.00211,0.211,1.275125057342758,1.8139957861676406,3.5460963534653147,1.6388775135134412,2.3043790462779636
2020-05-29,0.004801,0.48009999999999997,1.195904766818179,1.7471813424969986,3.4805850817799038,1.3272099411170788,2.3043790462779636
2020-06-01,0.003744,0.3744,1.129032619059697,1.6874437538031144,3.4141006754382293,1.3429103465235495,2.3043790462779636
2020-06-02,0.008177,0.8177,1.0697977672535859,1.6290924184535398,3.3478079581977753,1.307460863276603,2.3043790462779636
2020-06-03,0.013557,1.3557,1.0368775110894661,1.5857254037419464,3.29516162486971,1.3576243717243734,0.9779518751360138
2020-06-04,-0.003374,0.3374,1.0617034810162198,1.568543849137921,3.257959626865572,1.4731194298494605,0.9779518751360138
2020-06-05,0.025874,2.5874,1.005578029990839,1.5216754643208914,3.2138042809460825,1.2530564209962773,0.9779518751360138
2020-06-08,0.01197,1.197,1.277478707498265,1.6051731648825138,3.210552934685256,2.078491122617559,0.9779518751360138
2020-06-09,-0.00783,0.783,1.2213120711326044,1.5787191376792946,3.172896582517562,1.6017070386309724,0.9779518751360138
2020-06-10,-0.005327,0.5327000000000001,1.173567720673792,1.554335060045562,3.1653695026765667,1.5060798777289337,0.9779518751360138
2020-06-11,-0.060753,6.0753,1.1175299583031169,1.5168397120838764,3.139475386017527,1.4263977581305995,0.9779518751360138
2020-06-12,0.012976,1.2975999999999999,2.1618321708520645,2.7118923817520897,3.555585408909639,4.174967383848645,2.3043790462779636
2020-06-15,0.008278,0.8278000000000001,2.080749290934415,2.6097520315101943,3.5060243089034833,2.185110656557237,2.3043790462779636
2020-06-16,0.018785,1.8785,1.9842058166953713,2.5020642659534276,3.447002437429446,2.087149335648985,2.3043790462779636
2020-06-17,-0.003607,0.3607,1.9623133333476241,2.436877823437115,3.416404557468182,2.355529195785949,2.3043790462779636
2020-06-18,0.000594,0.0594,1.862090000459854,2.3349782785852584,3.3674122625761185,2.0855533742870263,2.3043790462779636
2020-06-19,-0.005666,0.5666,1.7630677247350957,2.23539290256887,3.295349463282494,1.4123487489993398,2.3043790462779636
2020-06-22,0.006474,0.6474,1.6784318528244628,2.1522888698779505,3.2666562217962674,1.4199274250467873,2.3043790462779636
2020-06-23,0.004298,0.42979999999999996,1.244864335293061,2.0697113215116114,3.213158412741135,1.4182659467109826,2.3043790462779636
2020-06-24,-0.026195,2.6195,1.5226433372644763,1.9890655158188126,3.156497156900009,1.313222650505237,2.3043790462779636
2020-06-25,0.0109,1.09,1.5282006937650356,2.1486597243737657,3.2901198501442117,2.129198823806739,2.3043790462779636
2020-06-26,-0.024525,2.4525,1.5766768835246574,2.077843739988857,3.246564436352938,1.617323920122373,2.3043790462779636
2020-06-29,0.014579,1.4579,1.6854582798390791,2.196052006998317,3.363260443808798,2.164526553683276,2.3043790462779636
2020-06-30,0.015292,1.5292,1.652911865603645,2.1355197492083953,3.325763295323128,1.8566410828967457,2.3043790462779636
2020-07-01,0.00501,0.501,1.6287740212433959,2.0825890833315555,3.2915866125158377,1.916236476403682,2.3043790462779636
2020-07-02,0.004531,0.45310000000000006,1.5475642752329248,2.0024730063068445,3.2334733958754738,1.595561236963345,2.3043790462779636
2020-07-06,0.015757,1.5757,1.4712346457547356,1.9267618564601618,3.176557236965359,1.5704199483577634,2.3043790462779636
2020-07-07,-0.010877,1.0877,1.4715823686520753,1.8929583619377497,3.1496543592380832,1.7486818340109784,2.3043790462779636
2020-07-08,0.007797,0.7797000000000001,1.4339984497446638,1.8662419085363546,3.165961605057615,1.5991025904237663,2.3043790462779636
2020-07-09,-0.00566,0.5660000000000001,1.2657524601856227,1.806372664313012,3.119816541589352,1.4802449375018987,2.3043790462779636
2020-07-10,0.010412,1.0412,1.324534476890396,1.753055248325509,3.0982417434320877,1.443436944760664,2.3043790462779636
2020-07-13,-0.009407,0.9407000000000001,1.119344809387182,1.7097731526500675,3.0612683547249806,1.5518562020045543,2.3043790462779636
2020-07-14,0.013317,1.3317,1.089167075099106,1.6873529912149736,3.0700958742092155,1.4995602592760318,2.3043790462779636
2020-07-15,0.009041,0.9041,1.2545278628145298,1.6617937040669752,3.0414291945499867,1.4979053625646717,2.3043790462779636
2020-07-16,-0.003412,0.3412,1.2170431652214895,1.6207348414047897,3.003331184002319,1.3831177971886561,2.3043790462779636
2020-07-17,0.002845,0.2845,1.1538992909345178,1.5722708025144818,2.969688253547748,1.284424927272902,2.3043790462779636
2020-07-20,0.008372,0.8371999999999999,0.9710434372184974,1.5236560154404608,2.919149915505819,1.242039744090341,2.3043790462779636
2020-07-21,0.001678,0.1678,0.9403615008441011,1.4911231199633472,2.884195150637794,1.324506405005276,2.3043790462779636
2020-07-22,0.005731,0.5730999999999999,0.8584311873533077,1.447242808380822,2.8341014299346963,1.1892796007247413,2.3043790462779636
2020-07-23,-0.012396,1.2396,0.7858886692786865,1.4130084403993448,2.79590200040166,1.220746995368,2.3043790462779636
2020-07-24,-0.00621,0.621,0.9364849553001684,1.4507904476733893,2.8378686478861432,1.4175567277537784,2.3043790462779636
2020-07-27,0.007368,0.7368,0.8891273776186848,1.428474867903959,2.8315200157848985,1.2755076420782434,0.9779518751360138
2020-07-28,-0.006494,0.6494,0.8722215954117046,1.4004849175444694,2.7974606334322427,1.268574216551795,0.9779518751360138
2020-07-29,0.012352,1.2352,0.8414193988297377,1.384057710793127,2.794788391619936,1.258104407312843,0.9779518751360138
2020-07-30,-0.003757,0.3757,0.9727468227752697,1.381294667681252,2.7744674261269346,1.4128596502837782,0.9779518751360138
2020-07-31,0.007641,0.7641,0.9003921352724504,1.3522487692402616,2.7522376630105554,1.1865929038638316,0.9779518751360138
2020-08-03,0.007155,0.7155,0.8704006877853044,1.3287420021193774,2.7218490750153093,1.2479156869756867,0.9779518751360138
2020-08-04,0.003605,0.3605,0.8562468540114485,1.307695017046565,2.6914123750380274,1.2380948747571812,0.9779518751360138
2020-08-05,0.006409,0.6409,0.7841762465952619,1.2798719358839898,2.6533503266933702,1.1751284690194514,0.9779518751360138
2020-08-06,0.006407,0.6407,0.7709309936766988,1.2600492628508617,2.6236171515433924,1.1796548495640578,0.9779518751360138
2020-08-07,0.000633,0.0633,0.7608554315835564,1.2427237074952704,2.594974493068735,1.1831866564916966,0.9779518751360138
2020-08-10,0.002738,0.2738,0.6788049597270387,1.2164380599286013,2.5531366177705928,1.1030999668661041,0.9779518751360138
2020-08-11,-0.008001,0.8000999999999999,0.6232084495191718,1.193894037454019,2.518002973152879,1.1013596393549203,0.9779518751360138
2020-08-12,0.0139,1.39,0.7025437815172363,1.206774232281399,2.5371271541203653,1.1987424310501402,0.9779518751360138
2020-08-13,-0.002049,0.2049,0.8347355635524282,1.232031727902945,2.5302498652599046,1.410997901841105,0.9779518751360138
2020-08-14,-0.000172,0.0172,0.7984808028976248,1.2085600980563245,2.5043623162608433,1.135759360472103,0.9779518751360138
2020-08-17,0.002706,0.2706,0.7624162024302945,1.1846839637107034,2.4655074083823165,1.1255953059159405,0.9779518751360138
2020-08-18,0.002301,0.2301,0.7333171603483757,1.1648136299149192,2.433430248735364,1.136641244676613,0.9779518751360138
2020-08-19,-0.004414,0.4414,0.7050371920072622,1.1461282127162706,2.401489389936399,1.11774018188486,0.9779518751360138
2020-08-20,0.003154,0.3154,0.6886105975205025,1.1399270009158677,2.3978255282296046,1.090737014820713,0.9779518751360138
2020-08-21,0.003435,0.3435,0.5709874506325895,1.122251122886698,2.369227259759323,1.077262803451414,0.9779518751360138
2020-08-24,0.009994,0.9994,0.6493569993176425,1.1085870994713836,2.3423303585296984,1.0825584049833061,0.9779518751360138
2020-08-25,0.00359,0.359,0.7588305732623842,1.1205587717764813,2.332636993181369,1.2370820590001295,0.9779518751360138
2020-08-26,0.010144,1.0144,0.6879027713793807,1.1075904757839081,2.30738864622822,1.1081014141765184,0.9779518751360138
2020-08-27,0.001672,0.16720000000000002,0.8283711718772226,1.1200541963642088,2.299275138075222,1.2640588219303721,0.9779518751360138
2020-08-28,0.00671,0.6709999999999999,0.7353694470664627,1.1044604293011608,2.2704314175616536,1.1132150506079228,0.9779518751360138
2020-08-31,-0.002197,0.2197,0.7496215434393385,1.101708642982691,2.2550393137771527,1.1816207934443266,0.9779518751360138
2020-09-01,0.007497,0.7497,0.6666256700662521,1.0897080886686141,2.239875256042853,1.094338348409668,0.9779518751360138
2020-09-02,0.015249,1.5249000000000001,0.7170544589098382,1.0911463855176586,2.22747447131365,1.1845557306433496,0.9779518751360138
2020-09-03,-0.035758,3.5757999999999996,1.0724890134575948,1.1409010920045914,2.2348534005908034,1.4547265404879366,0.9779518751360138
2020-09-04,-0.008166,0.8166,2.306243674921422,1.749645756850216,2.485076384576042,2.5825676215735376,0.9779518751360138
2020-09-08,-0.028149,2.8149,1.9265606389744387,1.714420203194433,2.5066627041187224,1.5631325897376716,0.9779518751360138
2020-09-09,0.019945,1.9945000000000002,2.3128677762499494,1.9624019981281982,2.6831870958854673,2.3517925165711366,0.9779518751360138
2020-09-10,-0.017741,1.7741,2.186926289295614,1.9489508786987435,2.686013702841986,2.096343475721476,0.9779518751360138
2020-09-11,0.000533,0.05330000000000001,2.0668758351775973,1.988205399729768,2.7733165033451583,2.0454822062046882,0.9779518751360138
2020-09-14,0.012661,1.2661,1.766367895161671,1.9102648873354235,2.724630308465904,1.5198708852070297,0.9779518751360138
2020-09-15,0.005206,0.5206,1.6712789129429286,1.8635733812966255,2.707736148563567,1.709662519563437,0.9779518751360138
2020-09-16,-0.00463,0.46299999999999997,1.4347004274059934,1.7982043489889379,2.673014858649946,1.4141723295977757,0.9779518751360138
2020-09-17,-0.008448,0.8448000000000001,1.224777539226118,1.7412369012739428,2.6611106088691736,1.3252830106811149,0.9779518751360138
2020-09-18,-0.011246,1.1246,1.3325648752009918,1.7089642504882128,2.6783134728008227,1.3384753912567837,0.9779518751360138
2020-09-21,-0.011639,1.1639,1.3139311514812704,1.702415144483204,2.7160676627843907,1.4395174756493927,0.9779518751360138
2020-09-22,0.010463,1.0463,1.2017685375125384,1.7000745771120767,2.755363012164326,1.4492709935343355,0.9779518751360138
2020-09-23,-0.024007,2.4007,1.213168973259937,1.6610791311740387,2.731855243401207,1.4383290325235043,0.9779518751360138
2020-09-24,0.002983,0.2983,1.5148180662080348,1.8402742783269792,2.8662349362117947,2.0229185494230855,0.9779518751360138
2020-09-25,0.01585,1.585,1.4045457950473315,1.7735089203157721,2.820037282879684,1.4351260829279078,0.9779518751360138
2020-09-28,0.015982,1.5982,1.4688678473387407,1.753711107674471,2.8074478716233267,1.7338987983155185,0.9779518751360138
2020-09-29,-0.004824,0.4824,1.50561730557582,1.7361522533340723,2.795665169793716,1.763048095600344,0.9779518751360138
2020-09-30,0.00822,0.822,1.3328739996422785,1.6838363332968482,2.780573230022046,1.4987085683347512,0.9779518751360138
2020-10-01,0.005279,0.5279,1.244054864350629,1.638462469693735,2.750558175748984,1.4485034336859544,0.9779518751360138
2020-10-02,-0.009624,0.9624,1.0829905140552831,1.5886300825374349,2.714410776213989,1.4045981899817472,0.9779518751360138
2020-10-05,0.017813,1.7812999999999999,1.0705610286346499,1.5791608287296337,2.7384823802490144,1.4519002755354793,0.9779518751360138
2020-10-06,-0.014072,1.4072,1.3335563982244396,1.589703663058994,2.7338883604321915,1.7146440649300951,0.9779518751360138
2020-10-07,0.017247,1.7247,1.36505687336627,1.6263445747723648,2.791067309133099,1.5872324368850328,0.9779518751360138
2020-10-08,0.007978,0.7978000000000001,1.531886322094373,1.6288679833699151,2.7830666706271394,1.7402158219312915,0.9779518751360138
2020-10-09,0.008755,0.8755000000000001,1.2629038713503473,1.5868685142144356,2.7523583068791564,1.469221182633847,0.9779518751360138
2020-10-12,0.016283,1.6282999999999999,1.3085012245277852,1.550892037994117,2.724733857612828,1.4705162924632966,0.9779518751360138
2020-10-13,-0.006327,0.6327,1.2065785062075731,1.554857716091088,2.7168485966735796,1.6690891417776343,0.9779518751360138
2020-10-14,-0.006645,0.6645,1.188067131918456,1.5247358382212548,2.715995631259201,1.3810036329423614,0.9779518751360138
2020-10-15,-0.001529,0.1529,1.1469236505111284,1.4990644054046995,2.7175606233634966,1.3259006713174255,0.9779518751360138
2020-10-16,0.000135,0.0135,1.092879331480686,1.4554415079150063,2.680943760411992,1.253948205030814,0.9779518751360138
2020-10-19,-0.016465,1.6465,1.0040588641722148,1.4138094819482183,2.6347301838635935,1.2313190071626443,0.9779518751360138
2020-10-20,0.004716,0.47159999999999996,1.1152968454833727,1.5077584512780828,2.7141627880260883,1.5774879812854359,0.9779518751360138
2020-10-21,-0.002198,0.2198,1.0566301376836862,1.4670747419138557,2.6779921878578286,1.263477934037631,0.9779518751360138
2020-10-22,0.005205,0.5205000000000001,1.0286597276472125,1.4271511056284603,2.6478059048706473,1.2242487506630342,0.9779518751360138
2020-10-23,0.00344,0.344,0.8412630010022283,1.3936618709403823,2.6153048769457063,1.2582973229725953,0.9779518751360138
2020-10-26,-0.018764,1.8763999999999998,0.7616684679989221,1.3593805820432878,2.579642564448712,1.216777155275361,0.9779518751360138
2020-10-27,-0.00303,0.303,1.0898820852923916,1.5006235923003712,2.6790480853659884,1.659623392489995,0.9779518751360138
2020-10-28,-0.035926,3.5926,1.0474673846209313,1.4603899252728452,2.654999173138179,1.233748761012549,0.9779518751360138
2020-10-29,0.011877,1.1877,2.269615893103053,1.9570455967195717,2.888134614680199,2.6234342186721586,0.9779518751360138
2020-10-30,-0.012204,1.2204,1.9541170593743242,1.904273147504727,2.86305356120639,1.7143274958128625,0.9779518751360138
2020-11-02,0.012243,1.2243,1.7928866908595484,1.8887955192826618,2.900925525804122,1.7483932048026265,0.9779518751360138
2020-11-03,0.017643,1.7643,1.668567202159405,1.8428855559616966,2.8762567062290736,1.7178766389645095,0.9779518751360138
2020-11-04,0.021808,2.1808,1.4266993727880448,1.8276346618653734,2.8659634684132413,1.9284884452337274,0.9779518751360138
2020-11-05,0.019273,1.9272999999999998,1.5020280809350572,1.8411738349035967,2.8664643816133415,1.954722501584304,0.9779518751360138
2020-11-06,-0.000288,0.0288,1.8831934502361178,1.8362120236719803,2.8606142373065886,1.900532257079579,0.9779518751360138
2020-11-09,0.011632,1.1632,1.6399254961117964,1.7691643134345463,2.8094258128062233,1.4809432477309858,0.9779518751360138
2020-11-10,-0.001401,0.1401,1.4215360470254927,1.7304524728085795,2.786763749002912,1.6324452523744863,0.9779518751360138
2020-11-11,0.007623,0.7623,1.350354955151086,1.6713029658067309,2.746599112275168,1.4160257802384815,0.9779518751360138
2020-11-12,-0.010029,1.0029,1.1813176411988744,1.6262386884384856,2.7163915773021423,1.3894080830699091,0.9779518751360138
2020-11-13,0.013519,1.3518999999999999,1.2801509060597993,1.6177100552467052,2.7434543869298804,1.3865917537977788,0.9779518751360138
2020-11-16,0.011581,1.1581,1.2875676751787821,1.6005759435635216,2.7279828085768183,1.527659810134442,0.9779518751360138
2020-11-17,-0.004803,0.4803,1.2879276124620338,1.5756811939374678,2.7082804361660764,1.4751132328401098,0.9779518751360138
2020-11-18,-0.011631,1.1631,1.228640876710148,1.537091503849667,2.6963464781906965,1.3424790802466906,0.9779518751360138
2020-11-19,0.003939,0.3939,1.2276633098410739,1.553293036169968,2.736340129947421,1.4925515822577122,0.9779518751360138
2020-11-20,-0.006816,0.6816,1.061403257090331,1.5088835247272911,2.6974238725516244,1.3254520437194246,0.9779518751360138
2020-11-23,0.00562,0.562,1.013530728454408,1.4866249090692143,2.7009727903755736,1.33697417884565,0.9779518751360138
2020-11-24,0.016032,1.6032000000000002,0.9694648694142052,1.450551225778873,2.66752511166183,1.293974883759341,0.9779518751360138
2020-11-25,-0.001586,0.1586,1.2493204230940633,1.464803892373489,2.6611616556123874,1.6212051243442331,0.9779518751360138
2020-11-27,0.002394,0.23939999999999997,1.1456900474399643,1.4249875375904921,2.627063028262376,1.2739333845221266,0.9779518751360138
2020-11-30,-0.004606,0.4606,1.1081655253424612,1.3879512133548886,2.588389884752036,1.2759098913324562,0.9779518751360138
2020-12-01,0.011208,1.1208,1.0817617763482497,1.363560772773534,2.579434776130017,1.240986806859767,0.9779518751360138
2020-12-02,0.00179,0.179,1.1034328973610708,1.3584515402744735,2.5643143364622207,1.400121025018909,0.9779518751360138
2020-12-03,-0.000624,0.0624,1.0709228574292955,1.3262188265874153,2.5264419639033675,1.1683406629489534,0.9779518751360138
2020-12-04,0.008797,0.8796999999999999,1.0407135177670606,1.2957754052972346,2.4901362110701406,1.1571268691893728,0.9779518751360138
2020-12-07,-0.001938,0.1938,1.0493742556975147,1.2860800739577352,2.472257698768507,1.2759466159287385,0.9779518751360138
2020-12-08,0.002783,0.2783,1.0238859331616401,1.2609334233994078,2.4476243197656244,1.1457185745199385,0.9779518751360138
2020-12-09,-0.007981,0.7981,1.0031821589342025,1.2376055235490109,2.416372867755725,1.1043271981165728,0.9779518751360138
2020-12-10,-0.001286,0.1286,1.0113402300041086,1.2505331350758988,2.43903673992608,1.2074869402192305,0.9779518751360138
2020-12-11,-0.001266,0.1266,0.9892313494890993,1.227137567694147,2.4107434133763266,1.1082731714248073,0.9779518751360138
2020-12-14,-0.004369,0.43689999999999996,0.7311808353858456,1.205522814046779,2.3832960764925306,1.0874668299309178,0.9779518751360138
2020-12-15,0.012838,1.2838,0.9599821700887442,1.1962103594375828,2.379935001655335,1.1176225736356615,0.9779518751360138
2020-12-16,0.001771,0.1771,1.0245618261797524,1.2181870918118227,2.3760203546665637,1.3637398362224373,0.9779518751360138
2020-12-17,0.005741,0.5740999999999999,0.9205396180825923,1.197305653627142,2.3447793248119075,1.1133801625680242,0.9779518751360138
2020-12-18,-0.003517,0.3517,0.9946800712105442,1.1858323762595668,2.3244372150432056,1.1630398743809258,0.9779518751360138
2020-12-21,-0.003914,0.39139999999999997,0.9785329645857315,1.174397438275945,2.316751280293514,1.1340138646418747,0.9779518751360138
2020-12-22,-0.002075,0.2075,0.9651534018025543,1.1657979625562755,2.3123005507600705,1.1322788897617053,0.9779518751360138
2020-12-23,0.000746,0.0746,0.9466149421010569,1.1512168523380986,2.2942771298569022,1.0705517758146965,0.9779518751360138
2020-12-24,0.00353,0.35300000000000004,0.9306795101307145,1.1354738862928295,2.2633182252355892,1.0615183155273393,0.9779518751360138
2020-12-28,0.008685,0.8685,0.9147883012613048,1.1241867556443563,2.2402857776098952,1.0743720117352276,0.9779518751360138
2020-12-29,-0.00223,0.22300000000000003,0.938582325424454,1.1310742196421504,2.2308278249920788,1.1808220606001567,0.9779518751360138
2020-12-30,0.001341,0.1341,0.9186772766522605,1.1198914502435509,2.216727045794927,1.068541741861309,0.9779518751360138
2020-12-31,0.006418,0.6418,0.8973895900027618,1.1070398504127896,2.189848422566875,1.0624370972909407,0.9779518751360138
2021-01-04,-0.014865,1.4865,0.9003077879059119,1.1063607613169726,2.1764436231914286,1.1371122239251499,0.9779518751360138
2021-01-05,0.007058,0.7058,1.0027064566292516,1.2283941118285295,2.2604689525977224,1.4341843516089554,0.9779518751360138
2021-01-06,0.005694,0.5694,1.0868807292456584,1.2183879141322513,2.246281522685557,1.2029723815200413,0.9779518751360138
2021-01-07,0.014738,1.4738,0.9819927727044819,1.2048834260144663,2.229187527978185,1.1857221303070968,0.9779518751360138
2021-01-08,0.005477,0.5477,1.059723142678313,1.238850290819603,2.2352257017422392,1.48186364406446,0.9779518751360138
2021-01-11,-0.006576,0.6576000000000001,1.1170854600767923,1.2229624539236572,2.2179658783382887,1.2395923558170243,0.9779518751360138
2021-01-12,0.000416,0.0416,1.0212450041871668,1.2261619500852556,2.2369307905080755,1.2164975431130143,0.9779518751360138
2021-01-13,0.002273,0.22729999999999997,0.9852109002906392,1.2040502044645658,2.2070949009353034,1.1370932402841907,0.9779518751360138
2021-01-14,-0.003761,0.3761,0.9541203530158032,1.1848725493701595,2.1828416544721008,1.1377417992233563,0.9779518751360138
2021-01-15,-0.007216,0.7216,0.9283234521821115,1.1746773393208125,2.181792631822615,1.097860463082627,0.9779518751360138
2021-01-19,0.008103,0.8103000000000001,0.9250694272208034,1.1881312308748284,2.206833164649686,1.163863864289978,0.9779518751360138
2021-01-20,0.013839,1.3839000000000001,0.928587041650975,1.1861128331692472,2.1970519141856593,1.1856096602170547,0.9779518751360138
2021-01-21,0.000317,0.0317,0.9988469235998387,1.2161662300089837,2.201922700704748,1.40706180582091,0.9779518751360138
2021-01-22,-0.003015,0.3015,1.0426124825411185,1.1946420610126034,2.173008908574827,1.1417251990737527,0.9779518751360138
2021-01-25,0.003609,0.3609,0.9259854788556745,1.1797190962293078,2.166698007740727,1.1539669242227006,0.9779518751360138
2021-01-26,-0.00149,0.149,0.8967811765043181,1.164548509826819,2.147090510456104,1.1496756245567703,0.9779518751360138
2021-01-27,-0.026013,2.6013,0.9333968689035278,1.1489311003436669,2.1302634549684285,1.1160939253933786,0.9779518751360138
2021-01-28,0.009713,0.9712999999999999,1.1817353768041219,1.49577992748767,2.3046160102905002,1.9912229422894865,0.9779518751360138
2021-01-29,-0.0195,1.95,1.4785061241628392,1.4714255631249662,2.2955209954637215,1.4112171274470844,0.9779518751360138
2021-02-01,0.015924,1.5924,1.6557030861648971,1.606401964038122,2.4115291456420964,1.8014961648030225,0.9779518751360138
2021-02-02,0.013803,1.3802999999999999,1.2976575159607255,1.6037065625962947,2.414212390308253,1.7237201258905113,0.9779518751360138
2021-02-03,0.001008,0.1008,1.3039018039107637,1.589506576794254,2.411498483623024,1.697759336920283,0.9779518751360138
2021-02-04,0.010795,1.0795000000000001,1.2421788036460502,1.5399701301949775,2.3771394114801114,1.3452507682956365,0.9779518751360138
2021-02-05,0.00389,0.38899999999999996,1.228675011002596,1.517201245462062,2.368227640869559,1.488917615820298,0.9779518751360138
2021-02-08,0.007372,0.7372,1.1783994346402564,1.4756847342248862,2.342490762958323,1.2804049604714909,0.9779518751360138
2021-02-09,-0.001114,0.1114,1.147818155946072,1.4456651361025505,2.326273747471872,1.2881548417795121,0.9779518751360138
2021-02-10,-0.000345,0.034499999999999996,1.0983753856795764,1.4069748762068894,2.3006307725366204,1.1568527070461476,0.9779518751360138
2021-02-11,0.001661,0.1661,1.0521789395388255,1.3707177914815782,2.270167895658888,1.1536269819573397,0.9779518751360138
2021-02-12,0.0047,0.47000000000000003,1.0108539727336967,1.33781234944507,2.242284971454544,1.1259584812949366,0.9779518751360138
2021-02-16,-0.000569,0.05689999999999999,0.9822006363703468,1.3119319075403575,2.222860765406727,1.158364239995348,0.9779518751360138
2021-02-17,-0.00032,0.032,0.9454887723215026,1.2831570752425006,2.1966827210222304,1.1102828582843203,0.9779518751360138
2021-02-18,-0.004426,0.44260000000000005,0.9119526457305932,1.2565573728086856,2.169531292305577,1.1089931614757595,0.9779518751360138
2021-02-19,-0.001857,0.1857,0.891495358545364,1.2428813591486287,2.173915393017481,1.143024387666335,0.9779518751360138
2021-02-22,-0.007763,0.7763,0.8651776595949274,1.2175720517960962,2.158926725100364,1.115438863004154,0.9779518751360138
2021-02-23,0.001256,0.1256,0.7869099236407858,1.2277074862911725,2.188886522771051,1.205337298560034,0.9779518751360138
2021-02-24,0.011288,1.1288,0.8470052039661277,1.2052459730641036,2.1627246170993866,1.117289021471168,0.9779518751360138
2021-02-25,-0.024783,2.4783,0.896637816195028,1.209503018346281,2.1623447952163195,1.3330425663871353,0.9779518751360138
2021-02-26,-0.004762,0.47619999999999996,1.159994731155408,1.508244072676593,2.3255040978900325,1.9742359990386154,0.9779518751360138
2021-03-01,0.023512,2.3512,1.118891511855443,1.4689862121001656,2.327101812773441,1.356786200475226,0.9779518751360138
2021-03-02,-0.008114,0.8114,1.2834437540541779,1.537386261698155,2.3518356971328234,1.9948668693173486,0.9779518751360138
2021-03-03,-0.013152,1.3152000000000001,1.244837996762656,1.5163436099638894,2.37779967695898,1.5201246485074835,0.9779518751360138
2021-03-04,-0.013508,1.3508,1.2480223915343285,1.5473082771694062,2.4413254319037456,1.6408438473541596,0.9779518751360138
2021-03-05,0.019308,1.9307999999999998,1.2522469323992946,1.5809711941538598,2.505268341246371,1.5682593870913066,0.9779518751360138
2021-03-08,-0.005374,0.5374,1.601242408843883,1.585742368003764,2.513040704121627,1.8313664960078309,0.9779518751360138
2021-03-09,0.014055,1.4055,1.265075307241004,1.5399697780386503,2.5125778052758285,1.3559544996422261,0.9779518751360138
2021-03-10,0.006012,0.6012,1.2706834107482343,1.5220449145620172,2.506958762647991,1.5862087958399422,0.9779518751360138
2021-03-11,0.010342,1.0342,1.2231888359968845,1.4511604949674541,2.4815319026428786,1.3679052923722461,0.9779518751360138
2021-03-12,0.001015,0.1015,1.2054238980402743,1.4044953318587532,2.4677865488830815,1.4418617676115832,0.9779518751360138
2021-03-15,0.006471,0.6471,1.1412849176449382,1.307404852186009,2.431381471103022,1.218663000956376,0.9779518751360138
2021-03-16,-0.001571,0.1571,1.1293274823226211,1.2618233283910203,2.409811993201005,1.2806498453910031,0.9779518751360138
2021-03-17,0.002875,0.2875,1.0859621425413077,1.2097945493986724,2.3846283188881245,1.1768898198642046,0.9779518751360138
2021-03-18,-0.014871,1.4871,1.0416264613739448,1.1709455836038811,2.355812413660524,1.1778164726306046,0.9779518751360138
2021-03-19,-0.000603,0.0603,1.0989372136184172,1.2560430066211472,2.4334006505731276,1.4909497957342495,0.9779518751360138
2021-03-22,0.007001,0.7001000000000001,1.04994167703669,1.2082097562265397,2.400229261537379,1.2040833993955735,0.9779518751360138
2021-03-23,-0.00766,0.766,1.0401112106148107,1.152669525449623,2.3810543695309603,1.275664435970526,0.9779518751360138
2021-03-24,-0.005482,0.5482,1.0091097330718235,1.148239168182946,2.4025458946395912,1.3039871932653329,0.9779518751360138
2021-03-25,0.005227,0.5226999999999999,1.0034480596762811,1.114416777247754,2.4068385351468367,1.2689570398953622,0.9779518751360138
2021-03-26,0.016494,1.6494000000000002,0.9820231605149526,1.07782969977269,2.383037752923379,1.2194152363735662,0.9779518751360138
2021-03-29,-0.000868,0.0868,1.0744230672427544,1.113323088267564,2.38814765207878,1.5877678226365468,0.9779518751360138
2021-03-30,-0.003163,0.3163,1.0412336154212263,1.07251146315149,2.3585292722074214,1.2170295000122224,0.9779518751360138
2021-03-31,0.003616,0.3616,1.0027557363108155,1.0333207975648733,2.3469778539090664,1.2178136086035498,0.9779518751360138
2021-04-01,0.011756,1.1756,0.973677781511799,0.9997977360245001,2.32129297928096,1.1956831102762973,0.9779518751360138
2021-04-05,0.014335,1.4335,1.0035434147327649,1.0073929756729856,2.316707684983968,1.3933313455169234,0.9779518751360138
2021-04-06,-0.000974,0.0974,1.0668450220223669,1.0181257530667138,2.31871164969151,1.4629417197550967,0.9779518751360138
2021-04-07,0.001474,0.1474,1.023392457850657,0.982105706269002,2.2922885019881356,1.1858589571698652,0.9779518751360138
2021-04-08,0.004212,0.42119999999999996,0.9915741714400396,0.9442335647673583,2.26318190335902,1.1699503030898364,0.9779518751360138
2021-04-09,0.00769,0.769,0.9656781003889923,0.9172249222810227,2.2418389664868372,1.1937160672873597,0.9779518751360138
2021-04-12,-0.000196,0.0196,0.9615678798619098,0.9062136189564286,2.2298439416545786,1.228234481359321,0.9779518751360138
2021-04-13,0.003289,0.32889999999999997,0.9334480863037906,0.8728926109756757,2.20065948861128,1.0838981451225018,0.9779518751360138
2021-04-14,-0.004096,0.40959999999999996,0.9128438022627376,0.846383874061981,2.1791133784191405,1.099485979537711,0.9779518751360138
2021-04-15,0.011033,1.1033,0.8930635184151752,0.8345779170603043,2.180699555640577,1.1135824059314157,0.9779518751360138
2021-04-16,0.003602,0.3602,0.9356146265474887,0.8508000203853493,2.179088369835305,1.2952865868602206,0.9779518751360138
2021-04-19,-0.005321,0.5321,0.9132224093339204,0.827045644974452,2.1590370797294716,1.1271586238413829,0.9779518751360138
2021-04-20,-0.006826,0.6826,0.906984941063085,0.8212822702584919,2.1704767043225606,1.1589397350164503,0.9779518751360138
2021-04-21,0.009263,0.9263,0.9111614700899088,0.834244247562927,2.1929340366870913,1.187912643421224,0.9779518751360138
2021-04-22,-0.009253,0.9253000000000001,0.9271270040977593,0.839428343343204,2.1865056353520265,1.2642496200118076,0.9779518751360138
2021-04-23,0.010869,1.0869,0.9543773038276794,0.8832720668853943,2.2268873356355625,1.2568508242826593,0.9779518751360138
2021-04-26,0.001781,0.1781,0.9719246789156529,0.8937185489420336,2.223320440288653,1.3276017613727396,0.9779518751360138
2021-04-27,-0.000215,0.0215,0.9411790688502712,0.8641189573587598,2.1973042773080724,1.1586123391799346,0.9779518751360138
2021-04-28,-0.000846,0.0846,0.9128742351318853,0.8327533550051583,2.1693449172821295,1.1405201074509823,0.9779518751360138
2021-04-29,0.00674,0.674,0.8546403968358481,0.8062500977520238,2.1469892053455317,1.1067715347803269,0.9779518751360138
2021-04-30,-0.007221,0.7221,0.8953665785051442,0.7943625996181228,2.135769532723659,1.166956724304719,0.9779518751360138
2021-05-03,0.002744,0.2744,0.8957034395720055,0.8163735823532877,2.162395068675907,1.1618561765984634,0.9779518751360138
2021-05-04,-0.006701,0.6701,0.8722403410340476,0.7930656291013466,2.140784180652061,1.0935369955333016,0.9779518751360138
2021-05-05,0.000703,0.0703,0.8710066555660088,0.8086341396514991,2.16329125432757,1.1594032862641024,0.9779518751360138
2021-05-06,0.008132,0.8132,0.8455813383132551,0.7829523633582842,2.1366043923185623,1.0808103915118505,0.9779518751360138
2021-05-07,0.007346,0.7346,0.8643875689822231,0.7840954176172393,2.1292181540274284,1.1902997622867946,0.9779518751360138
2021-05-10,-0.01049,1.049,0.8667710069566246,0.781498817078461,2.1201231369049873,1.1749490095744581,0.9779518751360138
2021-05-11,-0.008712,0.8712,0.9079731913604937,0.8518959040268183,2.1722243228137055,1.283553182809345,0.9779518751360138
2021-05-12,-0.021683,2.1683,0.9225899866669541,0.8842167512742779,2.2089476577447194,1.2443023496321144,0.9779518751360138
2021-05-13,0.0121,1.21,1.244944875566444,1.1788452234364735,2.345488438862709,1.8047110904795813,0.9779518751360138
2021-05-14,0.014808,1.4808,1.2491074740679051,1.1679367167849466,2.3409330429000716,1.4783812100064042,0.9779518751360138
2021-05-17,-0.002533,0.2533,1.15380917398918,1.1740558777736148,2.343290964886802,1.600025899696627,0.9779518751360138
2021-05-18,-0.008554,0.8554,1.0994733368975198,1.1281496961810835,2.3275968309933788,1.3196077677097844,0.9779518751360138
2021-05-19,-0.002948,0.2948,1.0805324710805002,1.1273542346077632,2.3577523983298487,1.4069077402232173,0.9779518751360138
2021-05-20,0.010499,1.0499,1.0367181790246107,1.0860313058024305,2.3446533103704814,1.2144419882398667,0.9779518751360138
2021-05-21,-0.000784,0.0784,1.0403201198553251,1.073427827892128,2.336136027331758,1.3471853084858074,0.9779518751360138
2021-05-24,0.009862,0.9862,0.9982831009471563,1.030034096666068,2.307702431644641,1.136460237667821,0.9779518751360138
2021-05-25,-0.002128,0.21280000000000002,0.9975016499281616,1.017978906906311,2.2988703832703767,1.2982554087312712,0.9779518751360138
2021-05-26,0.001875,0.1875,0.9665678163278865,0.9812309774102027,2.281698697431658,1.1438372259198422,0.9779518751360138
2021-05-27,0.001165,0.1165,0.9305659801223412,0.9446517497826757,2.2539507830371406,1.1409418310764137,0.9779518751360138
2021-05-28,0.000769,0.07690000000000001,0.8959772706852988,0.909784096156306,2.2253887516016175,1.1086035794187208,0.9779518751360138
2021-06-01,-0.000492,0.0492,0.7802446728446899,0.876764727715733,2.1968064526991067,1.1073820297440264,0.9779518751360138
2021-06-02,0.001446,0.1446,0.8409277087120862,0.8454327545989753,2.170920219258098,1.0781204379381741,0.9779518751360138
2021-06-03,-0.003635,0.36350000000000005,0.8139194461573164,0.8173233011559677,2.1458179956232493,1.0781219724131403,0.9779518751360138
2021-06-04,0.008795,0.8795000000000001,0.7958250393840898,0.7991482183970092,2.145043177923076,1.0989367578709888,0.9779518751360138
2021-06-07,-0.000797,0.0797,0.8502601860417217,0.802417565697805,2.139033406729099,1.2169591366188104,0.9779518751360138
2021-06-08,0.000175,0.017499999999999998,0.8199000422552197,0.7764545542207313,2.1173107254373673,1.1011453550735253,0.9779518751360138
2021-06-09,-0.001826,0.18259999999999998,0.7625987232486314,0.7518909604126959,2.090821416498962,1.097118182193696,0.9779518751360138
2021-06-10,0.004641,0.4641,0.7977286679512379,0.7112110253446167,2.078226500407816,1.100415447092597,0.9779518751360138
2021-06-11,0.001947,0.19469999999999998,0.7974787472113949,0.6979399862900499,2.0640568159350234,1.1272868070726276,0.9779518751360138
2021-06-14,0.001814,0.1814,0.7364201199356182,0.6783448742207177,2.0436658694294505,1.0757833194003337,0.9779518751360138
2021-06-15,-0.002014,0.20140000000000002,0.7796522388756989,0.658387487228754,2.023590705712449,1.0537865285246342,0.9779518751360138
2021-06-16,-0.005405,0.5405,0.7634697496512721,0.6444161465274886,2.0146530425552567,1.0494406176149274,0.9779518751360138
2021-06-17,-0.000436,0.0436,0.7635781475164268,0.6592064813835383,2.031487527151601,1.0889901638215105,0.9779518751360138
2021-06-18,-0.013211,1.3211,0.744931780530535,0.6407811836782557,2.010548677798737,1.0348352308942714,0.9779518751360138
2021-06-21,0.013905,1.3905,0.8386916492211691,0.7967939347715298,2.0874197526719676,1.3392741430715371,0.9779518751360138
2021-06-22,0.005111,0.5111,0.910649737940668,0.8416189002003592,2.096086083339205,1.4113896994806219,0.9779518751360138
2021-06-23,-0.001084,0.1084,0.887334797386775,0.8167472185747034,2.0824703562600475,1.1880894018549277,0.9779518751360138
2021-06-24,0.005794,0.5793999999999999,0.8540015068390444,0.7877529979898403,2.064718782762048,1.1434481439488193,0.9779518751360138
2021-06-25,0.003325,0.33249999999999996,0.8434946899118334,0.7698144263171128,2.0538118720312575,1.1977131672900654,0.9779518751360138
2021-06-28,0.002312,0.2312,0.8230969025263493,0.7465029145109525,2.037157870739511,1.1217320442512106,0.9779518751360138
2021-06-29,0.000277,0.027700000000000002,0.803100119414131,0.7222900488675731,2.018523304913468,1.0609795280305836,0.9779518751360138
2021-06-30,0.001327,0.1327,0.6892687786225477,0.6984478237831432,1.9954497589784046,1.044740159848371,0.9779518751360138
2021-07-01,0.005208,0.5208,0.6701417314552593,0.6770237025841943,1.9756989858772884,1.0477810755114831,0.9779518751360138
2021-07-02,0.007472,0.7472000000000001,0.7174140277225853,0.6675137210798514,1.9661907754286123,1.088775996934172,0.9779518751360138
2021-07-06,-0.002024,0.20240000000000002,0.7977803029844475,0.6721783089345418,1.9626116788472414,1.1481065167047872,0.9779518751360138
2021-07-07,0.003353,0.3353,0.7293622406436977,0.6559081688310078,1.955667856212092,1.0655599091557453,0.9779518751360138
2021-07-08,-0.008598,0.8598,0.708280028834653,0.6416035989956252,1.9421726919556757,1.077273234560295,0.9779518751360138
2021-07-09,0.011215,1.1215,0.8249151530503493,0.7015151099559903,1.9856367663104575,1.1960501448099907,0.9779518751360138
2021-07-12,0.003445,0.34450000000000003,0.9626613738907457,0.7323256638867572,1.990810358108302,1.2976052785805088,0.9779518751360138
2021-07-13,-0.003523,0.3523,0.8338281329473081,0.7118289838584012,1.9764489318107699,1.122308548706638,0.9779518751360138
2021-07-14,0.001164,0.1164,0.766075014948513,0.7007273122832122,1.9803044150325915,1.1249688791695527,0.9779518751360138
2021-07-15,-0.003268,0.3268,0.7063146275724721,0.6785613258165444,1.9606202497676621,1.104844126788933,0.9779518751360138
2021-07-16,-0.007567,0.7567,0.6940625608516571,0.668851842761091,1.9630607630081058,1.1027734342556499,0.9779518751360138
2021-07-19,-0.015997,1.5997000000000001,0.7868092552591799,0.7077223414725966,1.9979697835456696,1.1590290602482753,0.9779518751360138
2021-07-20,0.015049,1.5049,1.1511410130786628,0.9106542769432812,2.0970837409571383,1.4858313401257897,0.9779518751360138
2021-07-21,0.008208,0.8208,1.256160759023316,0.9496155205241573,2.108306246306187,1.5019150764940072,0.9779518751360138
2021-07-22,0.002015,0.20149999999999998,1.0766770212864456,0.9323208454047837,2.102019740572329,1.314453807708738,0.9779518751360138
2021-07-23,0.010094,1.0094,0.8727731066822478,0.895807133187696,2.0805678587083793,1.2179078523024638,0.9779518751360138
2021-07-26,0.002379,0.2379,0.9505267303646087,0.8954382761434111,2.0799085309147864,1.3638379430489533,0.9779518751360138
2021-07-27,-0.004724,0.4724,0.8080008609891491,0.8618080286165956,2.060070658191576,1.1719870264213679,0.9779518751360138
2021-07-28,-0.000186,0.0186,0.770975763921803,0.8468127807791992,2.0702910225519062,1.1437798309115264,0.9779518751360138
2021-07-29,0.004197,0.4197,0.7020460924112898,0.8144265039129539,2.0462623714501027,1.090294761933671,0.9779518751360138
2021-07-30,-0.005421,0.5420999999999999,0.7116133419735622,0.7907552571773946,2.032016992197249,1.1223337784723402,0.9779518751360138
2021-08-02,-0.001845,0.1845,0.7434852495698848,0.7886483786632574,2.048409564640941,1.12261601471741,0.9779518751360138
2021-08-03,0.00817,0.8170000000000001,0.6950050518858868,0.7632571167941792,2.0374224673238825,1.08080359015873,0.9779518751360138
2021-08-04,-0.004643,0.46430000000000005,0.8188724616418057,0.7632389085240382,2.0333483961009833,1.1918328997808374,0.9779518751360138
2021-08-05,0.005987,0.5987,0.7724367528357433,0.7566538254046726,2.043825020228395,1.1277331070780887,0.9779518751360138
2021-08-06,0.001674,0.1674,0.7813557420532469,0.7449798636933481,2.0341104905566025,1.1558104758566605,0.9779518751360138
2021-08-09,-0.00094,0.094,0.7763357653538256,0.7205582704068288,2.014000386284499,1.09702152134769,0.9779518751360138
2021-08-10,0.000992,0.09920000000000001,0.757651732989877,0.6970887701300683,1.997353672214812,1.0899194451426215,0.9779518751360138
2021-08-11,0.001275,0.1275,0.6437588674522651,0.674242517301699,1.9767082840790366,1.065991511786093,0.9779518751360138
2021-08-12,0.004138,0.4138,0.7258925031782915,0.6541325269113292,1.9574135375308037,1.0609429920122946,0.9779518751360138
2021-08-13,0.001606,0.1606,0.7196572141451735,0.6428660038998802,1.9458234325904549,1.0812397862176548,0.9779518751360138
2021-08-16,0.002617,0.2617,0.6508261973227853,0.6255609572140385,1.9283081923695908,1.0574330982620128,0.9779518751360138
2021-08-17,-0.007086,0.7086,0.6846609545804517,0.6116831565876125,1.913839174095731,1.065975507551651,0.9779518751360138
2021-08-18,-0.010807,1.0807,0.7015890929197356,0.6520559583659248,1.9466369112100201,1.1475647463651015,0.9779518751360138
2021-08-19,0.001256,0.1256,0.9117527529918287,0.7517570511272277,2.0069711685238927,1.2669342646720074,0.9779518751360138
2021-08-20,0.008109,0.8109,0.7304337228562426,0.7263001405338821,1.9866835709242268,1.081692028351878,0.9779518751360138
2021-08-23,0.008488,0.8488000000000001,0.7516739108924004,0.729351694749536,1.9840651241014053,1.1968401315129769,0.9779518751360138
2021-08-24,0.001495,0.1495,0.7679059734515081,0.7350748364453608,1.982479167969358,1.2248915404230696,0.9779518751360138
2021-08-25,0.002218,0.2218,0.7416495853055884,0.7106171767512685,1.9635471703731768,1.1032992185259627,0.9779518751360138
2021-08-26,-0.005842,0.5842,0.697918055011061,0.6894701434786273,1.947000515779627,1.076785895802875,0.9779518751360138
2021-08-27,0.008769,0.8769000000000001,0.7327357072088483,0.7026067590358949,1.969294395869757,1.1324367713033694,0.9779518751360138
2021-08-30,0.004297,0.42969999999999997,0.8260518649880316,0.7132830535755053,1.9688730955264626,1.202690814382483,0.9779518751360138
2021-08-31,-0.00135,0.135,0.7596521165561894,0.6976432414669836,1.9573182605042747,1.09995088163063,0.9779518751360138
2021-09-01,0.000312,0.0312,0.7006844477634676,0.6759849429195876,1.945504790595307,1.0717471583353977,0.9779518751360138
2021-09-02,0.002839,0.2839,0.6828502293426607,0.6467674314474005,1.924728941234146,1.0674174203656226,0.9779518751360138
2021-09-03,-0.000335,0.0335,0.6664030252298319,0.630371487945275,1.910908084601904,1.0703918184945176,0.9779518751360138
2021-09-07,-0.003401,0.3401,0.6514747725543,0.6062818534619979,1.892918571889942,1.034266554182238,0.9779518751360138
2021-09-08,-0.001319,0.13190000000000002,0.6222155665273311,0.60027666599538,1.898442996494854,1.050348579996184,0.9779518751360138
2021-09-09,-0.004616,0.4616,0.6042102811386616,0.5827716810290223,1.8881796391081647,1.0337705763853022,0.9779518751360138
2021-09-10,-0.007753,0.7753,0.6335358591814656,0.5926018746588687,1.9030247925922041,1.0732832757012474,0.9779518751360138
2021-09-13,0.002274,0.2274,0.6676440641889365,0.6443835354651777,1.9412564532882572,1.1510362169367219,0.9779518751360138
2021-09-14,-0.005763,0.5763,0.6479630063491861,0.6261701253004822,1.9255355768081948,1.065829002654741,0.9779518751360138
2021-09-15,0.008438,0.8437999999999999,0.6902090571241024,0.6441132868432855,1.947898933652412,1.1174665192747388,0.9779518751360138
2021-09-16,-0.001552,0.1552,0.7662915750206839,0.6566670372813209,1.9473046253927582,1.1959207309851267,0.9779518751360138
2021-09-17,-0.009153,0.9153,0.6660161130854474,0.6369142490343537,1.93729279897843,1.0852069641778013,0.9779518751360138
2021-09-20,-0.017123,1.7123,0.7857118446575644,0.7051065782816848,1.9851552455853219,1.216561656431765,0.9779518751360138
2021-09-21,-0.000813,0.0813,0.8603736520084047,0.9354777452316592,2.0935908265985415,1.5503056162253943,0.9779518751360138
2021-09-22,0.009475,0.9475000000000001,0.8236397869599534,0.8938174554084343,2.0734133321944577,1.166168327043742,0.9779518751360138
2021-09-23,0.012062,1.2062,0.8334939521428518,0.8878679864176231,2.071440899006209,1.2982285261077882,0.9779518751360138
2021-09-24,0.00146,0.146,0.8712066093540569,0.9005310351743894,2.0759937161998523,1.404848221873096,0.9779518751360138
2021-09-27,-0.00278,0.27799999999999997,0.83078538907263,0.862706490360622,2.054005277554401,1.192828505947104,0.9779518751360138
2021-09-28,-0.020574,2.0574,0.7967104543218086,0.8337846120688558,2.049816375904444,1.1275762922303751,0.9779518751360138
2021-09-29,0.001568,0.1568,0.9714709513246539,1.1118976264217146,2.183392548233849,1.7373500557458188,0.9779518751360138
2021-09-30,-0.011981,1.1981,0.9152658404361783,1.062562237807605,2.158178427188171,1.2188697058750784,0.9779518751360138
2021-10-01,0.011426,1.1426,0.9319753388642515,1.1102023073855292,2.220460442652863,1.4109510851904115,0.9779518751360138
2021-10-04,-0.013071,1.3071,0.9390647677688722,1.096031654743541,2.218490918564546,1.4266187614425936,0.9779518751360138
2021-10-05,0.01047,1.047,1.0705843165286146,1.1554338368260395,2.287076100133463,1.5136814467714135,0.9779518751360138
2021-10-06,0.004094,0.40940000000000004,1.0386073694749884,1.1317193746347682,2.2804573415991474,1.3779989046076924,0.9779518751360138
2021-10-07,0.008264,0.8264,0.9030798073718417,1.084988248192158,2.2582328191780325,1.258617076556647,0.9779518751360138
2021-10-08,-0.001916,0.1916,0.8880246097893782,1.0559895098786294,2.2471111582341665,1.3133941700418805,0.9779518751360138
2021-10-11,-0.006889,0.6889000000000001,0.8380729881427107,1.0107548198673817,2.230108177425141,1.1928489776161944,0.9779518751360138
2021-10-12,-0.00242,0.242,0.786726336253202,1.0002501705771336,2.2510116931260584,1.2266717431326115,0.9779518751360138
2021-10-13,0.003018,0.30179999999999996,0.7900624372743559,0.9606348292651103,2.2376297814201296,1.136412284780484,0.9779518751360138
2021-10-14,0.016919,1.6919,0.7631016906854973,0.9222204284715221,2.2141925977507397,1.1395687046422431,0.9779518751360138
2021-10-15,0.007433,0.7433000000000001,0.8844891888135914,0.9765908329367246,2.2262137296576867,1.5571451506844183,0.9779518751360138
2021-10-18,0.003369,0.3369,0.8626177687512145,0.9508379116445498,2.214074035853363,1.2827869240836531,0.9779518751360138
2021-10-19,0.007366,0.7366,0.823670402890791,0.9137392978685586,2.1922944288364636,1.2128989629396176,0.9779518751360138
2021-10-20,0.003657,0.3657,0.8120751700651243,0.8936982568218661,2.1811584050416157,1.283506978983753,0.9779518751360138
2021-10-21,0.002991,0.29910000000000003,0.7796887032744229,0.8609734436637876,2.1611866609642094,1.2160887868901677,0.9779518751360138
2021-10-22,-0.001073,0.10729999999999999,0.7487357655549447,0.8288538318514798,2.140226554194073,1.1392190626916316,0.9779518751360138
2021-10-25,0.004737,0.4737,0.7219132935307359,0.7945325295471514,2.1204764145118555,1.108700642734548,0.9779518751360138
2021-10-26,0.001818,0.1818,0.6637944813420096,0.77185601523497,2.1051742807471916,1.1393299313631675,0.9779518751360138
2021-10-27,-0.005064,0.5064,0.6957674957849278,0.7357209736651935,2.083030005832269,1.095741387463301,0.9779518751360138
2021-10-28,0.009781,0.9781,0.6950754622377718,0.7318222450800449,2.095062120907608,1.1348962190438385,0.9779518751360138
2021-10-29,0.001947,0.19469999999999998,0.7344451288180106,0.7426544362429243,2.09311732209978,1.2459309499326197,0.9779518751360138
2021-11-01,0.001798,0.1798,0.711837374202577,0.7145886423591558,2.0717822220953144,1.1101760250068455,0.9779518751360138
2021-11-02,0.003674,0.3674,0.6946804456200155,0.687174524128263,2.0507584250538673,1.0977170921052473,0.9779518751360138
2021-11-03,0.00644,0.644,0.6573817556862623,0.6651046362174995,2.0350499172897325,1.111450555580409,0.9779518751360138
2021-11-04,0.004173,0.41729999999999995,0.7012679669298575,0.6579480078088668,2.026720068620699,1.153167780420525,0.9779518751360138
2021-11-05,0.003726,0.37260000000000004,0.6933204611198507,0.6419943513015405,2.0130391781664727,1.0906025696833839,0.9779518751360138
2021-11-08,0.000887,0.0887,0.6866564235775027,0.624895331803969,1.9986702425850613,1.0875769231185444,0.9779518751360138
2021-11-09,-0.003505,0.3505,0.6709890437003116,0.6031869145022956,1.977726595272355,1.0624350217778027,0.9779518751360138
2021-11-10,-0.00826,0.826,0.6657372834237709,0.5970290006593955,1.9814030715649713,1.0812703259592396,0.9779518751360138
2021-11-11,0.000551,0.055099999999999996,0.6957767464963035,0.6541975812137351,2.0209910863097185,1.176041605641569,0.9779518751360138
2021-11-12,0.007197,0.7197,0.6608182066569412,0.6293153631682932,1.9985032833474958,1.0651377305306577,0.9779518751360138
2021-11-15,-1.1e-05,0.0011,0.7025655914562984,0.6314421772930394,1.993228227889316,1.158344379405365,0.9779518751360138
2021-11-16,0.003858,0.3858,0.6760338644766757,0.6085380535518637,1.9703327741016001,1.0636616287617036,0.9779518751360138
2021-11-17,-0.002605,0.2605,0.6709104589841284,0.5938827247573806,1.95760503651915,1.0867350927894064,0.9779518751360138
2021-11-18,0.003379,0.3379,0.6603324013740276,0.5818567224873396,1.9551630914509788,1.0560910551652258,0.9779518751360138
2021-11-19,-0.0014,0.13999999999999999,0.654574655861345,0.5680516623595675,1.941733692290289,1.0648583780484615,0.9779518751360138
2021-11-22,-0.003202,0.3202,0.6431732450453461,0.5518961730523374,1.9307759499042776,1.0343008128682873,0.9779518751360138
2021-11-23,0.001656,0.1656,0.6377512041774824,0.5462292513485942,1.9336307902220333,1.0512303589603946,0.9779518751360138
2021-11-24,0.002291,0.2291,0.6293027971067846,0.530557930090146,1.9166095974951447,1.0352162254814208,0.9779518751360138
2021-11-26,-0.022987,2.2987,0.584220261030567,0.5175442921401333,1.9016873614977416,1.038173100113849,0.9779518751360138
2021-11-29,0.013114,1.3114000000000001,0.9051899632105173,0.9982687256113325,2.0600869909232036,1.8087401734632869,0.9779518751360138
2021-11-30,-0.019143,1.9143000000000001,0.9147073377676624,1.0060871915961642,2.0676449788117424,1.4631118881343286,0.9779518751360138
2021-12-01,-0.011886,1.1886,0.9987082615791848,1.1996129109602147,2.1891841716864464,1.7499048884153674,0.9779518751360138
2021-12-02,0.014095,1.4095,0.9724288785685219,1.2273488814829696,2.249678033082791,1.5397777267190222,0.9779518751360138
2021-12-03,-0.008484,0.8484,0.9796402680790104,1.2198884424357463,2.253398641461331,1.645412828958131,0.9779518751360138
2021-12-06,0.011663,1.1663,0.9315840040040839,1.205441336909518,2.2856129870739452,1.4127842497706435,0.9779518751360138
2021-12-07,0.020496,2.0496,0.9239655600623423,1.1843714146099973,2.282031640966375,1.4859371698022767,0.9779518751360138
2021-12-08,0.003081,0.3081,1.0438772128265807,1.2367178644626293,2.300709881363536,1.8096040964807745,0.9779518751360138
2021-12-09,-0.007207,0.7207,0.9599472228011878,1.1810932876562437,2.275290877942476,1.3259261597087524,0.9779518751360138
2021-12-10,0.009504,0.9504,0.9102680257790577,1.1582157010481458,2.297057699053466,1.3504546239692765,0.9779518751360138
2021-12-13,-0.009178,0.9178000000000001,0.8901814123188776,1.1290165764247277,2.2876913338774316,1.406018680885855,0.9779518751360138
2021-12-14,-0.007499,0.7499,0.877229041514325,1.1303508129731743,2.3239875828771304,1.3878397769195119,0.9779518751360138
2021-12-15,0.016216,1.6216000000000002,0.8328071416681041,1.1144664079206101,2.3462717503118022,1.2709757617279727,0.9779518751360138
2021-12-16,-0.008782,0.8782,0.9311984363965692,1.135856820282134,2.3519774040269295,1.5849630977092177,0.9779518751360138
2021-12-17,-0.010341,1.0341,0.9050177863943848,1.1325941356454972,2.382999513015773,1.3727734716259634,0.9779518751360138
2021-12-20,-0.011453,1.1453,0.8992492704459969,1.1481008922437268,2.424786108546816,1.417047290883406,0.9779518751360138
2021-12-21,0.017622,1.7622,0.9066641320234267,1.1765614400310578,2.473563702698224,1.4606317489360554,0.9779518751360138
2021-12-22,0.010129,1.0129000000000001,0.9936519494489837,1.2032168598940947,2.478283522842944,1.7157242268499913,0.9779518751360138
2021-12-23,0.006204,0.6204000000000001,0.9690239671752017,1.1741657150936542,2.464133276001085,1.4593739161709038,0.9779518751360138
2021-12-27,0.013744,1.3743999999999998,0.9202784297262216,1.1301433207070357,2.4407441212744723,1.3729679443089704,0.9779518751360138
2021-12-28,-0.001011,0.1011,0.9522495133088704,1.1303214437570748,2.436935359625984,1.57456691477371,0.9779518751360138
2021-12-29,0.001401,0.1401,0.8887267351033432,1.079357354573312,2.406674612766011,1.3202972800850572,0.9779518751360138
2021-12-30,-0.002994,0.2994,0.8354808044719947,1.0310883336530676,2.3734451741629914,1.2282874668415371,0.9779518751360138
2021-12-31,-0.00263,0.263,0.7972642101305618,0.9905343972161468,2.3601081476850134,1.208599836463666,0.9779518751360138
2022-01-03,0.006354,0.6354000000000001,0.667865784387629,0.9518485342967082,2.3445576534155173,1.182645849018209,0.9779518751360138
2022-01-04,-0.00063,0.063,0.704579789161388,0.9236609725607324,2.325735846380806,1.1901864392606731,0.9779518751360138
2022-01-05,-0.019583,1.9583,0.7335946490055155,0.8833767400369936,2.296507900596644,1.1209031889953744,0.9779518751360138
2022-01-06,-0.000964,0.0964,0.9072889510340965,1.120581523456048,2.4131295799168657,1.6903649418690627,0.9779518751360138
2022-01-07,-0.004058,0.4058,0.9123032502856565,1.0698839470466135,2.383341273405525,1.2247559307470204,0.9779518751360138
2022-01-10,-0.001442,0.1442,0.8159668124781962,1.032967273022797,2.377647716284352,1.232793064995095,0.9779518751360138
2022-01-11,0.009118,0.9117999999999999,0.7833630572232729,0.9883641899681744,2.3526579980676634,1.2023739227877492,0.9779518751360138
2022-01-12,0.002814,0.2814,0.798476002975702,0.971107929700999,2.3404158755605144,1.3349802740490213,0.9779518751360138
2022-01-13,-0.014346,1.4345999999999999,0.7654778023892674,0.9309408359968593,2.312961023483124,1.133718997944376,0.9779518751360138
2022-01-14,0.00082,0.082,0.922820651915756,1.040743536815943,2.388063102251177,1.4536213198422758,0.9779518751360138
2022-01-18,-0.018559,1.8558999999999999,0.8004132936267218,0.9937890942262714,2.3540438910810146,1.1747374587540826,0.9779518751360138
2022-01-19,-0.009737,0.9737000000000001,0.9296298005862893,1.177984346929019,2.460465678682323,1.6723469834935574,0.9779518751360138
2022-01-20,-0.011099,1.1098999999999999,0.9134522762648614,1.181642031718222,2.4948535824921936,1.3898993318582464,0.9779518751360138
2022-01-21,-0.019096,1.9095999999999997,0.9121556475658583,1.2017167987495372,2.5383620908395135,1.4498041383924936,0.9779518751360138
2022-01-24,0.002768,0.2768,1.0136550280894259,1.3518038357603808,2.641955217184407,1.7509235542707169,0.9779518751360138
2022-01-25,-0.012247,1.2247,0.948999709678105,1.287632907113672,2.6035827732156283,1.337967028480149,0.9779518751360138
2022-01-26,-0.001498,0.1498,1.0253125720516472,1.310216498347922,2.651792458871628,1.4752530868972957,0.9779518751360138
2022-01-27,-0.005399,0.5399,0.8949342834494824,1.2485346851563852,2.6173295375427132,1.2649507866711653,0.9779518751360138
2022-01-28,0.024056,2.4056,0.8015900004659385,1.2065414771079601,2.6132241600226447,1.273526870034551,0.9779518751360138
2022-01-31,0.01871,1.871,1.0845059163326851,1.2937575081254526,2.6289691592563096,1.9316973662300212,0.9779518751360138
2022-02-01,0.00684,0.6839999999999999,1.1495767933630363,1.316357339564327,2.6307299225512897,1.780873826019126,0.9779518751360138
2022-02-02,0.009378,0.9378,1.0868032825221026,1.2653251582847866,2.602886401298075,1.4324443951511696,0.9779518751360138
2022-02-03,-0.024693,2.4693,1.0500405783712872,1.2280719753131573,2.5823590677613004,1.5018276084824116,0.9779518751360138
2022-02-04,0.005144,0.5144,1.2334090274693528,1.4932230046608341,2.728231832854171,2.118270772399034,0.9779518751360138
2022-02-07,-0.003709,0.3709,1.1580160402419581,1.427311763001396,2.6925857724407796,1.4549388005342354,0.9779518751360138
2022-02-08,0.008366,0.8366,1.085876565714639,1.366514597748666,2.673080257122049,1.3541139348666344,0.9779518751360138
2022-02-09,0.014413,1.4413,1.0473105696971317,1.3181723284691673,2.64745671388766,1.432225432918994,0.9779518751360138
2022-02-10,-0.018282,1.8282,1.1019341084405494,1.3055200252318584,2.6378005278180163,1.6199923356917463,0.9779518751360138
2022-02-11,-0.019152,1.9151999999999998,1.2395712145197693,1.4210458571018567,2.7311873534713262,1.713190617298612,0.9779518751360138
2022-02-14,-0.003848,0.3848,1.2281178657695635,1.5326415118338215,2.827643296099882,1.811512561369642,0.9779518751360138
2022-02-15,0.015644,1.5644000000000002,1.1508457692963376,1.4663008698887479,2.804054449384024,1.4321050466358953,0.9779518751360138
2022-02-16,0.000881,0.0881,1.175736136110918,1.4487649384575352,2.791559937116378,1.7217465395928637,0.9779518751360138
2022-02-17,-0.021401,2.1401,1.0997124347020175,1.3799909929827805,2.7430212330529407,1.4093940064439041,0.9779518751360138
2022-02-18,-0.007192,0.7192,1.2151743921194134,1.540897120815733,2.8565172081546675,1.9163256778533235,0.9779518751360138
2022-02-22,-0.010195,1.0194999999999999,1.1510410125474093,1.4915201721624884,2.8567943229889705,1.4342169813525427,0.9779518751360138
2022-02-23,-0.018584,1.8584,1.1247476263626635,1.469426450632712,2.8796195182710163,1.5136967952995077,0.9779518751360138
2022-02-24,0.014846,1.4846,1.1946825985143157,1.5635793617391136,2.9657000270652705,1.7873784077805124,0.9779518751360138
2022-02-25,0.022126,2.2126,1.2130804291955168,1.531504422077774,2.9449371522747483,1.705991677822609,0.9779518751360138
2022-02-28,-0.002446,0.24459999999999998,1.3228332366899547,1.5566547121648437,2.9431253498139736,1.9761947010606014,0.9779518751360138
2022-03-01,-0.015594,1.5594000000000001,1.2381374277200863,1.484395645980776,2.90465059823661,1.478429862692174,0.9779518751360138
2022-03-02,0.018471,1.8471000000000002,1.2547661502438308,1.5295467956292532,2.966696244546746,1.766596396747146,0.9779518751360138
2022-03-03,-0.005269,0.5269,1.3122902009701893,1.5249766283273414,2.954910818736722,1.8540810899202873,0.9779518751360138
2022-03-04,-0.007966,0.7966000000000001,1.201501952796973,1.4653880141874087,2.9369650167348875,1.4808266343836471,0.9779518751360138
2022-03-07,-0.029963,2.9963,1.18549637822011,1.426909191290962,2.939901553154958,1.436587911406747,0.9779518751360138
2022-03-08,-0.00726,0.726,1.4625659305643695,1.7640516727776678,3.1125943935564173,2.3664281296925114,0.9779518751360138
2022-03-09,0.025374,2.5374,1.3909888745073573,1.700072665293198,3.103240600799689,1.5723361901959771,0.9779518751360138
2022-03-10,-0.004301,0.43010000000000004,1.5253415291454324,1.7345462178423956,3.103248383071256,2.187358954538555,2.3043790462779636
2022-03-11,-0.013046,1.3046,1.4138242119744548,1.6583552713428422,3.0722259448546323,1.609584005108152,2.3043790462779636
2022-03-14,-0.007449,0.7449,1.4044525308608975,1.6526870923395782,3.108096896989338,1.78767289065981,2.3043790462779636
2022-03-15,0.021183,2.1183,1.3334238461373014,1.5978272699189617,3.1003452702707133,1.507874863475083,0.9779518751360138
2022-03-16,0.022137,2.2137000000000002,1.3873463486800537,1.607919401302605,3.0899726818971036,1.9746022743327325,0.9779518751360138
2022-03-17,0.012272,1.2272,1.5039082934515395,1.625298870204338,3.0824315011609276,1.9909165035480518,2.3043790462779636
2022-03-18,0.011595,1.1595,1.461507688335669,1.576666701984562,3.0506811583416544,1.6936744948188833,2.3043790462779636
2022-03-21,-0.000435,0.0435,1.417660287289471,1.528330337236578,3.018508397211432,1.6671829270359027,0.9779518751360138
2022-03-22,0.011241,1.1240999999999999,1.3267251742469863,1.455892937504663,2.9622614127287967,1.5087641939680303,0.9779518751360138
2022-03-23,-0.012349,1.2349,1.1927845186294899,1.4147845947063085,2.932714584062324,1.5784129599696015,2.3043790462779636
2022-03-24,0.014242,1.4242,1.2806232313589965,1.4253789852294354,2.968911078727638,1.5460974759374004,2.3043790462779636
2022-03-25,0.005053,0.5053,1.2822862491873928,1.4032588499159866,2.9465428038510124,1.6148762421622282,2.3043790462779636
2022-03-28,0.00712,0.712,1.2109459413764532,1.343557442484306,2.902329359372836,1.3747505885432454,0.9779518751360138
2022-03-29,0.012182,1.2182,1.1557657916692259,1.2933965895673896,2.864931403220634,1.4111473780580113,0.9779518751360138
2022-03-30,-0.006314,0.6314,1.0520272064275016,1.2697594703815314,2.8414933530565145,1.520664067833524,0.9779518751360138
2022-03-31,-0.015776,1.5776,1.1090834312370876,1.2342257492319753,2.8357704235771464,1.3668789281425038,0.9779518751360138
2022-04-01,0.003404,0.3404,1.1591965572900174,1.3187054577290527,2.9020000894991047,1.6211452850993953,0.9779518751360138
2022-04-04,0.008058,0.8058,1.0947009500209004,1.2608668722510532,2.8554606530601068,1.3252370569449077,0.9779518751360138
2022-04-05,-0.012631,1.2631,0.9708778288265688,1.2197571023573928,2.8221849368910994,1.398290690021213,0.9779518751360138
2022-04-06,-0.009764,0.9764,1.0781174161807743,1.2573972204326134,2.8649060921446745,1.5174477803206279,0.9779518751360138
2022-04-07,0.004244,0.42440000000000005,1.061061339034166,1.255009378655071,2.8842210451700945,1.4251182516549283,0.9779518751360138
2022-04-08,-0.002655,0.26549999999999996,1.0088802249499433,1.202624077989378,2.8404332070572154,1.272138153189346,0.9779518751360138
2022-04-11,-0.017021,1.7021000000000002,0.9556181786268637,1.1529805289208792,2.807498642007417,1.2302701705723016,0.9779518751360138
2022-04-12,-0.003423,0.3423,1.0535226748000686,1.2733407062593733,2.884423558150514,1.6324475730632209,0.9779518751360138
2022-04-13,0.011113,1.1113,1.000887456282836,1.222178228719217,2.8555004188708812,1.2599009996424322,0.9779518751360138
2022-04-14,-0.012218,1.2218,1.0079448787526017,1.198830460987564,2.829775020077069,1.4150215296948665,0.9779518751360138
2022-04-18,-0.000205,0.0205,1.0263583502547435,1.2334611407551082,2.869048239321676,1.4633302321417403,0.9779518751360138
2022-04-19,0.01593,1.593,0.9720910931416499,1.1776635052700422,2.816918025826204,1.2513190829680494,0.9779518751360138
2022-04-20,-0.000619,0.0619,1.0460134830365344,1.1915702720765475,2.8046289351440956,1.562874299775897,0.9779518751360138
2022-04-21,-0.014863,1.4863,0.9575138564147471,1.1383154408203615,2.7580043895413793,1.2391665114906874,0.9779518751360138
2022-04-22,-0.028132,2.8132,1.0460610711877434,1.222878214811552,2.8203020013168962,1.545280306481643,0.9779518751360138
2022-04-25,0.005682,0.5682,1.3155939159628876,1.574358367524412,2.983593200001961,2.199187666480512,0.9779518751360138
2022-04-26,-0.02855,2.855,1.254577632776158,1.506435585488024,2.939487764883344,1.4787886712103253,0.9779518751360138
2022-04-27,0.002096,0.2096,1.471678357920411,1.791298218225715,3.1009975269439725,2.307532470779122,0.9779518751360138
2022-04-28,0.024446,2.4446,1.3914111137692642,1.7058028040837507,3.0434264406933944,1.5771860015229657,0.9779518751360138
2022-04-29,-0.036959,3.6959,1.5416200123070312,1.7325271184725253,3.0435197617637404,2.201016531787074,0.9779518751360138
2022-05-02,0.005659,0.5659,1.816416582305894,2.155107303939451,3.2675419549290705,2.828467440258063,0.9779518751360138
2022-05-03,0.004825,0.48250000000000004,1.7210739055464035,2.0544173233277814,3.212006888820176,1.824961759407577,0.9779518751360138
2022-05-04,0.029425,2.9425,1.6153708884111777,1.95789191803809,3.156680850085351,1.673986065413927,0.9779518751360138
2022-05-05,-0.036301,3.6301,1.7817028395072123,1.9992767465619923,3.164652693517702,2.5206033272809907,0.9779518751360138
2022-05-06,-0.00569,0.569,2.015613209065252,2.3395927260744123,3.377847815355069,2.91420307875069,2.3043790462779636
2022-05-09,-0.032562,3.2562,1.9108017217732116,2.2347336469283055,3.3458899664884982,1.7834952413729621,2.3043790462779636
2022-05-10,0.002455,0.24550000000000002,2.082968903250754,2.4508031216384225,3.5210763419978126,2.7371486866080184,2.3043790462779636
2022-05-11,-0.0166,1.66,1.9775454768392824,2.330544543174983,3.4471281531813545,1.9469292372862452,2.3043790462779636
2022-05-12,-0.001297,0.1297,1.951827957379092,2.3016285962125926,3.494235034751341,2.099187364195964,2.3043790462779636
2022-05-13,0.023589,2.3588999999999998,1.8043364641754218,2.189327659846781,3.424940039814744,1.621593001680755,2.3043790462779636
2022-05-16,-0.003954,0.39540000000000003,1.8957205233536638,2.1621151582817264,3.40718465734509,2.2226404673045974,2.3043790462779636
2022-05-17,0.019969,1.9969000000000001,1.7943961597130402,2.0622051876790426,3.3611392544340277,1.5523306758870676,2.3043790462779636
2022-05-18,-0.041234,4.1234,1.813591476602841,2.022989241285271,3.337076095262534,2.002813768202126,2.3043790462779636
2022-05-19,-0.005851,0.5851000000000001,2.1558656105073233,2.4699788863461527,3.581838165133526,3.096979011762915,2.3043790462779636
2022-05-20,0.000146,0.0146,2.059151508192767,2.3586314931793404,3.5424467724604023,1.938511589364376,2.3043790462779636
2022-05-23,0.018385,1.8384999999999998,1.9490103182724439,2.243173405029178,3.4619519980973976,1.817744244138872,2.3043790462779636
2022-05-24,-0.008154,0.8154,1.9317405234664815,2.1815591244213515,3.4297304348860074,2.166167751952743,2.3043790462779636
2022-05-25,0.009406,0.9406,1.8439301599199691,2.0981258055616325,3.4139567720795636,1.86282173873401,2.3043790462779636
2022-05-26,0.019688,1.9688,1.7649691492097144,2.010241274593048,3.361581656457481,1.6079830750042114,2.3043790462779636
2022-05-27,0.024441,2.4441,1.7800373246489558,1.9743595909333278,3.33680795528584,1.9498453060948193,2.3043790462779636
2022-05-31,-0.006294,0.6294,1.8508166070853123,1.9741381237143596,3.3248866554063095,2.225692324356626,2.3043790462779636
2022-06-01,-0.007511,0.7511,1.7603117218812656,1.8945630119466328,3.2996358118053783,1.6633558379973903,2.3043790462779636
2022-06-02,0.018263,1.8263000000000003,1.6814391349850646,1.8263196836951496,3.284505800705393,1.639681746040981,2.3043790462779636
2022-06-03,-0.016482,1.6482,1.6898168383445478,1.7974741229756102,3.259396148046411,1.9584874992963317,2.3043790462779636
2022-06-06,0.003132,0.3132,1.6776675857662067,1.8211983993518337,3.3136366447823815,1.8905954843117554,2.3043790462779636
2022-06-07,0.009478,0.9478,1.5823347292492174,1.737158442335463,3.2500059594753563,1.4898836132396382,2.3043790462779636
2022-06-08,-0.010853,1.0853,1.5217755152620673,1.67245101122862,3.204586720996774,1.551506270725323,2.3043790462779636
2022-06-09,-0.024086,2.4086,1.4730304121169946,1.6461849848369816,3.2184531366136353,1.5969906979378434,2.3043790462779636
2022-06-10,-0.029542,2.9541999999999997,1.590466602387015,1.81176711363267,3.332957970823544,2.0660446837375033,2.3043790462779636
2022-06-13,-0.03954,3.9539999999999997,1.7716242060606129,2.0518739715662644,3.485003900196757,2.3958161993567035,2.3043790462779636
2022-06-14,-0.003781,0.3781,2.08461309459103,2.4531548183987484,3.7091455182332984,3.03616009997826,2.3043790462779636
2022-06-15,0.014487,1.4487,1.9325416429298599,2.3378305265589,3.6489516992839137,1.9370861822851353,2.3043790462779636
2022-06-16,-0.033052,3.3051999999999997,1.9328658717891893,2.252663469527618,3.5990922906050584,2.111259734471342,2.3043790462779636
2022-06-17,0.002198,0.2198,2.0785128841292706,2.476393399490686,3.766522508690139,2.8216028569768636,2.3043790462779636
2022-06-21,0.024182,2.4181999999999997,1.9976213625139323,2.3562453268299683,3.6814134568015437,1.8959689662017147,2.3043790462779636
2022-06-22,-0.001302,0.1302,2.0076378903642524,2.319988190420742,3.654143932089735,2.2194026655836927,2.3043790462779636
2022-06-23,0.009487,0.9487000000000001,1.935749614097352,2.208293496834112,3.5780773395301413,1.6953392339293043,2.3043790462779636
2022-06-24,0.030106,3.0106,1.8539272614495363,2.1151695405187727,3.5189640704001914,1.7664453518011813,2.3043790462779636
2022-06-27,-0.002977,0.2977,1.9616103354957262,2.1466699851848055,3.513460069880318,2.4336835529090464,2.3043790462779636
2022-06-28,-0.020349,2.0349,1.8760918693335393,2.0471919142425175,3.4557289014537473,1.6667907599635892,2.3043790462779636
2022-06-29,-0.000712,0.0712,1.8958918337341992,2.0942610373032737,3.5310869466749937,2.0314052752220566,2.3043790462779636
2022-06-30,-0.008798,0.8798,1.7918644907310908,1.9948111143077787,3.4559407237357633,1.6247065571050052,2.3043790462779636
2022-07-01,0.010499,1.0499,1.7163139503342109,1.9290424231285308,3.44386582475354,1.6879748576326605,2.3043790462779636
2022-07-05,0.001583,0.1583,1.6509047964146268,1.856781906661716,3.392927303439272,1.5790883208357915,2.3043790462779636
2022-07-06,0.003567,0.35669999999999996,1.5558549554934542,1.770833539447254,3.322224439640094,1.4516487611677973,2.3043790462779636
2022-07-07,0.014854,1.4853999999999998,1.4733971904584362,1.691465343707341,3.2593015511616428,1.3675340473275244,2.3043790462779636
2022-07-08,-0.000831,0.08310000000000001,1.4734511033063993,1.6551825430062013,3.226779277101145,1.6507092074317633,2.3043790462779636
2022-07-11,-0.011594,1.1594,1.3873607775991421,1.5805378936722316,3.1651336163216297,1.3813300883206736,2.3043790462779636
2022-07-12,-0.009287,0.9287,1.3578889324308958,1.5712951240611304,3.1862112726787557,1.547611938310118,2.3043790462779636
2022-07-13,-0.004467,0.4467,1.3126389855197431,1.5411288565977632,3.189058383821947,1.5078430425942881,2.3043790462779636
2022-07-14,-0.003003,0.3003,1.2438272297161335,1.4823279228525883,3.1558095100341172,1.4106313800564625,2.3043790462779636
2022-07-15,0.019019,1.9019000000000001,1.178739314457365,1.4218219836089732,3.1130537361555115,1.3184306772447312,2.3043790462779636
2022-07-18,-0.008399,0.8399,1.2810092743253823,1.4384907080642317,3.0968032261432463,1.751906058782833,2.3043790462779636
2022-07-19,0.027254,2.7254,1.164887692951375,1.4112007719205661,3.0966219955044694,1.4203330320034102,2.3043790462779636
2022-07-20,0.005878,0.5878,1.4695706407675813,1.5083810731658518,3.101598227510669,2.194854561742076,2.3043790462779636
2022-07-21,0.009813,0.9813000000000001,1.4048295714923478,1.449452467961276,3.0533098338545064,1.497181528806711,2.3043790462779636
2022-07-22,-0.009376,0.9376000000000001,1.3404813826499173,1.407408869714502,3.0166433405524025,1.587189144431123,2.3043790462779636
2022-07-25,0.001314,0.13140000000000002,1.3316255940648891,1.392341890032334,3.0270290833723164,1.50859074599442,2.3043790462779636
2022-07-26,-0.01161,1.161,1.2643445127625175,1.3334047744291144,2.970478896930015,1.3902947475625447,2.3043790462779636
2022-07-27,0.02582,2.582,1.2535670022702239,1.3498767719458606,2.9995776384633657,1.4277025574677662,2.3043790462779636
2022-07-28,0.01206,1.206,1.438798452896483,1.4414159733715297,3.0048602156756385,2.062818137548727,0.9779518751360138
2022-07-29,0.014108,1.4108,1.4169991794234225,1.4110720313657281,2.97566659236156,1.5729161307266193,0.9779518751360138
2022-08-01,-0.002827,0.2827,1.414161606128321,1.3950243495039305,2.952701299627321,1.645238140027151,0.9779518751360138
2022-08-02,-0.006685,0.6685,1.3478074747639215,1.3399045947673918,2.916707140625369,1.4292176752335524,0.9779518751360138
2022-08-03,0.015517,1.5516999999999999,1.2978832920360077,1.3083146162406407,2.910846725977923,1.4538811561816185,0.9779518751360138
2022-08-04,-0.000778,0.07780000000000001,1.3250482738295946,1.3114192296167466,2.8939168517332856,1.5992486993898103,0.9779518751360138
2022-08-05,-0.001627,0.1627,1.2597502556364584,1.257768018465286,2.845059937119083,1.2766758926603103,0.9779518751360138
2022-08-08,-0.001238,0.1238,1.1993871203785444,1.2086435169805512,2.8043464690949413,1.2321554428723676,0.9779518751360138
2022-08-09,-0.004258,0.42579999999999996,1.0483280108122994,1.1619803647697362,2.762309942372068,1.2200491382317353,0.9779518751360138
2022-08-10,0.021067,2.1067,1.0973993650884255,1.1287108130931671,2.74427273655275,1.2379101031173467,0.9779518751360138
2022-08-11,-0.000706,0.0706,1.236514634038887,1.2040334884621444,2.7475970895324813,1.7818792456841739,0.9779518751360138
2022-08-12,0.017174,1.7173999999999998,1.1784889015162545,1.157185739426017,2.70377384508824,1.270761330305577,0.9779518751360138
2022-08-15,0.003962,0.3962,1.242733442843748,1.1908692700978138,2.6989004345464274,1.6876849544568442,0.9779518751360138
2022-08-16,0.001874,0.1874,1.1920921086425162,1.148666884851416,2.6614337876759366,1.371158786209679,0.9779518751360138
2022-08-17,-0.007264,0.7263999999999999,1.1411486538193092,1.1057139410765806,2.6202095888830876,1.3389677620092277,0.9779518751360138
2022-08-18,0.002267,0.22669999999999998,1.1131905148857282,1.0992767637689986,2.6300179872552123,1.3148435691746756,0.9779518751360138
2022-08-19,-0.012984,1.2984,1.0680958917558832,1.0601855289773083,2.590923447092122,1.2211230797917136,0.9779518751360138
2022-08-22,-0.021632,2.1632,1.099572588150733,1.132302405204572,2.6452557241915033,1.4144911048500801,0.9779518751360138
2022-08-23,-0.00224,0.22399999999999998,1.2449415218577982,1.3588603972327746,2.7644846737498443,1.8322266800808242,0.9779518751360138
2022-08-24,0.002912,0.2912,1.1908660985362274,1.3050192384670682,2.731370146166449,1.3150773665454059,0.9779518751360138
2022-08-25,0.013993,1.3993,1.1425155267974028,1.2537605139231687,2.6901056592068024,1.3098281290306757,0.9779518751360138
2022-08-26,-0.034269,3.4269000000000003,1.174937520582244,1.251952901231235,2.677816290644536,1.5785388325917102,0.9779518751360138
2022-08-29,-0.006689,0.6688999999999999,1.5355755802702324,1.7601370985726925,2.8964659638124512,2.563392907281285,0.9779518751360138
2022-08-30,-0.011089,1.1089,1.476076843332022,1.6989475600397073,2.8914288957292964,1.5340524591421247,0.9779518751360138
2022-08-31,-0.007848,0.7848,1.4454248080465044,1.6751303813751777,2.919722519162816,1.640201257681508,0.9779518751360138
2022-09-01,0.002992,0.29919999999999997,1.3973494005655946,1.6270663418104767,2.9224648482557662,1.5851419620021419,0.9779518751360138
2022-09-02,-0.010795,1.0795000000000001,1.3293011550404443,1.5567397774305205,2.8741229377624555,1.487532686229113,0.9779518751360138
2022-09-06,-0.004103,0.4103,1.3142333396075447,1.542848583092713,2.9008700572618875,1.3936138016322885,0.9779518751360138
2022-09-07,0.018175,1.8175000000000001,1.2593384268408423,1.4837291808065056,2.8763656180920822,1.2562231240508193,0.9779518751360138
2022-09-08,0.006589,0.6589,1.3237945508352953,1.4891694595961062,2.8673903754083607,1.6830091400227156,0.9779518751360138
2022-09-09,0.015156,1.5155999999999998,1.278441014478997,1.4344351993085112,2.8300283665900916,1.3496656324067826,0.9779518751360138
2022-09-12,0.010529,1.0529,1.3038997180154908,1.423820156513135,2.81532809388238,1.6208698319729442,0.9779518751360138
2022-09-13,-0.044199,4.4199,1.2839972002566116,1.3884056523350121,2.789702834274609,1.474640330555217,0.9779518751360138
2022-09-14,0.003381,0.3381,1.8223959074681693,2.126161007090188,3.084695630520954,3.1593228350708324,0.9779518751360138
2022-09-15,-0.011382,1.1381999999999999,1.7333704454150864,2.028034469723392,3.030940913492674,1.7216875576886768,0.9779518751360138
2022-09-16,-0.007208,0.7208,1.6824277104700434,1.9801031934811986,3.05588057622137,1.8549096923031048,0.9779518751360138
2022-09-19,0.006834,0.6834,1.617905443957695,1.9071201267588977,3.0484181599667792,1.7513719057356147,0.9779518751360138
2022-09-20,-0.011336,1.1336000000000002,1.5502811073605933,1.8273345516271966,3.0045989249185463,1.7348840275937756,0.9779518751360138
2022-09-21,-0.017265,1.7265,1.5138311750419395,1.7951723361329923,3.0302543466631686,1.4877620162176477,0.9779518751360138
2022-09-22,-0.008463,0.8463,1.5347968989109346,1.8319402631867967,3.1000362650302535,1.7297076353245364,0.9779518751360138
2022-09-23,-0.017383,1.7383,1.4799193481107675,1.7772416215969562,3.1002090186913045,1.4577027712122936,0.9779518751360138
2022-09-26,-0.010394,1.0394,1.5026444904982073,1.8180926106084843,3.168004423870884,1.7639877134209294,0.9779518751360138
2022-09-27,-0.002123,0.2123,1.4730352679302772,1.7780562511919962,3.179907907242218,1.5744650281286021,0.9779518751360138
2022-09-28,0.019481,1.9480999999999997,1.40115850337749,1.69973667279358,3.129682701812343,1.4223443317635853,0.9779518751360138
2022-09-29,-0.021353,2.1353,1.4646548548874454,1.6933980691993002,3.11391775129027,1.8179502720646679,0.9779518751360138
2022-09-30,-0.015181,1.5181,1.5417322647241132,1.805306685344846,3.2117062779882986,1.9606645027898069,0.9779518751360138
2022-10-03,0.025555,2.5555000000000003,1.5412856166752142,1.8150065743025614,3.258034400901639,1.7385982720858777,0.9779518751360138
2022-10-04,0.030125,3.0124999999999997,1.6629468874694786,1.8436781916875162,3.252160977744488,2.210874881398764,2.3043790462779636
2022-10-05,-0.00202,0.202,1.826642645514339,1.9103801030078384,3.2579571500600037,2.5318433590765443,2.3043790462779636
2022-10-06,-0.010298,1.0298,1.735479202500574,1.8245175637273077,3.2037991023319625,1.735426451423396,2.3043790462779636
2022-10-07,-0.028403,2.8403,1.675577784151388,1.7844566657493497,3.213520028065612,1.779768164340513,2.3043790462779636
2022-10-10,-0.007521,0.7521,1.812030226446484,2.0100489347667865,3.3619375308901063,2.452215509187559,2.3043790462779636
2022-10-11,-0.006541,0.6541,1.7314619533271636,1.9379281737752874,3.344289680200987,1.741035041893184,2.3043790462779636
2022-10-12,-0.003296,0.3296,1.6510684852909776,1.8654372265232981,3.320075180857952,1.5637902113774724,2.3043790462779636
2022-10-13,0.025634,2.5634,1.5795402100190647,1.784494707256179,3.2727860048617683,1.5257084927337858,2.3043790462779636
2022-10-14,-0.023947,2.3947,1.6963899605394512,1.8179273906713356,3.266499963859838,2.188745650252674,2.3043790462779636
2022-10-17,0.026136,2.6136,1.7596392577763849,1.9548436327326515,3.3778422982599055,2.1009750859541385,2.3043790462779636
2022-10-18,0.011363,1.1363,1.8566814123371518,1.9735497091296306,3.368424843323186,2.286717364804842,2.3043790462779636
2022-10-19,-0.006694,0.6694,1.7906916790831995,1.9039212974069883,3.322770633700576,1.830215251083872,2.3043790462779636
2022-10-20,-0.007983,0.7983,1.7056314364183645,1.8347841926084407,3.300590981246282,1.7535072340312714,2.3043790462779636
2022-10-21,0.023448,2.3448,1.6243060564008558,1.7777925708666775,3.2889508147658577,1.6668836325310774,2.3043790462779636
2022-10-24,0.011812,1.1812,1.7057358521604769,1.7944394393736955,3.276545897497886,2.11914258175329,2.3043790462779636
2022-10-25,0.016136,1.6136000000000001,1.6519267193218994,1.7391247608507183,3.235798728321377,1.653909407464629,2.3043790462779636
2022-10-26,-0.007415,0.7414999999999999,1.640853648101329,1.709437431542138,3.207416337483661,1.7980414836704965,2.3043790462779636
2022-10-27,-0.006101,0.6101,1.573093554288231,1.6578200354551258,3.1953735035141406,1.585841253341582,2.3043790462779636
2022-10-28,0.024328,2.4328,1.5026646656357123,1.6024080403995749,3.1740204208952605,1.5620820244788685,2.3043790462779636
2022-10-31,-0.007482,0.7482,1.6132757233821147,1.6470986576428506,3.1685379849682387,2.1042250454739864,2.3043790462779636
2022-11-01,-0.00411,0.411,1.5470935630594416,1.6008252215503824,3.158584832272325,1.5691050925607246,2.3043790462779636
2022-11-02,-0.02532,2.532,1.4768963060174816,1.5401750009674662,3.1239234915081857,1.468958101444694,2.3043790462779636
2022-11-03,-0.010642,1.0642,1.606922061299363,1.7548430914863107,3.2521169381068824,2.1663449624425004,2.3043790462779636
2022-11-04,0.013527,1.3527,1.5603917080662537,1.7243923671691228,3.262427895958939,1.6768322223764665,2.3043790462779636
2022-11-07,0.009568,0.9568,1.5403374172560502,1.6824167241038408,3.226497875132212,1.6817787010781176,2.3043790462779636
2022-11-08,0.005582,0.5582,1.4961186263708914,1.626745115741827,3.1822607182431955,1.5900482048982039,2.3043790462779636
2022-11-09,-0.020997,2.0997,1.4401712016518948,1.5631418708706615,3.1300016514232296,1.4992993196156663,2.3043790462779636
2022-11-10,0.053953,5.3953,1.5193745402591212,1.6919491039498291,3.22436007775777,1.8974181851927108,2.3043790462779636
2022-11-11,0.009198,0.9198,2.029600388655819,2.0952098821087577,3.2915605089741256,3.7697210837540753,2.3043790462779636
2022-11-14,-0.008976,0.8976,1.9345173777764173,2.012032014236253,3.243749509788264,2.0656753316046546,2.3043790462779636
2022-11-15,0.008675,0.8675,1.8589907735360889,1.9500081102853093,3.2418957218276803,2.046619947816399,2.3043790462779636
2022-11-16,-0.008286,0.8286,1.7951143162324574,1.874577166534306,3.1948300363354623,2.0363437098142345,2.3043790462779636
2022-11-17,-0.003094,0.3094,1.7366504440822377,1.817992422587766,3.1898189093504135,1.9592933178061929,2.3043790462779636
2022-11-18,0.004747,0.4747,1.677034256371911,1.7418584113083988,3.1463678707992946,1.3708633878326462,2.3043790462779636
2022-11-21,-0.003891,0.3891,1.6256844857256716,1.6704529359005085,3.093504303031925,1.3730118185580196,2.3043790462779636
2022-11-22,0.013489,1.3489,1.512009395807349,1.6058235394277576,3.059835528475663,1.3472809462394992,2.3043790462779636
2022-11-23,0.005897,0.5897,1.4973946171042392,1.5740309586355443,3.032005326903978,1.5576409173490533,2.3043790462779636
2022-11-25,-0.000283,0.0283,1.450296880067946,1.5143387801524462,2.9865190508475874,1.371246020851109,2.3043790462779636
2022-11-28,-0.015565,1.5565,1.3936771522903497,1.452022666779808,2.9304201287234255,1.3142146479171506,2.3043790462779636
2022-11-29,-0.001593,0.1593,1.4274180622873813,1.5104474832330017,2.9912348379346487,1.6508761147948081,2.3043790462779636
2022-11-30,0.030479,3.0479,1.3776425111443882,1.4496363526942053,2.9446046436873083,1.3694165312278073,2.3043790462779636
2022-12-01,-0.000868,0.0868,1.6127132058213156,1.5811889833617694,2.9637666309934274,2.3663758124397734,2.3043790462779636
2022-12-02,-0.001195,0.11950000000000001,1.546804180814082,1.5155142612043981,2.9128632827948397,1.524809176651295,2.3043790462779636
2022-12-05,-0.018056,1.8055999999999999,1.4746271598714773,1.4539546009235742,2.86635015226883,1.5253414315490155,2.3043790462779636
2022-12-06,-0.014504,1.4504,1.5184320919380798,1.5504350088847856,2.948899133831656,1.8658716438972964,2.3043790462779636
2022-12-07,-0.001864,0.1864,1.5183854643080132,1.5827880526130953,3.000865852866151,1.7919540945292096,2.3043790462779636
2022-12-08,0.007494,0.7494,1.4962690141790125,1.5182876248024522,2.9558609385990477,1.3833769069201638,2.3043790462779636
2022-12-09,-0.007377,0.7377,1.4261115084827711,1.4676547504024702,2.9173082289650187,1.458710514461317,2.3043790462779636
2022-12-12,0.014178,1.4178,1.398328078037064,1.4354378015214295,2.916608862931297,1.4682874696053223,2.3043790462779636
2022-12-13,0.007263,0.7263000000000001,1.4212613170057178,1.4220775387174858,2.8961272844741504,1.6031109232364429,2.3043790462779636
2022-12-14,-0.006071,0.6071,1.3933395321948143,1.3769436642113206,2.8593237237689677,1.2925372015922791,2.3043790462779636
2022-12-15,-0.025237,2.5237,1.4215061485365357,1.342953251506676,2.851102862423638,1.2768233551278736,2.3043790462779636
2022-12-16,-0.0112,1.1199999999999999,1.5286094681489586,1.6014794405078823,2.99022142055906,2.0333546831037617,2.3043790462779636
2022-12-19,-0.009048,0.9048,1.5055716151540361,1.5906151585640342,3.015422694893415,1.546618904546301,2.3043790462779636
2022-12-20,0.001037,0.1037,1.4804499594361529,1.5606849143429327,3.023388143496167,1.4728724733322978,2.3043790462779636
2022-12-21,0.014759,1.4759,1.4579248842099013,1.495955115343335,2.966304562893451,1.3618846586623994,2.3043790462779636
2022-12-22,-0.014557,1.4557,1.470902831512309,1.480623174697179,2.9453232693144473,1.6557404224998555,2.3043790462779636
2022-12-23,0.005851,0.5851000000000001,1.4784435308644213,1.5216943357875898,2.9978371629558276,1.576523586724918,2.3043790462779636
2022-12-27,-0.004058,0.4058,1.439751693390613,1.4666104265301316,2.953591310664528,1.3394323723503176,0.9779518751360138
2022-12-28,-0.012093,1.2093,1.4089720050705694,1.415988937576604,2.9266986763001523,1.300317292855863,0.9779518751360138
2022-12-29,0.017311,1.7311,1.4245231254177189,1.4339832897800195,2.9612049236370184,1.498915202271296,0.9779518751360138
2022-12-30,-0.002544,0.25439999999999996,1.4795276621811349,1.4419735592582816,2.946765839239488,1.684813867820419,0.9779518751360138
2023-01-03,-0.004009,0.40090000000000003,1.4419681222435559,1.387972486720421,2.9089088497953948,1.2998210886887471,0.9779518751360138
2023-01-04,0.007511,0.7511,1.4509448531584839,1.342684810093562,2.8833940244974787,1.2731647034457088,0.9779518751360138
2023-01-05,-0.011714,1.1714,1.4343011229436553,1.3040454294565547,2.847689521713125,1.3385379434293223,0.9779518751360138
2023-01-06,0.022584,2.2584,1.439736338479075,1.3303091480686127,2.8824434926192883,1.443141868909637,0.9779518751360138
2023-01-09,-0.000768,0.07680000000000001,1.4857243838255874,1.3961866950481006,2.8842419716388856,1.8794008238797808,0.9779518751360138
2023-01-10,0.006954,0.6954,1.4853000637149327,1.3423618172105891,2.8356837531453847,1.313230847337969,0.9779518751360138
2023-01-11,0.012768,1.2768,1.463238296608505,1.3027519072512994,2.8004418184675877,1.3840607874656372,0.9779518751360138
2023-01-12,0.00341,0.34099999999999997,1.532730264019537,1.2935585543950474,2.780940279179037,1.5464790467381058,0.9779518751360138
2023-01-13,0.003989,0.39890000000000003,1.4297144446515646,1.2483551973184726,2.7390371366649813,1.3349480841965353,0.9779518751360138
2023-01-17,-0.002033,0.2033,1.3996267243271914,1.2078619472330707,2.7001423438230683,1.2174133002805578,0.9779518751360138
2023-01-18,-0.015685,1.5685,1.3647193895795582,1.1674538723988166,2.6679018244252877,1.1992216987279707,0.9779518751360138
2023-01-19,-0.007668,0.7668,1.5042982658637134,1.2722710600878704,2.7400285266649926,1.5569993713871564,0.9779518751360138
2023-01-20,0.018742,1.8742,1.3983490100073035,1.2590440826968063,2.748363926625453,1.2839893241378606,0.9779518751360138
2023-01-23,0.011811,1.1811,1.4762383974125224,1.297736181808411,2.745713568112309,1.702532440013993,0.9779518751360138
2023-01-24,-0.000712,0.0712,1.467701817119656,1.283370737551358,2.72591309837392,1.495781621928816,0.9779518751360138
2023-01-25,-0.000182,0.0182,1.462217227971794,1.2363445744193924,2.6829425032902714,1.3223673511925498,0.9779518751360138
2023-01-26,0.010948,1.0948,1.39596995207317,1.1925807699323645,2.6376642588590733,1.256035781815152,0.9779518751360138
2023-01-27,0.002492,0.24919999999999998,1.376310956580257,1.1829028186273052,2.619756010533937,1.4228306113870337,0.9779518751360138
2023-01-30,-0.013054,1.3054,1.3637907585880091,1.1423555350497272,2.581590901422091,1.1903120578234938,0.9779518751360138
2023-01-31,0.014536,1.4536,1.3712444460769306,1.2072849186126717,2.6368117643193876,1.423190095946427,0.9779518751360138
2023-02-01,0.010398,1.0397999999999998,1.3957026076607622,1.2189745225209967,2.627860433597444,1.5170886114858289,0.9779518751360138
2023-02-02,0.014592,1.4592,1.3804871247468669,1.203516715011692,2.6089494200839676,1.409302901934144,0.9779518751360138
2023-02-03,-0.010409,1.0409,1.3808463442438432,1.2143029933891627,2.6011594558945035,1.5586689796746453,0.9779518751360138
2023-02-06,-0.006159,0.6159,1.3862895433135485,1.2349774320784301,2.6354655684471795,1.46079830842591,0.9779518751360138
2023-02-07,0.01279,1.279,1.3648773714702447,1.2131868845205536,2.6364011637274922,1.34393092564313,0.9779518751360138
2023-02-08,-0.011143,1.1143,1.3705361086169103,1.2122148468021354,2.6231182329616654,1.4899456742445343,0.9779518751360138
2023-02-09,-0.008869,0.8869,1.3661006267548292,1.241573987998397,2.662179642207289,1.4328356849269217,0.9779518751360138
2023-02-10,0.002193,0.2193,1.3536471764376392,1.2415281523815076,2.6825165657117767,1.3494403076460997,0.9779518751360138
2023-02-13,0.011384,1.1384,1.3255578009822493,1.1971051268469834,2.6412988481839283,1.2231258095551742,0.9779518751360138
2023-02-14,-0.00028,0.027999999999999997,1.324518600279525,1.1890830603950386,2.6243394682363754,1.4087026438180628,0.9779518751360138
2023-02-15,0.002769,0.27690000000000003,1.274087480270205,1.1472258141718263,2.5819410049795035,1.1966098163979768,0.9779518751360138
2023-02-16,-0.013885,1.3885,1.2311362709908025,1.111078522643282,2.545840961934991,1.1780120913640912,0.9779518751360138
2023-02-17,-0.002771,0.2771,1.2778204280775165,1.1933952558471357,2.6087812003618542,1.4570516337453523,0.9779518751360138
2023-02-21,-0.020245,2.0244999999999997,1.2321506982306851,1.156418278236544,2.5853999166069888,1.2053983392223502,0.9779518751360138
2023-02-22,-0.001575,0.1575,1.3299464826366416,1.3508740003504887,2.6961356342442464,1.7503958471442964,0.9779518751360138
2023-02-23,0.005315,0.5315000000000001,1.3115837774711794,1.2994216663508487,2.660651746044445,1.266736303577031,0.9779518751360138
2023-02-24,-0.010593,1.0593,1.2717312145829895,1.257010488033293,2.6279455656912556,1.3023190974565335,0.9779518751360138
2023-02-27,0.003068,0.3068,1.2690311220862607,1.27313310509267,2.6626407260788616,1.397399384750115,0.9779518751360138
2023-02-28,-0.003041,0.3041,1.2368761870459903,1.2284409839104533,2.624319492218408,1.262896239918387,0.9779518751360138
2023-03-01,-0.004736,0.47359999999999997,1.1879722574817997,1.1890708160163146,2.6023714230067734,1.1588360986783248,0.9779518751360138
2023-03-02,0.007554,0.7554,1.153075707199171,1.1600074178491449,2.593873047645092,1.1843266280465032,0.9779518751360138
2023-03-03,0.016019,1.6018999999999999,1.136677226614668,1.1356682686679405,2.569158287397299,1.2368506969315252,0.9779518751360138
2023-03-06,0.000687,0.0687,1.2253464119986521,1.1664332231859897,2.566396632023245,1.522950438359699,0.9779518751360138
2023-03-07,-0.015446,1.5446,1.1651674135029286,1.1234098666271821,2.5257206709139797,1.1860740403532994,0.9779518751360138
2023-03-08,0.001414,0.1414,1.2358460472469472,1.2308312742725578,2.6014535439534834,1.542825307641795,0.9779518751360138
2023-03-09,-0.018632,1.8632,1.1804385958364025,1.184567343177373,2.5613019192761497,1.236684535926604,0.9779518751360138
2023-03-10,-0.014584,1.4584,1.2931178793361109,1.3396642410335209,2.660389037394001,1.7153412659001703,0.9779518751360138
2023-03-13,-0.001511,0.15109999999999998,1.325399064971838,1.398870034342841,2.7243358744095123,1.5653603684455537,0.9779518751360138
2023-03-14,0.016342,1.6341999999999999,1.2735248645083574,1.3444306972887539,2.6873300822322563,1.3049201772522332,0.9779518751360138
2023-03-15,-0.007005,0.7005,1.3261996365030806,1.3524058064280997,2.6809957946822784,1.6326262672761334,0.9779518751360138
2023-03-16,0.01741,1.7409999999999999,1.2899625008629467,1.3245523276334485,2.686579798741856,1.3911034099232162,0.9779518751360138
2023-03-17,-0.011081,1.1081,1.354626762733223,1.3435386569950916,2.6829400703033697,1.67786388887776,0.9779518751360138
2023-03-20,0.008879,0.8879,1.3053094673303682,1.356218892967572,2.7192606516490434,1.4637066516894701,0.9779518751360138
2023-03-21,0.012899,1.2899,1.3212572668492162,1.3215452551702944,2.693186793622395,1.428864752941999,0.9779518751360138
2023-03-22,-0.0166,1.66,1.3315631341333978,1.3096360169520844,2.6780615141593245,1.5116295783028328,0.9779518751360138
2023-03-23,0.00298,0.298,1.3788130776494167,1.4048308933301186,2.756847575446844,1.6822073057147267,0.9779518751360138
2023-03-24,0.005624,0.5624,1.326834596166465,1.350242891071974,2.7147966892660977,1.2960741633486874,0.9779518751360138
2023-03-27,0.001646,0.1646,1.2870375360429782,1.3049846227080637,2.6808417816076804,1.3067704530635822,0.9779518751360138
2023-03-28,-0.001575,0.1575,1.237328379701495,1.255786052714475,2.638345913111277,1.248278182577906,0.9779518751360138
2023-03-29,0.014137,1.4137,1.1911099750670258,1.2101860694464157,2.60500626713098,1.2033631017278204,0.9779518751360138
2023-03-30,0.005699,0.5699,1.230612590929458,1.2175474336874719,2.5962341890375518,1.4534487725750778,0.9779518751360138
2023-03-31,0.014333,1.4333,1.1974787767406836,1.181184400938283,2.566839753704595,1.2422474629074514,0.9779518751360138
2023-04-03,0.003692,0.3692,1.2360690693534615,1.1931049228082313,2.5599582652701427,1.5070201041127487,0.9779518751360138
2023-04-04,-0.005814,0.5813999999999999,1.1888391649280705,1.1541176328960594,2.526931177223923,1.2657034527487077,0.9779518751360138
2023-04-05,-0.002495,0.24949999999999997,1.154783247684992,1.1349915485417477,2.529265702238509,1.2919438449096772,0.9779518751360138
2023-04-06,0.003573,0.35729999999999995,1.106466848338076,1.1001773710679459,2.506723923048487,1.2070604206501014,0.9779518751360138
2023-04-10,0.000996,0.0996,1.0585399820565247,1.0676408474299994,2.475320034189945,1.2022814983189254,0.9779518751360138
2023-04-11,-4.1e-05,0.0041,1.0033331352234636,1.0340823698834722,2.438680631079738,1.1320354428638708,0.9779518751360138
2023-04-12,-0.004143,0.4143,0.9553517521977988,1.0015236261033356,2.401180971521499,1.111371039437325,0.9779518751360138
2023-04-13,0.013176,1.3176,0.9073731587819777,0.9846200003991421,2.395497161337941,1.1250242336945457,0.9779518751360138
2023-04-14,-0.002072,0.2072,0.9821407106809115,1.009836007022883,2.391877345173329,1.3895286708089185,0.9779518751360138
2023-04-17,0.003301,0.3301,0.9310346125984078,0.9825431507015545,2.371070023015602,1.143167087524829,0.9779518751360138
2023-04-18,0.000855,0.08549999999999999,0.9004684535346807,0.9581672369587643,2.343778376747688,1.1541526580569834,0.9779518751360138
2023-04-19,-8.4e-05,0.0084,0.8223688188318177,0.9312537028248585,2.3113908553207914,1.125472674479483,0.9779518751360138
2023-04-20,-0.00597,0.597,0.76961897354947,0.9071469085450627,2.278629714614163,1.1142631032211379,0.9779518751360138
2023-04-21,0.000903,0.0903,0.7093847275411809,0.9118513571898688,2.2909340260220428,1.1310179032623664,0.9779518751360138
2023-04-24,0.000851,0.0851,0.7011460850757826,0.8859062082073954,2.260463672804148,1.0670842210434939,0.9779518751360138
2023-04-25,-0.015937,1.5937,0.7638847101509919,0.8649542661550778,2.23090815771993,1.0510768225491418,0.9779518751360138
2023-04-26,-0.003849,0.3849,0.8556878512326144,1.0324981821105719,2.3213353609381673,1.4722943313753538,0.9779518751360138
2023-04-27,0.019377,1.9376999999999998,0.838166812937307,1.0106512240715664,2.316238900677927,1.1566104355832174,0.9779518751360138
2023-04-28,0.008219,0.8219000000000001,1.0588429295819108,1.0880853307740406,2.330931549512782,1.6855878993395745,0.9779518751360138
2023-05-01,-0.000386,0.0386,1.050297542939177,1.0661629453512438,2.3172000279783966,1.3453806313456427,0.9779518751360138
2023-05-02,-0.011654,1.1654,0.9985114566645827,1.0309887971576333,2.2864735972757844,1.2465243541142708,0.9779518751360138
2023-05-03,-0.007023,0.7022999999999999,1.0279266263557336,1.0897726816921591,2.341768883348953,1.4028851860006222,0.9779518751360138
2023-05-04,-0.007245,0.7244999999999999,1.006631084759419,1.0822673810780983,2.3598271556405415,1.292460479627907,0.9779518751360138
2023-05-05,0.018306,1.8306,0.991888442660384,1.075618235722241,2.3789146083499735,1.2213268936284012,0.9779518751360138
2023-05-08,0.000452,0.0452,1.1252053242412376,1.132743246953503,2.388719826523295,1.6344642328910106,0.9779518751360138
2023-05-09,-0.00459,0.459,1.081907122018101,1.0885712680233188,2.3537681538400905,1.224228646658785,0.9779518751360138
2023-05-10,0.004474,0.44739999999999996,1.041792167129842,1.0648273299125117,2.3530957892520377,1.226271043774581,0.9779518751360138
2023-05-11,-0.001698,0.1698,1.0062706196480733,1.0335063729933187,2.3293196319916363,1.218351198546626,0.9779518751360138
2023-05-12,-0.001585,0.1585,0.9593362543915592,1.00145453241604,2.307906928419514,1.1810743205658143,0.9779518751360138
2023-05-15,0.002954,0.2954,0.861661259697628,0.9691793800642097,2.286386063120323,1.092068887570743,0.9779518751360138
2023-05-16,-0.006398,0.6398,0.8782398087191288,0.9421526776302149,2.261145324347758,1.096808130394738,0.9779518751360138
2023-05-17,0.011821,1.1821,0.8630152513228486,0.943642976725201,2.2772836972983708,1.1538201711271996,0.9779518751360138
2023-05-18,0.009401,0.9400999999999999,0.9244463646468868,0.9536675690582694,2.27436112801578,1.3273365359998195,0.9779518751360138
2023-05-19,-0.001447,0.1447,0.9327861785537338,0.9526209134653254,2.265525741313694,1.2814577931402968,0.9779518751360138
2023-05-22,0.000155,0.0155,0.8871086064440092,0.9248172367966391,2.244427105347507,1.1576243904220402,0.9779518751360138
2023-05-23,-0.011285,1.1285,0.8441174780338756,0.8959564860827267,2.213691884091968,1.1506811214233073,0.9779518751360138
2023-05-24,-0.007346,0.7346,0.8908152132527986,0.9677738713018585,2.2687057233281864,1.354332277323405,0.9779518751360138
2023-05-25,0.008719,0.8718999999999999,0.8819928992066197,0.9765391162009277,2.2917567721285605,1.2374248229286495,0.9779518751360138
2023-05-26,0.012965,1.2965,0.8912810194819141,0.9678662372769496,2.2806288642875936,1.2582563908440918,0.9779518751360138
2023-05-30,1.7e-05,0.0017,0.9578977743271907,0.9877418491055421,2.2804698786683835,1.4214011260372634,0.9779518751360138
2023-05-31,-0.006127,0.6126999999999999,0.9120865393069161,0.9552581638005817,2.2481784870212436,1.1808902825834415,0.9779518751360138
2023-06-01,0.009806,0.9806,0.8899250358821651,0.9531042964699643,2.262714819260613,1.212024528918454,0.9779518751360138
2023-06-02,0.01443,1.443,0.9097333831146125,0.9529392369635837,2.25528451430043,1.3073186104389396,0.9779518751360138
2023-06-05,-0.002006,0.2006,0.9924054350985314,0.9880250366110862,2.2596538306625527,1.4791486250542911,0.9779518751360138
2023-06-06,0.002351,0.23509999999999998,0.947948956505048,0.9584633115992159,2.242910958308174,1.1705586137823256,0.9779518751360138
2023-06-07,-0.003819,0.3819,0.906936952916293,0.9294718039688075,2.2176499692969047,1.1722151724832774,0.9779518751360138
2023-06-08,0.00617,0.617,0.8730319329656405,0.911873191040982,2.21586182650798,1.1661750135807232,0.9779518751360138
2023-06-09,0.001147,0.1147,0.8536876870357037,0.8950369507796553,2.2009574832855314,1.1878938785935382,0.9779518751360138
2023-06-12,0.009278,0.9278,0.8093754113148067,0.8651705628097405,2.1741068419050276,1.0753299608027296,0.9779518751360138
2023-06-13,0.006909,0.6909000000000001,0.8266487451855196,0.8638784126451952,2.1683141612637855,1.2283546705654682,0.9779518751360138
2023-06-14,0.000819,0.0819,0.8184394120149214,0.8558092858185903,2.156841790140522,1.1850949505841293,0.9779518751360138
2023-06-15,0.012105,1.2105,0.8404397312772177,0.8306579010205997,2.130654310196645,1.1095923465399353,0.9779518751360138
2023-06-16,-0.003678,0.36779999999999996,0.8999108271158089,0.8559649298960883,2.133365533308006,1.349282722560398,0.9779518751360138
2023-06-20,-0.004746,0.4746,0.88019649163502,0.8423132324821528,2.133334219651521,1.1660354818357803,0.9779518751360138
2023-06-21,-0.005259,0.5259,0.8439294747952377,0.8348105401919566,2.141322706749188,1.158133171789842,0.9779518751360138
2023-06-22,0.003704,0.3704,0.8005420799759513,0.8347359745019397,2.1529173257283873,1.1580664614347485,0.9779518751360138
2023-06-23,-0.007688,0.7688,0.7500214760931039,0.8157245176901853,2.1339968215752134,1.1407579477259846,0.9779518751360138
2023-06-26,-0.004497,0.4497,0.8103783153208359,0.8400632624266278,2.164223754507627,1.1889623486889733,0.9779518751360138
2023-06-27,0.011391,1.1391,0.7413215317051356,0.8327489143301342,2.1693181897835494,1.127318795860337,0.9779518751360138
2023-06-28,-0.000354,0.0354,0.8416996269826489,0.8540431953295182,2.168972894120076,1.3138213558166878,0.9779518751360138
2023-06-29,0.004464,0.4464,0.7710393658917446,0.8284323084972558,2.1429893915772493,1.1172799353787752,0.9779518751360138
2023-06-30,0.012194,1.2194,0.7496178454939003,0.8116185335662098,2.1262745991070036,1.1430352571552638,0.9779518751360138
2023-07-03,0.00117,0.117,0.8718590058379359,0.843789684835871,2.1293767627372286,1.351234287235193,0.9779518751360138
2023-07-05,-0.00197,0.197,0.7959742298869412,0.819298228971259,2.1049579251255883,1.1380983853340625,0.9779518751360138
2023-07-06,-0.007954,0.7953999999999999,0.7726365530524321,0.7994933179411148,2.0930818772622883,1.1042227458715022,0.9779518751360138
2023-07-07,-0.002869,0.2869,0.7827580678732977,0.8321225005972118,2.12670380121194,1.2043856235027053,0.9779518751360138
2023-07-10,0.002402,0.2402,0.7319127992842381,0.8150623437498019,2.120832210175767,1.1186265771471728,0.9779518751360138
2023-07-11,0.00672,0.672,0.7089774531175841,0.7935752151588661,2.0997299604667212,1.0756299506335811,0.9779518751360138
2023-07-12,0.007384,0.7384,0.7150120086857454,0.7892026078258217,2.0900320007632134,1.150726570736941,0.9779518751360138
2023-07-13,0.008434,0.8434,0.7146882041553736,0.7891870260713276,2.0823057819365625,1.178550094735052,0.9779518751360138
2023-07-14,-0.001025,0.10250000000000001,0.7306952087825841,0.7956074013756783,2.077448198040968,1.2078132697151494,0.9779518751360138
2023-07-17,0.003848,0.3848,0.7090649450654181,0.7732582985827355,2.059420398282429,1.0957716224195624,0.9779518751360138
2023-07-18,0.007092,0.7092,0.6863153896580758,0.7586974163177083,2.043886804918881,1.118477942250092,0.9779518751360138
2023-07-19,0.002355,0.2355,0.7177058979430488,0.7563166828741857,2.0369142031203316,1.1761169482666254,0.9779518751360138
2023-07-20,-0.00678,0.6779999999999999,0.7028812391136567,0.73927242023913,2.018402132185132,1.0877221984036183,0.9779518751360138
2023-07-21,0.000324,0.0324,0.6728553676486307,0.7645450378935206,2.0455387931413496,1.1457589586819734,0.9779518751360138
2023-07-24,0.004026,0.4026,0.637222512914516,0.7442391358607177,2.0217215959114045,1.072115788522863,0.9779518751360138
2023-07-25,0.002811,0.2811,0.5966895466925279,0.7326512751337048,2.0078368770590918,1.0979486858227938,0.9779518751360138
2023-07-26,-0.000155,0.0155,0.5727429418588207,0.7177457111761647,1.9913667288352237,1.0725662398658649,0.9779518751360138
2023-07-27,-0.006445,0.6445000000000001,0.5966149220097658,0.6978020636320369,1.9696061819653041,1.055274879356085,0.9779518751360138
2023-07-28,0.009829,0.9828999999999999,0.5808122550830395,0.7235592570675181,1.995762471027022,1.121774196351476,0.9779518751360138
2023-07-31,0.001468,0.14679999999999999,0.6579092137297416,0.7457427037386204,1.9971580640599846,1.2270756287205773,0.9779518751360138
2023-08-01,-0.002669,0.26689999999999997,0.6145956674336059,0.7276193580467338,1.9777036088986302,1.0802294287326188,0.9779518751360138
2023-08-02,-0.013936,1.3936,0.5690389078937702,0.7168104963156949,1.9751130642474024,1.0874457359795018,0.9779518751360138
2023-08-03,-0.002551,0.2551,0.7280948845320817,0.8728098001390423,2.0588318706098767,1.3994330244066702,0.9779518751360138
2023-08-04,-0.005314,0.5314,0.7212135398080985,0.8499522504510658,2.0527858524190665,1.1317873797670657,0.9779518751360138
2023-08-07,0.008984,0.8984000000000001,0.6896231725184278,0.8470976658584953,2.0677014424836067,1.1482223382690304,0.9779518751360138
2023-08-08,-0.004227,0.42269999999999996,0.7336753187346151,0.849991966828684,2.064689706453971,1.245371952992358,0.9779518751360138
2023-08-09,-0.007064,0.7064,0.6945511507326639,0.8384332705311206,2.0710227294256844,1.1568944525755147,0.9779518751360138
2023-08-10,0.000251,0.025099999999999997,0.6543778977850728,0.8527804274616172,2.0985979652088647,1.1697626289551228,0.9779518751360138
2023-08-11,-0.00107,0.107,0.6638865978229449,0.8258086331966166,2.072907203539518,1.088824354843333,0.9779518751360138
2023-08-14,0.005734,0.5734,0.6428406039219772,0.8003084795350404,2.0553603015527684,1.080616050685904,0.9779518751360138
2023-08-15,-0.011618,1.1618,0.7974966685965048,0.7896154667068488,2.044647330809625,1.1163664653687875,0.9779518751360138
2023-08-16,-0.007584,0.7584,0.7111447449174038,0.8822686125934923,2.108013583610386,1.2989534787281642,0.9779518751360138
2023-08-17,-0.007743,0.7743,0.7189887933626076,0.8991277520047364,2.1383199794972128,1.1937371038465716,0.9779518751360138
2023-08-18,-0.000149,0.014899999999999998,0.8627109079734204,0.9161287155094825,2.1688282890964703,1.212616236036777,0.9779518751360138
2023-08-21,0.006856,0.6856,0.8346454596199784,0.883958659618191,2.141320788782046,1.1222524965888916,0.9779518751360138
2023-08-22,-0.002781,0.2781,0.8355217809184561,0.8690319044653916,2.1305902456069377,1.1968578696737553,0.9779518751360138
2023-08-23,0.010984,1.0984,0.8123841483783109,0.8470084095651991,2.1239317895220338,1.104281471546091,0.9779518751360138
2023-08-24,-0.013549,1.3549,0.8572114261528511,0.8636047448647162,2.1240856148420066,1.2895581719720906,0.9779518751360138
2023-08-25,0.006696,0.6696,0.812158932941329,0.9773446358028552,2.199703789263713,1.4053275296527854,0.9779518751360138
2023-08-28,0.006245,0.6244999999999999,0.809597357302156,0.9509740113756158,2.186626806006019,1.2331783270070877,0.9779518751360138
2023-08-29,0.014404,1.4404,0.7961762675320276,0.9291086698171401,2.1728928331709394,1.222802024491291,0.9779518751360138
2023-08-30,0.003826,0.3826,0.8838704743993308,0.9632951889126918,2.1799791344738852,1.488569551650174,0.9779518751360138
2023-08-31,-0.001598,0.1598,0.7450985080985966,0.9324916089547877,2.160463081684706,1.2159573830114279,0.9779518751360138
2023-09-01,0.001798,0.1798,0.8131765954437447,0.9012133856270301,2.143998102627253,1.1520355599546397,0.9779518751360138
2023-09-05,-0.004203,0.4203,0.7787137490213129,0.8705905224776286,2.1206444175127888,1.1338002623919259,0.9779518751360138
2023-09-06,-0.006996,0.6996,0.7535045933196548,0.8560421185021377,2.124970072422804,1.1507959522434896,0.9779518751360138
2023-09-07,-0.003216,0.3216,0.752928534239268,0.8671438987532905,2.1502436932909452,1.1579114690683394,0.9779518751360138
2023-09-08,0.001426,0.1426,0.7244298043256204,0.8466164570378416,2.146192169550948,1.0936360812445793,0.9779518751360138
2023-09-11,0.006701,0.6701,0.6926471950226892,0.8187060587688995,2.1218520543210397,1.0793805010745747,0.9779518751360138
2023-09-12,-0.005712,0.5712,0.6933170753240817,0.8094599495440946,2.1113899654969206,1.157415090751801,0.9779518751360138
2023-09-13,0.001241,0.12409999999999999,0.6890221241239008,0.8032660914374873,2.12734417950108,1.144060980935894,0.9779518751360138
2023-09-14,0.008395,0.8394999999999999,0.6569245813385212,0.7781378849609283,2.1031660743841805,1.0824364483423494,0.9779518751360138
2023-09-15,-0.012234,1.2234,0.6820626783499083,0.7813511647334992,2.0975239912636816,1.205314986632125,0.9779518751360138
2023-09-18,0.000721,0.0721,0.7577475820678086,0.8852560362191944,2.1638581859590005,1.3490802150724768,0.9779518751360138
2023-09-19,-0.002153,0.2153,0.7234634664345879,0.8539566885890064,2.1371988849231482,1.1250152739852024,0.9779518751360138
2023-09-20,-0.009439,0.9439,0.6929438346795299,0.8280338835694687,2.125623543857125,1.121488773773505,0.9779518751360138
2023-09-21,-0.016537,1.6537,0.7265478844882757,0.8739914187104094,2.1694827074225356,1.2707417903335045,0.9779518751360138
2023-09-22,-0.002298,0.2298,0.8658887645691775,1.046732562409858,2.2668102268934707,1.5506614831741967,0.9779518751360138
2023-09-25,0.004015,0.4015,0.8305809230586648,1.0073479227396553,2.251979916613814,1.1743088482166861,0.9779518751360138
2023-09-26,-0.014844,1.4844,0.802801366474178,0.9724198018025895,2.2305200630116966,1.1898935548190854,0.9779518751360138
2023-09-27,0.000229,0.0229,0.8077912599522906,1.0885009783873447,2.3124570934329793,1.5045708059111076,0.9779518751360138
2023-09-28,0.005876,0.5876,0.8533713999900737,1.0426732027264403,2.279594876734105,1.1978346764057215,0.9779518751360138
2023-09-29,-0.002713,0.2713,0.834906034988246,1.0093965562430853,2.261797243341478,1.1881312738077388,0.9779518751360138
2023-10-02,7.9e-05,0.007899999999999999,0.8016772343353468,0.9738395334135357,2.2502329788834894,1.1392136119271048,0.9779518751360138
2023-10-03,-0.013839,1.3839000000000001,0.7667697897875504,0.9334738194588138,2.2191068683000004,1.1229143385405673,0.9779518751360138
2023-10-04,0.008077,0.8077000000000001,0.8518796101858085,1.0340714085140132,2.2936354771971037,1.3902618725981088,0.9779518751360138
2023-10-05,-0.001305,0.1305,0.8498729998477733,1.0117787145604284,2.280847772883346,1.239419181592733,0.9779518751360138
2023-10-06,0.011746,1.1745999999999999,0.8124007009347542,0.9719109950622337,2.2581617417447535,1.136880343176009,0.9779518751360138
2023-10-09,0.006284,0.6284,0.8595603423531175,0.9741225372100313,2.255689360739371,1.3626053982720014,0.9779518751360138
2023-10-10,0.005194,0.5194,0.842824069743523,0.9479278532227261,2.2397313511656582,1.2404104201432686,0.9779518751360138
2023-10-11,0.004284,0.42839999999999995,0.820057393684059,0.9196425968304599,2.2216089809428228,1.1826240676563284,0.9779518751360138
2023-10-12,-0.006266,0.6265999999999999,0.7936047396171658,0.8906347539546638,2.2018437905618216,1.1565578312821196,0.9779518751360138
2023-10-13,-0.005031,0.5031,0.7837969823009475,0.8862250541333864,2.218998717797633,1.197501894320005,0.9779518751360138
2023-10-16,0.010539,1.0539,0.7664569927902672,0.8708128326628619,2.2262362014094745,1.148896017662173,0.9779518751360138
2023-10-17,-9.8e-05,0.0098,0.8055550062821887,0.8745837728820134,2.221858244075587,1.2911735313272186,0.9779518751360138
2023-10-18,-0.01349,1.349,0.770176603292395,0.8409740893724886,2.192219058425183,1.11681195556817,0.9779518751360138
2023-10-19,-0.008519,0.8519000000000001,0.8454476666234788,0.9550329505944095,2.2649962200082108,1.4143861468495793,0.9779518751360138
2023-10-20,-0.012665,1.2665,0.8483305640427118,0.9707267410709267,2.29707033365581,1.2823200630497833,0.9779518751360138
2023-10-23,-0.001687,0.1687,0.8319344008490175,1.0438403059859314,2.359753951536445,1.4282616276088915,0.9779518751360138
2023-10-24,0.00724,0.724,0.8621639076655356,1.0015536797102482,2.337202061784586,1.1817305148383028,0.9779518751360138
2023-10-25,-0.014443,1.4443,0.8539561579736633,0.975716808848132,2.320830872218085,1.2673382324383653,0.9779518751360138
2023-10-26,-0.011903,1.1903000000000001,0.9269772262357676,1.0813656100580624,2.3963955790473115,1.4791908459357095,0.9779518751360138
2023-10-27,-0.004812,0.4812,0.9546103926881035,1.1273796235355622,2.4496497404085638,1.4097475500244716,0.9779518751360138
2023-10-30,0.011938,1.1938,0.9253057755653749,1.0914740749375982,2.4472440597602763,1.2216828921614642,0.9779518751360138
2023-10-31,0.006454,0.6454,0.953457044936257,1.0850336912745155,2.4386961039665422,1.4159348893222456,0.9779518751360138
2023-11-01,0.010451,1.0451,0.8610938066721783,1.0505990537093193,2.4168310712406735,1.2840665275210625,0.9779518751360138
2023-11-02,0.018683,1.8683,0.9440377119800704,1.0360963099908516,2.4056272569408543,1.3552176769065551,0.9779518751360138
2023-11-03,0.00935,0.935,1.0624158715833316,1.0935406948662543,2.4154197863191738,1.6781541242090965,0.9779518751360138
2023-11-06,0.001751,0.1751,1.0483705925294093,1.0708679887589712,2.4015613802212883,1.393293958143794,0.9779518751360138
2023-11-07,0.002836,0.2836,0.9964182447682084,1.0256675791719219,2.369375374360138,1.2499946796286776,0.9779518751360138
2023-11-08,0.001004,0.10039999999999999,0.8734430632455545,0.984938975620437,2.3409901318790918,1.2436826514830863,0.9779518751360138
2023-11-09,-0.008117,0.8116999999999999,0.9004438019542313,0.9426584747222908,2.3090319952912255,1.2055484903561533,0.9779518751360138
2023-11-10,0.015496,1.5495999999999999,0.9098991481340586,0.9423263362075573,2.3364845598863426,1.2306130762347685,0.9779518751360138
2023-11-13,-0.000836,0.08360000000000001,0.8996745311917379,0.9800471320407076,2.3407279952292765,1.4960110739897616,0.9779518751360138
2023-11-14,0.018895,1.8895,0.9423970883777706,0.9385517813073639,2.3125101290247385,1.1810070128919643,0.9779518751360138
2023-11-15,0.001596,0.1596,1.067899905086735,1.0125540817213596,2.3261189367294577,1.6983706603094624,0.9779518751360138
2023-11-16,0.00119,0.11900000000000001,1.0168641135453174,0.9695154660946685,2.2961530150475746,1.2782314961696102,0.9779518751360138
2023-11-17,0.001281,0.1281,0.9688098965763402,0.9289520616979088,2.266218586634637,1.2614974229066027,0.9779518751360138
2023-11-20,0.007363,0.7363,0.9231172503430212,0.8909166081923628,2.237526813021594,1.1962599276913022,0.9779518751360138
2023-11-21,-0.002023,0.2023,0.9074984672493652,0.8736806646215153,2.224865591772142,1.2826985644335929,0.9779518751360138
2023-11-22,0.004053,0.4053,0.8556203282451762,0.8412263243768323,2.209413937505956,1.1146762758756463,0.9779518751360138
2023-11-24,0.000597,0.059699999999999996,0.8413614100985688,0.8140806367909778,2.18948456754957,1.138138400986453,0.9779518751360138
2023-11-27,-0.001956,0.1956,0.8241993032948296,0.7827887069206464,2.161674390740361,1.1105272108777886,0.9779518751360138
2023-11-28,0.00098,0.098,0.7626266278732746,0.755586457024169,2.147808328940661,1.1073606387713084,0.9779518751360138
2023-11-29,-0.000947,0.0947,0.7290413494653414,0.7281842910570946,2.1223145245717356,1.0817550952040855,0.9779518751360138
2023-11-30,0.003777,0.3777,0.7081499846203311,0.6979953548860995,2.102237710018193,1.079735260144819,0.9779518751360138
2023-12-01,0.005857,0.5857,0.690565502789696,0.679914062765621,2.085152589026027,1.0947592395134191,0.9779518751360138
2023-12-04,-0.005423,0.5423,0.6882555559940902,0.6723288023525812,2.073784811795117,1.135018576852379,0.9779518751360138
2023-12-05,-0.000569,0.05689999999999999,0.6879811251997772,0.6787633600446176,2.088807592980336,1.1307082728980096,0.9779518751360138
2023-12-06,-0.003914,0.39139999999999997,0.6684993230666307,0.6544060724246632,2.067003584542513,1.0683857235100065,0.9779518751360138
2023-12-07,0.007937,0.7937,0.6531987911242418,0.6494267014907262,2.070907469062023,1.093332528785273,0.9779518751360138
2023-12-08,0.004087,0.40870000000000006,0.6779932701246758,0.6574271205313162,2.0651757862315,1.182148537536633,0.9779518751360138
2023-12-11,0.003917,0.39170000000000005,0.6642992263160384,0.6429513217529546,2.0500431378770756,1.1071392433203693,0.9779518751360138
2023-12-12,0.004589,0.45890000000000003,0.6543819994862542,0.6281835139712051,2.0349771011721556,1.1018115934223964,0.9779518751360138
2023-12-13,0.013558,1.3558000000000001,0.6455817470127522,0.6181971987686881,2.022064646387566,1.114429593379501,0.9779518751360138
2023-12-14,0.002644,0.2644,0.7601819133515544,0.6854267034386139,2.031964645119813,1.3809721882427612,0.9779518751360138
2023-12-15,-7.6e-05,0.007600000000000001,0.7352783125271728,0.6605677597505825,2.014271881739464,1.12036156257701,0.9779518751360138
2023-12-18,0.004518,0.45180000000000003,0.7110805211672873,0.6369666301768366,1.9911902922172198,1.0885965598880056,0.9779518751360138
2023-12-19,0.005849,0.5849,0.6984672597511641,0.6251085641647007,1.9794707925367823,1.1230732656420952,0.9779518751360138
2023-12-20,-0.014793,1.4793,0.6944454731848541,0.6215904067314674,1.9714480032282877,1.1492427191851162,0.9779518751360138
2023-12-21,0.010249,1.0249,0.7594960706829124,0.817610849364106,2.06199539828286,1.4176259292916449,0.9779518751360138
2023-12-22,0.001659,0.16590000000000002,0.7954714424809002,0.8231101684721729,2.0622961897439613,1.2943372395168116,0.9779518751360138
2023-12-26,0.004223,0.4223,0.7594928290121749,0.7906478075760585,2.0412477622214444,1.1483939863130597,0.9779518751360138
2023-12-27,0.001429,0.1429,0.7805923025199761,0.7662219724541515,2.027222394236073,1.1705500206313268,0.9779518751360138
2023-12-28,0.00037,0.037,0.7369952063755356,0.7363009342139465,2.006697974620347,1.138324975567171,0.9779518751360138
2023-12-29,-0.00283,0.28300000000000003,0.7278298469510631,0.7068228226421788,1.9842145198399275,1.0758853486780084,0.9779518751360138
2024-01-02,-0.005677,0.5677,0.7067273505401517,0.6887633507188071,1.9826243329120745,1.061869235311015,0.9779518751360138
2024-01-03,-0.008049,0.8049000000000001,0.7017840234504283,0.6969624385534955,2.002532493029403,1.1104742478779055,0.9779518751360138
2024-01-04,-0.003434,0.3434,0.7205490230126702,0.736002723754554,2.039849475880383,1.1748744518458132,0.9779518751360138
2024-01-05,0.001824,0.1824,0.702550768675637,0.7186791010555836,2.0409998765363837,1.0947373199996426,0.9779518751360138
2024-01-08,0.014016,1.4016000000000002,0.6910598318739851,0.6903009855256939,2.021022960865714,1.0807991580770222,0.9779518751360138
2024-01-09,-0.001479,0.1479,0.7444985779865823,0.749130883581446,2.0321161840447846,1.405961366183296,0.9779518751360138
2024-01-10,0.00565,0.565,0.7268105468265884,0.7218704956085491,2.0189157945085903,1.1302551846375224,0.9779518751360138
2024-01-11,-0.000671,0.0671,0.7336928088052055,0.70736988420555,2.0091449325963606,1.1656430849106427,0.9779518751360138
2024-01-12,0.000751,0.0751,0.7347065186290902,0.6811911351261258,1.9906616274436753,1.113615864245836,0.9779518751360138
2024-01-16,-0.003738,0.3738,0.71358096162427,0.6564796396012851,1.969634261777743,1.1123860747510281,0.9779518751360138
2024-01-17,-0.005633,0.5633,0.6810567217731713,0.6485472366459976,1.975320936877881,1.083576963071844,0.9779518751360138
2024-01-18,0.008767,0.8767,0.6854671173669633,0.6589672994984488,1.9950990136458056,1.1130180922608581,0.9779518751360138
2024-01-19,0.012238,1.2238,0.7095003461250952,0.6706565450334606,1.9938454670274182,1.1961239494299911,0.9779518751360138
2024-01-22,0.002192,0.2192,0.7887666282581286,0.7113649879965444,2.00132448054859,1.3380803688493454,0.9779518751360138
2024-01-23,0.002917,0.2917,0.7313140683173524,0.6856474554397931,1.9835232022725302,1.1331679554682086,0.9779518751360138
2024-01-24,0.000812,0.0812,0.7093609801787361,0.6639901601547162,1.968085590241295,1.1363033303656203,0.9779518751360138
2024-01-25,0.005247,0.5246999999999999,0.714379195068762,0.6401886313198867,1.9479152403872495,1.1060070947331215,0.9779518751360138
2024-01-26,-0.000652,0.06520000000000001,0.6887053036974581,0.6303683246762862,1.9393688291968973,1.1313504558270175,0.9779518751360138
2024-01-29,0.007528,0.7528,0.6713764450221036,0.6089373608658244,1.9229187389657947,1.0465392227241177,0.9779518751360138
2024-01-30,-0.000601,0.0601,0.7005196931816526,0.6157525960508347,1.9208093130314727,1.1520015113705364,0.9779518751360138
2024-01-31,-0.016237,1.6237000000000001,0.6692838421732089,0.5939008183307699,1.9045393890429867,1.0606447307652078,0.9779518751360138
2024-02-01,0.012416,1.2416,0.8215478786937488,0.836905021137792,2.008727142842463,1.4935134598656954,0.9779518751360138
2024-02-02,0.010628,1.0628,0.8626379982417038,0.8572593441585119,2.0161838935518017,1.3921142205652524,0.9779518751360138
2024-02-05,-0.003191,0.3191,0.8726831665204656,0.8610557683268958,2.018908447563292,1.367246438869014,0.9779518751360138
2024-02-06,0.002308,0.2308,0.830815572958998,0.8328793588185335,2.0189168896617984,1.2150340696046347,0.9779518751360138
2024-02-07,0.008208,0.8208,0.793485252750231,0.7992231572486233,2.000847417344607,1.2089855166212704,0.9779518751360138
2024-02-08,0.00057,0.056999999999999995,0.7954884421813045,0.7917681217096276,1.9980055820969511,1.2519762238956458,0.9779518751360138
2024-02-09,0.005726,0.5726,0.7619317358455844,0.758855287640637,1.9762805440240776,1.1049301163422056,0.9779518751360138
2024-02-12,-0.000949,0.0949,0.7518522398533081,0.7417924095893718,1.968049856865253,1.1355385315787396,0.9779518751360138
2024-02-13,-0.013769,1.3769,0.7271866723116632,0.7125785154248471,1.952912799756049,1.0812833931490855,0.9779518751360138
2024-02-14,0.009534,0.9534,0.8073546306714872,0.8579917461485639,2.0360732630916765,1.3996567602451682,0.9779518751360138
2024-02-15,0.005804,0.5804,0.8161156328906778,0.8543352417137903,2.035449275453098,1.279366710407927,0.9779518751360138
2024-02-16,-0.004815,0.4815,0.7944917443135491,0.8293844696619698,2.0255100088525495,1.207696102709618,0.9779518751360138
2024-02-20,-0.006023,0.6023,0.7706822747841432,0.8147609386122157,2.037531681619851,1.189603232594801,0.9779518751360138
2024-02-21,0.001263,0.1263,0.7629290839976601,0.8106839133476429,2.0582467085837783,1.2157903173656222,0.9779518751360138
2024-02-22,0.020903,2.0903,0.7348401414895738,0.7773225143733676,2.0363474364288794,1.1086703175876949,0.9779518751360138
2024-02-23,0.000348,0.0348,0.9262016966165745,0.906000557395404,2.0643277218727376,1.7331118600367377,0.9779518751360138
2024-02-26,-0.003794,0.3794,0.8199777510174542,0.8659626375018837,2.0399471791209134,1.2057564788131974,0.9779518751360138
2024-02-27,0.001705,0.17049999999999998,0.7977343993134125,0.8409679818418444,2.043821586486403,1.2247060806577226,0.9779518751360138
2024-02-28,-0.00166,0.166,0.7870562174997572,0.8063274767218865,2.023472053865417,1.198838998656617,0.9779518751360138
2024-02-29,0.005215,0.5215,0.7551356881195472,0.7751302691655376,2.011887809073877,1.199005531847122,0.9779518751360138
2024-03-01,0.007976,0.7976000000000001,0.7419753518810389,0.7542328640512672,2.001260479684113,1.128877976842493,0.9779518751360138
2024-03-04,-0.001194,0.11939999999999999,0.7531786151908748,0.7488113131271806,1.9978389671594674,1.2026053117294968,0.9779518751360138
2024-03-05,-0.010245,1.0245,0.7433565742945095,0.7200858771701243,1.9836033565045839,1.0929723292471774,0.9779518751360138
2024-03-06,0.005128,0.5127999999999999,0.7510254030922232,0.7901362108497005,2.0383488859513705,1.2701460431383471,0.9779518751360138
2024-03-07,0.010251,1.0251,0.7459099520515108,0.7678096314358569,2.0266707205232346,1.1590543118422016,0.9779518751360138
2024-03-08,-0.00655,0.655,0.762316853760235,0.7765036032589527,2.028084478815993,1.2943655491784385,0.9779518751360138
2024-03-11,-0.001123,0.11230000000000001,0.7633856350883164,0.7827703803980509,2.0531144822371723,1.20377719674365,0.9779518751360138
2024-03-12,0.01114,1.114,0.7563613765285989,0.7513736168384838,2.03659430738321,1.138694438029799,0.9779518751360138
2024-03-13,-0.001926,0.1926,0.7583514991600709,0.7699801698427292,2.0399549199000617,1.3230347261882434,0.9779518751360138
2024-03-14,-0.002875,0.2875,0.7503811557967164,0.7413302729235256,2.0298208992932048,1.1456856235023638,0.9779518751360138
2024-03-15,-0.006504,0.6504,0.7473408260936001,0.7179028088809873,2.027106737616638,1.1274697983538184,0.9779518751360138
2024-03-18,0.006298,0.6298,0.7463501826889839,0.7303083576715109,2.051828586611062,1.1727006821009358,0.9779518751360138
2024-03-19,0.005633,0.5633,0.7429170181669273,0.7172695383209576,2.0426207420738294,1.1763994294456284,0.9779518751360138
2024-03-20,0.008865,0.8865,0.7362924473307613,0.7014375104215205,2.03204762683621,1.1404075130408429,0.9779518751360138
2024-03-21,0.003231,0.3231,0.7381897034400878,0.7062281346409676,2.0298197639820668,1.2308526805430453,0.9779518751360138
2024-03-22,-0.001403,0.1403,0.7376126158288326,0.6824665715281493,2.01369958905656,1.1292465727200591,0.9779518751360138
2024-03-25,-0.00306,0.306,0.7375923359918989,0.6575989327748325,2.0005140617253363,1.1051636303281067,0.9779518751360138
2024-03-26,-0.002804,0.2804,0.7378121608376333,0.6426770887828948,2.0001359593407777,1.089188649867414,0.9779518751360138
2024-03-27,0.008594,0.8593999999999999,0.7325527097267327,0.6272257455302793,1.9978476653497816,1.0805234557380048,0.9779518751360138
2024-03-28,0.001116,0.1116,0.7336736160492383,0.6388179001801297,1.9960742469199952,1.1838998331784663,0.9779518751360138
2024-04-01,-0.002016,0.2016,0.7280608322710731,0.6151251313318893,1.975775506471334,1.0685487752554865,0.9779518751360138
2024-04-02,-0.007265,0.7264999999999999,0.7277950392098262,0.5961471732365596,1.96834500825769,1.0738019644701717,0.9779518751360138
2024-04-03,0.001091,0.1091,0.7283531308209666,0.6360801695961812,2.0007803148185057,1.1628262662152073,0.9779518751360138
2024-04-04,-0.012411,1.2411,0.7281850243805706,0.6122973990595529,1.980258406612157,1.0776614546786019,0.9779518751360138
2024-04-05,0.011038,1.1038,0.7320658870644859,0.7515180588011641,2.051913553539124,1.3265254729555707,0.9779518751360138
2024-04-08,-0.000375,0.0375,0.735369059675084,0.7698588117270221,2.054540626737402,1.3118797946458356,0.9779518751360138
2024-04-09,0.001444,0.1444,0.7353928548575627,0.737711964953604,2.032420645069641,1.135834483804749,0.9779518751360138
2024-04-10,-0.009502,0.9502,0.7349662005362504,0.7082637131174572,2.0117942578816193,1.1208072640735338,0.9779518751360138
2024-04-11,0.007417,0.7417,0.7326867583324876,0.7675526297951873,2.0599300401060576,1.274015755554067,0.9779518751360138
2024-04-12,-0.014658,1.4658,0.7340730604985884,0.7569856834317464,2.0532431637920947,1.2023361425574797,0.9779518751360138
2024-04-15,-0.012094,1.2094,0.739643886983466,0.9104728348534116,2.1399456649212003,1.4387346560780412,0.9779518751360138
2024-04-16,-0.002059,0.2059,0.7436092199123185,0.9812656571973777,2.203746185375154,1.3898974872989733,0.9779518751360138
2024-04-17,-0.005797,0.5797,0.7436849406334143,0.9399380825219491,2.1892754459411856,1.1981720558000006,0.9779518751360138
2024-04-18,-0.002211,0.2211,0.7436437154121902,0.9238060827514251,2.2033230950241074,1.2261798259635492,0.9779518751360138
2024-04-19,-0.008797,0.8796999999999999,0.743747370415508,0.8863168823684794,2.1899816519014137,1.1702379708845547,0.9779518751360138
2024-04-22,0.008693,0.8693,0.7458338419525807,0.9093812571156145,2.226766230527278,1.2430953766706718,0.9779518751360138
2024-04-23,0.011894,1.1894,0.7410287555276903,0.8950396607444767,2.217780963142867,1.2231924647004657,0.9779518751360138
2024-04-24,0.000213,0.0213,0.7444136942768648,0.9031193867935926,2.217030735861367,1.349920627555561,0.9779518751360138
2024-04-25,-0.004587,0.4587,0.7342161944151046,0.8630244102365606,2.1873441461763683,1.1432326789416054,0.9779518751360138
2024-04-26,0.010157,1.0156999999999998,0.7329440275012563,0.8415198554559187,2.192317985455844,1.1795435913521806,0.9779518751360138
2024-04-29,0.003173,0.3173,0.7357608653058824,0.8426907615224568,2.188129344510133,1.3052793000733598,0.9779518751360138
2024-04-30,-0.015856,1.5856,0.7323207741578841,0.8098416901803305,2.166729307473247,1.1542254755895833,0.9779518751360138
2024-05-01,-0.003441,0.3441,0.7378422495934189,0.9766649814657767,2.2587933084246785,1.5059639109221707,0.9779518751360138
2024-05-02,0.009087,0.9087,0.736733317480392,0.9409959868119118,2.252762044600153,1.1988657548699937,0.9779518751360138
2024-05-03,0.012479,1.2479,0.7298185003283089,0.9258564385546451,2.243855021061622,1.3132951079631723,0.9779518751360138
2024-05-06,0.010273,1.0272999999999999,0.7341181954932067,0.9350367942852131,2.243714742728859,1.4239963426217077,0.9779518751360138
2024-05-07,0.001343,0.1343,0.7363918464392466,0.9281581220808158,2.2380944978722987,1.380046199444062,0.9779518751360138
2024-05-08,-6e-06,0.0006000000000000001,0.7358953339848616,0.8870342103109842,2.2104881573647344,1.1746065728149149,0.9779518751360138
2024-05-09,0.005078,0.5078,0.7358160010835991,0.8477537336302888,2.1805455849477635,1.168875369532612,0.9779518751360138
2024-05-10,0.001648,0.1648,0.7364513966800987,0.8203644773002297,2.164113942948616,1.1936575728826087,0.9779518751360138
2024-05-13,-0.000241,0.0241,0.7362873641443671,0.786074992029839,2.1397309962557927,1.1151277232227708,0.9779518751360138
2024-05-14,0.004826,0.48260000000000003,0.7351720804472865,0.752868459353223,2.113864337465475,1.0795490766982296,0.9779518751360138
2024-05-15,0.011648,1.1648,0.7319860934188827,0.7310388390572936,2.0989825187500912,1.1137657738052467,0.9779518751360138
2024-05-16,-0.002084,0.2084,0.7332837517838446,0.7569325296896692,2.1015998297071063,1.3092633518509558,0.9779518751360138
2024-05-17,0.001164,0.1164,0.7333437451770167,0.7292649884741543,2.0906705111114516,1.1142935417563902,0.9779518751360138
2024-05-20,0.000916,0.0916,0.7333790098209195,0.699967872555327,2.0674845783303697,1.1077679816188948,0.9779518751360138
2024-05-21,0.002499,0.24989999999999998,0.7299064646709481,0.6723064011045259,2.0444350492539396,1.1069815263137863,0.9779518751360138
2024-05-22,-0.00271,0.271,0.7285920675563737,0.647995101818974,2.0259995677705014,1.1076946877637357,0.9779518751360138
2024-05-23,-0.007408,0.7408,0.7266967366446591,0.6309999896700459,2.0221657608060575,1.070986867566545,0.9779518751360138
2024-05-24,0.006977,0.6977,0.7235625993578351,0.6675583198625599,2.0539490971207766,1.1554416956731308,0.9779518751360138
2024-05-28,0.000249,0.0249,0.7249130673702063,0.6631707815963607,2.04635712826783,1.1604323484805135,0.9779518751360138
2024-05-29,-0.007394,0.7394000000000001,0.7063773299707915,0.6372962352941558,2.022333337032558,1.0834580276134373,0.9779518751360138
2024-05-30,-0.005993,0.5993,0.7227208345073167,0.6726986207934178,2.053993505288091,1.1786517805526788,0.9779518751360138
2024-05-31,0.007996,0.7996,0.717918131691352,0.6838194250987504,2.073992505492841,1.1590102875729793,0.9779518751360138
2024-06-03,0.001115,0.11150000000000002,0.7195911565296876,0.6844185542185597,2.068292524430988,1.1950153096927252,0.9779518751360138
2024-06-04,0.001502,0.1502,0.719471161060201,0.6576068807935451,2.0457021036335,1.0858710392583457,0.9779518751360138
2024-06-05,0.011778,1.1778,0.7191269666070552,0.6330196854454361,2.024794601401094,1.0844101095526546,0.9779518751360138
2024-06-06,-0.0002,0.02,0.7219378212875815,0.6744042909861999,2.03013668580731,1.304723487486908,0.9779518751360138
2024-06-07,-0.001116,0.1116,0.721922728046965,0.647634785588105,2.007487866136872,1.088505306601672,0.9779518751360138
2024-06-10,0.002578,0.2578,0.7195389823019535,0.6240914274013248,1.9923662634825843,1.0730297028507645,0.9779518751360138
2024-06-11,0.002707,0.2707,0.7183956330073046,0.6035031457850593,1.9758004180987467,1.0836056761571526,0.9779518751360138
2024-06-12,0.008468,0.8468,0.7185713773358197,0.5848936059333911,1.9600755495068696,1.0852579059375702,0.9779518751360138
2024-06-13,0.002342,0.2342,0.7164880344600181,0.6012730291389514,1.9591910308356462,1.1703855736038442,0.9779518751360138
2024-06-14,-0.000394,0.0394,0.7162519815290332,0.5812626867500809,1.9430710345460944,1.0685667258529061,0.9779518751360138
2024-06-17,0.007635,0.7635000000000001,0.7156553534947863,0.5605737847103217,1.9245775680423447,1.058401229969051,0.9779518751360138
2024-06-18,0.002518,0.25179999999999997,0.716516468331421,0.5727058832561154,1.9226987224947427,1.1605800884902344,0.9779518751360138
2024-06-20,-0.002529,0.2529,0.7163027341830753,0.5557045956824402,1.9081371866251247,1.0792211080682215,0.9779518751360138
2024-06-21,-0.001563,0.1563,0.714830669167042,0.5449560629581344,1.9066558706183994,1.061239791140532,0.9779518751360138
2024-06-24,-0.00307,0.307,0.7143158626584012,0.529363528574228,1.897970866147882,1.05391177837616,0.9779518751360138
2024-06-25,0.003926,0.3926,0.7109096348704408,0.524694586173324,1.9008486637110955,1.0681978203497704,0.9779518751360138
2024-06-26,0.001571,0.1571,0.7113390518227402,0.5159635271168957,1.890455773987924,1.0663422000464953,0.9779518751360138
2024-06-27,0.000907,0.0907,0.6345250021817008,0.5009898840017802,1.8745452801635727,1.0412551334807432,0.9779518751360138
2024-06-28,-0.004092,0.4092,0.7081101996099055,0.4860088791424717,1.8574661319574484,1.0345645836775972,0.9779518751360138
2024-07-01,0.002672,0.2672,0.6405335992824156,0.49507951729012767,1.8692756889127076,1.0659734394439668,0.9779518751360138
2024-07-02,0.006176,0.6176,0.6347309020337784,0.4844908169057767,1.8567367759048028,1.0471666241816533,0.9779518751360138
2024-07-03,0.005072,0.5072,0.6401112470251263,0.4941042463113202,1.8532929205889042,1.1040517213880878,0.9779518751360138
2024-07-05,0.005434,0.5434,0.6545345383423783,0.4944924637009071,1.847177466218589,1.0888531278827278,0.9779518751360138
2024-07-08,0.001016,0.1016,0.6382769526069054,0.49762780580824273,1.8421665118500328,1.104067105478648,0.9779518751360138
2024-07-09,0.000741,0.0741,0.6098300423281358,0.4829861266826939,1.8263297904414888,1.0534126085252635,0.9779518751360138
2024-07-10,0.010156,1.0156,0.5888339598410239,0.4688396134263669,1.8102766611973224,1.0441338464009295,0.9779518751360138
2024-07-11,-0.008802,0.8802000000000001,0.6497238519063071,0.5194603374329043,1.8181852389429363,1.2241773283719968,0.9779518751360138
2024-07-12,0.005502,0.5502,0.6958467209168085,0.6011870847037877,1.8671124440783529,1.2030964866127738,0.9779518751360138
2024-07-15,0.002822,0.2822,0.6899225610905337,0.5944987433505843,1.8616778553750941,1.1335954908608274,0.9779518751360138
2024-07-16,0.006369,0.6369,0.6580678175457846,0.5767817451949631,1.8497370964437074,1.1005371675686377,0.9779518751360138
2024-07-17,-0.014025,1.4024999999999999,0.6612615003768202,0.5775202218577495,1.8469839764541394,1.1602493216546175,0.9779518751360138
2024-07-18,-0.007847,0.7847,0.7725285972077396,0.7662570186454275,1.9356471135029842,1.4028226730061073,0.9779518751360138
2024-07-19,-0.007166,0.7166,0.7683165500988423,0.7904407662360587,1.97354989180463,1.2213006739537975,0.9779518751360138
2024-07-22,0.010734,1.0734000000000001,0.7593692024524632,0.8029602145242035,2.005067819779204,1.2115054333349067,0.9779518751360138
2024-07-23,-0.001559,0.1559,0.7860175354223708,0.8125215622798082,2.00843166361079,1.329105526811171,0.9779518751360138
2024-07-24,-0.023421,2.3421000000000003,0.7472754486320483,0.7795762350225338,1.9965789119269242,1.161243210916645,0.9779518751360138
2024-07-25,-0.005156,0.5156,0.9842555040589192,1.1531444190821294,2.155012399083223,1.8776570644555943,0.9779518751360138
2024-07-26,0.011029,1.1029,0.9273158002252004,1.1155590765645562,2.165353116260867,1.2959402702285319,0.9779518751360138
2024-07-29,0.000813,0.0813,0.8322183793175816,1.097178952898692,2.164238956513488,1.4369922960823416,0.9779518751360138
2024-07-30,-0.004973,0.4973,0.8609780564008108,1.0461542887911268,2.1377927518525235,1.254037051924703,0.9779518751360138
2024-07-31,0.01567,1.567,0.81745696620951,1.0150907530829791,2.1473393712698416,1.2932996730843165,0.9779518751360138
2024-08-01,-0.013788,1.3788,0.9123671273942233,1.0418232305181472,2.1584180004918117,1.5121413564544817,0.9779518751360138
2024-08-02,-0.018553,1.8553,0.8879293147819967,1.1203863808427155,2.234692470112467,1.486251437913518,0.9779518751360138
2024-08-05,-0.030427,3.0427,1.0529067151779519,1.2748059425450315,2.345482411039363,1.7065938088191928,0.9779518751360138
2024-08-06,0.010301,1.0301,1.3514519017388003,1.66642585359927,2.5470710783886448,2.3649766973059165,0.9779518751360138
2024-08-07,-0.007765,0.7765,1.2976734941599133,1.6047764070224357,2.530860587395115,1.6675370696029517,0.9779518751360138
2024-08-08,0.022781,2.2781,1.2315003424511568,1.5537468659426072,2.5477204086237,1.5859067294138076,0.9779518751360138
2024-08-09,0.004661,0.4661,1.4180033945167902,1.5810994653923505,2.562694994624021,2.090367725688473,0.9779518751360138
2024-08-12,4.3e-05,0.0043,1.2652800250724578,1.5084007017190761,2.5319566695717515,1.558085464376072,0.9779518751360138
2024-08-13,0.016707,1.6707,1.1919898586796498,1.4352031391180142,2.490942271764716,1.3373002425783076,0.9779518751360138
2024-08-14,0.003816,0.3816,1.2469848378363866,1.4263075858367873,2.4927093804753975,1.7011737336615564,0.9779518751360138
2024-08-15,0.016004,1.6004,1.1387715911600549,1.3606913122379987,2.462380873197493,1.3932856463769374,0.9779518751360138
2024-08-16,0.001988,0.19880000000000003,1.1812960335081713,1.3540707074497007,2.4634280641570854,1.6280587430740945,0.9779518751360138
2024-08-19,0.009675,0.9674999999999999,1.104402231488263,1.2903182537883493,2.429652992901472,1.3183403219958039,0.9779518751360138
2024-08-20,-0.001987,0.19870000000000002,1.0672384580294791,1.251924919230709,2.4160990905365223,1.4529878441680097,0.9779518751360138
2024-08-21,0.004231,0.42310000000000003,0.9897726535466427,1.1951972239988007,2.3938048952267437,1.2757455986990511,0.9779518751360138
2024-08-22,-0.008973,0.8973,0.9181566432315335,1.143718636285331,2.3680067362500705,1.2917565436644785,0.9779518751360138
2024-08-23,0.011418,1.1418,0.9201491818979757,1.140815647297996,2.3998762697600298,1.337991856739046,0.9779518751360138
2024-08-26,-0.003159,0.3159,0.9383986503192314,1.1235697787244687,2.3917109008870097,1.413772289833126,0.9779518751360138
2024-08-27,0.001594,0.1594,0.8825331045956569,1.0781349409436431,2.3790006199524436,1.2351298413932035,0.9779518751360138
2024-08-28,-0.005994,0.5994,0.833262400368206,1.0288465731124317,2.3472003664027805,1.2193264400069408,0.9779518751360138
2024-08-29,-3.9e-05,0.0039,0.8092108869776999,1.0076948255345304,2.3573031849832353,1.2719885530145307,0.9779518751360138
2024-08-30,0.010042,1.0042,0.7663464482898938,0.9623222006307824,2.322625432508454,1.2005961981032591,0.9779518751360138
2024-09-03,-0.021378,2.1378,0.7945426860967103,0.952272657804005,2.3137301251420572,1.3274727838264708,0.9779518751360138
2024-09-04,-0.001604,0.1604,1.0124268410510278,1.21325215614266,2.4438781732475743,1.8176134538454538,0.9779518751360138
2024-09-05,-0.003023,0.3023,0.9542770096571711,1.1578336080060558,2.417748480614938,1.2957671543529725,0.9779518751360138
2024-09-06,-0.017411,1.7410999999999999,0.9046291846736906,1.1099078228270483,2.4031059359401787,1.2626370933882782,0.9779518751360138
2024-09-09,0.011514,1.1514,1.0128307351714314,1.2443275081907499,2.4987108091413703,1.6807307558321172,0.9779518751360138
2024-09-10,0.004463,0.4463,1.0227482228694038,1.2192445261817253,2.487269704668349,1.5013741347179257,0.9779518751360138
2024-09-11,0.010609,1.0609,0.9680739580114796,1.167278706404005,2.458741435414005,1.2440538692918406,0.9779518751360138
2024-09-12,0.007467,0.7466999999999999,0.9695095889685392,1.1434483828087956,2.4464841077663855,1.3953326688284768,0.9779518751360138
2024-09-13,0.005393,0.5393,0.9420480101595047,1.1059156015055895,2.4268510074338616,1.3348098908458836,0.9779518751360138
2024-09-16,0.001256,0.1256,0.9037975419206217,1.0629859322926598,2.402744493339048,1.2243070209306162,0.9779518751360138
2024-09-17,0.000265,0.0265,0.8539719613466233,1.0152504417139547,2.369299478607341,1.1501122806056807,0.9779518751360138
2024-09-18,-0.002901,0.29009999999999997,0.8073412166026117,0.9697786090242766,2.334570526211032,1.131356709442252,0.9779518751360138
2024-09-19,0.016834,1.6833999999999998,0.7712668965809987,0.9328952536241615,2.321904610892826,1.1167554959345398,0.9779518751360138
2024-09-20,-0.001943,0.1943,0.9035665106623738,0.982637515737087,2.3299620282483056,1.53788304285469,0.9779518751360138
2024-09-23,0.002805,0.2805,0.8572360821116438,0.9418054793978516,2.3103401488499977,1.171004853533921,0.9779518751360138
2024-09-24,0.002508,0.25079999999999997,0.8172454109868635,0.9031522263005352,2.2839097136727595,1.1782818180724,0.9779518751360138
2024-09-25,-0.001863,0.18630000000000002,0.7825793464275798,0.8651970642511695,2.257601779814196,1.1743656228790078,0.9779518751360138
2024-09-26,0.004031,0.4031,0.7479168541798021,0.831346803140552,2.239862056398662,1.1634474930137588,0.9779518751360138
2024-09-27,-0.001254,0.12539999999999998,0.7264108525913209,0.8026022798131515,2.218853795736029,1.1129599956871767,0.9779518751360138
2024-09-30,0.004228,0.4228,0.697516382345994,0.7709600858808928,2.197882114265877,1.088987567743544,0.9779518751360138
2024-10-01,-0.009368,0.9368,0.682673580427456,0.7471430915795159,2.1787727205156977,1.1167612237627162,0.9779518751360138
2024-10-02,0.000138,0.0138,0.7173934147260171,0.7980260731025668,2.2202559380990636,1.2447510101221047,0.9779518751360138
2024-10-03,-0.001683,0.1683,0.6896663280004818,0.7649880589874026,2.1902807375336133,1.1091259803106228,0.9779518751360138
2024-10-04,0.00893,0.893,0.6660965215807254,0.7369098494235768,2.1734559985706063,1.089283698124598,0.9779518751360138
2024-10-07,-0.009632,0.9632,0.6986202136582752,0.7406322064786698,2.1668325124214385,1.228964219292002,0.9779518751360138
2024-10-08,0.009643,0.9643,0.7319286914637722,0.7978779141381764,2.2107811948664966,1.2685673966329103,0.9779518751360138
2024-10-09,0.007088,0.7088,0.7586694683097854,0.8009934151600148,2.2046962610264673,1.261794989330676,0.9779518751360138
2024-10-10,-0.002072,0.2072,0.7556238896586137,0.7875438336881353,2.192454837277284,1.210127597569777,0.9779518751360138
2024-10-11,0.006034,0.6034,0.7260995386474555,0.7591595190318079,2.178440077761248,1.1414507176834225,0.9779518751360138
2024-10-14,0.007678,0.7678,0.7185248841830939,0.7435386922068323,2.1644428502832893,1.175457368006173,0.9779518751360138
2024-10-15,-0.007639,0.7639,0.7272232257612316,0.7382350322177066,2.1550014429909186,1.2002600499475105,0.9779518751360138
2024-10-16,0.004668,0.46680000000000005,0.732844220938487,0.7649679690248594,2.184156766280037,1.1919230375322059,0.9779518751360138
2024-10-17,-0.000171,0.0171,0.7169206506138216,0.741991803348358,2.166551356934064,1.1303352355385548,0.9779518751360138
2024-10-18,0.003964,0.3964,0.6880820298542799,0.7120907847319979,2.139263117199676,1.0949574603609036,0.9779518751360138
2024-10-21,-0.001824,0.1824,0.6740241959292389,0.6902911342384283,2.1213919843691134,1.1145125687940896,0.9779518751360138
2024-10-22,-0.000475,0.0475,0.6511044733461379,0.6675119149618799,2.107885259491493,1.0664922236941063,0.9779518751360138
2024-10-23,-0.009234,0.9233999999999999,0.6231567928584502,0.6427518934353896,2.0847853317536122,1.0446620289356745,0.9779518751360138
2024-10-24,0.002143,0.2143,0.6715563738482492,0.7086092514943186,2.1284117532683444,1.1978265757195403,0.9779518751360138
2024-10-25,-0.000299,0.0299,0.6491937152221271,0.6820525718431445,2.1063835546787133,1.0747076785340282,0.9779518751360138
2024-10-28,0.002648,0.26480000000000004,0.6282346525535877,0.6559725501057838,2.0820171403653944,1.0627904085472357,0.9779518751360138
2024-10-29,0.001613,0.1613,0.6139306175382567,0.6343094651142919,2.0627714339276624,1.0747276232143659,0.9779518751360138
2024-10-30,-0.003306,0.3306,0.5963939652331224,0.6124790915985134,2.0415887424998145,1.0682380836218113,0.9779518751360138
2024-10-31,-0.01879,1.879,0.587399301219457,0.6033751444959783,2.0417353432293517,1.0606522667679545,0.9779518751360138
2024-11-01,0.004084,0.4084,0.8152723071894173,0.9133918968778273,2.1613742488058354,1.599395921340304,0.9779518751360138
2024-11-04,-0.002816,0.2816,0.785229757223552,0.8786692112132738,2.1431045962186057,1.179974344382114,0.9779518751360138
2024-11-05,0.012191,1.2191,0.7532167447975506,0.8471688563921935,2.1362934463362993,1.1673807267982457,0.9779518751360138
2024-11-06,0.024981,2.4981,0.8048752374584004,0.8646918602589272,2.139055618835628,1.3963143392875403,0.9779518751360138
2024-11-07,0.007404,0.7404,1.0589983570112256,1.0313202464773459,2.1739894367136787,2.0086558298523913,0.9779518751360138
2024-11-08,0.00375,0.375,1.0141629254359577,1.000968390964474,2.16353039934926,1.3636808576789512,0.9779518751360138
2024-11-11,0.000969,0.0969,0.9618950383179213,0.9595577143779243,2.144353098904953,1.3083536668653473,0.9779518751360138
2024-11-12,-0.002897,0.28969999999999996,0.9029675129643882,0.9171651971674774,2.1189430244339134,1.288924734730465,0.9779518751360138
2024-11-13,0.000232,0.0232,0.8701736487923362,0.8822869984439331,2.11350629243484,1.2650993486283992,0.9779518751360138
2024-11-14,-0.006068,0.6068,0.823278316849709,0.8440201156799695,2.087282001981038,1.0913307959551037,0.9779518751360138
2024-11-15,-0.013291,1.3291000000000002,0.8024943711489065,0.8395483744825837,2.1067711148012287,1.143124744417686,0.9779518751360138
2024-11-18,0.00391,0.391,0.862621630592718,0.9461011992637439,2.180986022880332,1.3817301962032966,0.9779518751360138
2024-11-19,0.003956,0.3956,0.8274698475024702,0.9091030367088174,2.1616403559530486,1.163849075653712,0.9779518751360138
2024-11-20,2.2e-05,0.0022,0.7955118441507621,0.87471745653417,2.1430498563416545,1.1662586150164123,0.9779518751360138
2024-11-21,0.005326,0.5326,0.7590485642567122,0.8369472275554962,2.1153426544269256,1.1423753419520222,0.9779518751360138
2024-11-22,0.003462,0.34619999999999995,0.7445615130008589,0.8121062700848898,2.1016751651074554,1.1840790303860633,0.9779518751360138
2024-11-25,0.003016,0.3016,0.722658719355149,0.7827277146339906,2.0838205691657072,1.11291642309744,0.9779518751360138
2024-11-26,0.005706,0.5706,0.7023727707265212,0.7541984699253848,2.065443147226579,1.106890275095052,0.9779518751360138
2024-11-27,-0.003808,0.3808,0.7001135890405282,0.7372508699479022,2.054332568756642,1.1492239618977669,0.9779518751360138
2024-11-29,0.005592,0.5591999999999999,0.6868584018847754,0.7221982211896602,2.057847349127123,1.1255946591024675,0.9779518751360138
2024-12-02,0.002445,0.24450000000000002,0.6865239435295036,0.7071899019421708,2.046693828850507,1.153371717574174,0.9779518751360138
2024-12-03,0.000451,0.0451,0.6696504205716405,0.6821479430961372,2.0280745086855148,1.1124941212878385,0.9779518751360138
2024-12-04,0.006033,0.6033000000000001,0.6505512322123239,0.656371131847814,2.005128410354278,1.0848088324677303,0.9779518751360138
2024-12-05,-0.001872,0.1872,0.658848094744089,0.6492230966038477,1.9967434539780675,1.143574705080521,0.9779518751360138
2024-12-06,0.002492,0.24919999999999998,0.6431633877365862,0.629186157768001,1.9875887033606492,1.0888517821081067,0.9779518751360138
2024-12-09,-0.006163,0.6163,0.6305407033101367,0.6097971658442785,1.970966341889043,1.0797179269142474,0.9779518751360138
2024-12-10,-0.002968,0.2968,0.6424874590408161,0.6325265603162449,1.99493476992964,1.1124704564167087,0.9779518751360138
2024-12-11,0.008133,0.8132999999999999,0.6309716028216461,0.6199746174948157,1.994040603709319,1.0658543350289476,0.9779518751360138
2024-12-12,-0.005429,0.5428999999999999,0.6635624557616826,0.6298374842234588,1.9912382900444632,1.1660965954413898,0.9779518751360138
2024-12-13,-2.6e-05,0.0026,0.6633553214602136,0.6406575856322942,2.0089993496201637,1.1179739729081353,0.9779518751360138
2024-12-16,0.003792,0.3792,0.6421605355714104,0.617471827320753,1.9857347387614417,1.0687114673755493,0.9779518751360138
2024-12-17,-0.003871,0.3871,0.6340035140994433,0.6029995653066952,1.972395831834187,1.086158284735701,0.9779518751360138
2024-12-18,-0.029937,2.9937,0.6271793338144662,0.6000776232859836,1.9789936857556658,1.087832896588442,0.9779518751360138
2024-12-19,-0.000865,0.0865,1.081418890165965,1.2634513873933133,2.1914895618088863,2.1994822926543414,0.9779518751360138
2024-12-20,0.01081,1.081,1.0049108685435393,1.2039435066644188,2.1685373379672384,1.2980245662544294,0.9779518751360138
2024-12-23,0.007261,0.7261,0.9875079210631394,1.1780481204620943,2.1667795213268013,1.473593976609568,0.9779518751360138
2024-12-24,0.010982,1.0982,0.9460206986265358,1.137247132574127,2.156229422456925,1.4054494509942361,0.9779518751360138
2024-12-26,-0.000406,0.0406,0.9425453119856911,1.1178716321661393,2.155310249049687,1.511777590917394,0.9779518751360138
2024-12-27,-0.011117,1.1117,0.8830710284585135,1.0665198565285265,2.1301593394031753,1.1511367146433997,0.9779518751360138
2024-12-30,-0.01076,1.076,0.8948555383129926,1.1001530639039905,2.1867561763996406,1.357294567512889,0.9779518751360138
