date,return_pct,garch_vol,egarch_vol,gjr_vol,har_vol,ms_vol,ms_state
2018-01-03,0.6378,1.2472110201321738,1.2472110201321738,1.2472110201321738,1.2472110201321738,0.9779518751360138,0
2018-01-04,0.4021,1.1984325339484179,1.2604708951229817,1.2064409777689113,1.2472110201321738,0.9779518751360138,0
2018-01-05,0.7009,1.1443776960364413,1.2674918666616812,1.1622227070276971,1.2472110201321738,0.9779518751360138,0
2018-01-08,0.1661,1.1077454401808688,1.2818866791826502,1.1297220073241436,1.2472110201321738,0.9779518751360138,0
2018-01-09,0.1302,1.05527931810597,1.2825045466265867,1.0869271786205488,1.2472110201321738,0.9779518751360138,0
2018-01-10,-0.11130000000000001,1.0063489119629228,1.282210734787098,1.0466123692353375,1.2472110201321738,0.9779518751360138,0
2018-01-11,0.7009,0.9609894707776931,1.2870250936190282,1.0093080250684368,1.2472110201321738,0.9779518751360138,0
2018-01-12,0.6727000000000001,0.9418526328669368,1.3009706816047322,0.9886449189145597,1.2472110201321738,0.9779518751360138,0
2018-01-16,-0.35309999999999997,0.9228257329764551,1.3138798961324045,0.9684725716822348,1.2472110201321738,0.9779518751360138,0
2018-01-17,0.9371,0.8896582785555499,1.336280422236086,0.9448338805660517,1.2472110201321738,0.9779518751360138,0
2018-01-18,-0.1618,0.8971654878220171,1.3550430169565622,0.9419342051617705,1.2472110201321738,0.9779518751360138,0
2018-01-19,0.4376,0.8612145721218118,1.361954972818336,0.912848203341139,1.2472110201321738,0.9779518751360138,0
2018-01-22,0.8033999999999999,0.8370059448259847,1.3675002953485802,0.8902600689032468,1.2472110201321738,0.9779518751360138,0
2018-01-23,0.21719999999999998,0.8392566846800084,1.382123853158255,0.884954513763298,1.2472110201321738,0.9779518751360138,0
2018-01-24,-0.055999999999999994,0.8093132169849856,1.381661589411021,0.8595180622080112,1.2472110201321738,0.9779518751360138,0
2018-01-25,0.0602,0.779511314898744,1.3799814851520804,0.8345321539104505,1.2472110201321738,0.9779518751360138,0
2018-01-26,1.1772,0.752318223266225,1.3756528946499758,0.811250684618606,1.2472110201321738,0.9779518751360138,0
2018-01-29,-0.6755,0.8068575932274641,1.3995524901105827,0.8405793257864033,1.2472110201321738,0.9779518751360138,0
2018-01-30,-1.0959,0.8025274049064377,1.4446076057876736,0.854932151822795,1.2472110201321738,0.9779518751360138,0
2018-01-31,0.0489,0.8387454257324085,1.521331937444792,0.9257798581591099,1.2472110201321738,0.9779518751360138,0
2018-02-01,-0.0648,0.8064046679451169,1.5131706976823722,0.8958882130994774,1.2472110201321738,0.9779518751360138,0
2018-02-02,-2.1437,0.7769125073687021,1.5088444285224922,0.868362075120914,1.2472110201321738,0.9779518751360138,0
2018-02-05,-4.1842999999999995,0.9832568258930006,1.6684300326065766,1.1632373306132557,1.760744852470113,0.9779518751360138,0
2018-02-06,1.7291,1.556856411796369,1.9976052544633742,1.9235620587269364,2.9688184630253156,0.9779518751360138,0
2018-02-07,-0.5014000000000001,1.5583121358760963,2.017701404606943,1.8816428485690933,1.966720265416513,0.9779518751360138,0
2018-02-08,-3.8259000000000003,1.4802627639831878,2.031483849549684,1.8035600377001242,1.7094139233667192,0.9779518751360138,0
2018-02-09,1.4826000000000001,1.802559691773467,2.311850002919664,2.2378355946326285,2.996887048438763,0.9779518751360138,0
2018-02-12,1.3819,1.7565628722679847,2.3152759930361593,2.161044702434236,2.1226186315492472,0.9779518751360138,0
2018-02-13,0.261,1.7076132674696531,2.31606365625646,2.085375829077807,1.867511718544224,0.9779518751360138,0
2018-02-14,1.3313,1.6138282695163355,2.288961267371298,1.9872370468131217,1.632033810525995,0.9779518751360138,0
2018-02-15,1.1997,1.574866227985612,2.2893908348098435,1.9213672892444762,1.8342501759574674,0.9779518751360138,0
2018-02-16,0.0373,1.530183901112133,2.286517409036147,1.8547114455180307,1.5713522869172274,0.9779518751360138,0
2018-02-20,-0.5859,1.4466017291826236,2.2549014779176213,1.768375886370544,1.3510427788193828,0.9779518751360138,0
2018-02-21,-0.5512,1.3797305832792712,2.267189319800832,1.701060753742179,1.3616776747453856,0.9779518751360138,0
2018-02-22,0.0973,1.3167160819122081,2.2764410220031883,1.6364267864174376,1.3622119194897686,0.9779518751360138,0
2018-02-23,1.5900999999999998,1.2482730679125313,2.246646662739142,1.5626202701068594,1.280805986244599,0.9779518751360138,0
2018-02-26,1.1688,1.2749168995482931,2.255007462059554,1.5428608767055876,1.616247946108517,0.9779518751360138,0
2018-02-27,-1.2788000000000002,1.2578781505613323,2.2525371893575694,1.50181690939896,1.516890084086517,0.9779518751360138,0
2018-02-28,-1.1158,1.2521832517284688,2.3177662652643516,1.5132631808762684,1.5776654331638253,0.9779518751360138,0
2018-03-01,-1.3414000000000001,1.2332889237346332,2.368144854441113,1.5054504194130633,1.5516055165537403,0.9779518751360138,0
2018-03-02,0.5059,1.2363103637076522,2.4340500217243495,1.5240613930398783,1.6499466440767108,0.9779518751360138,0
2018-03-05,1.0972000000000002,1.182841980296689,2.4089010862622358,1.4618322790094531,1.4269995142956426,0.9779518751360138,0
2018-03-06,0.2635,1.1699073134999123,2.3993151922986797,1.423586958261896,1.5396028723667672,0.9779518751360138,0
2018-03-07,-0.0484,1.1144427646680761,2.3693945151159834,1.3635308894685167,1.3711418777063153,0.9779518751360138,0
2018-03-08,0.44530000000000003,1.0604232155154978,2.33759580498813,1.3056544347016583,1.3175953708176118,0.9779518751360138,0
2018-03-09,1.7229999999999999,1.0189659219092035,2.3143110841659693,1.2558934606666599,1.2391430266518872,0.9779518751360138,0
2018-03-12,-0.1275,1.0983398872624375,2.3236783836409427,1.276235085188279,1.6333050640648854,0.9779518751360138,0
2018-03-13,-0.6384,1.0461088276979422,2.299318626347903,1.2244529288518051,1.2492850024313908,0.9779518751360138,0
2018-03-14,-0.5740999999999999,1.0149706911231187,2.314036284308968,1.198968232461215,1.2552510513439135,0.9779518751360138,0
2018-03-15,-0.0782,0.9832507532585004,2.323395554010288,1.1709080921151906,1.2447158972633072,0.9779518751360138,0
2018-03-16,0.1702,0.9394028697868246,2.2953896712974697,1.1251177824288152,1.185552732146487,0.9779518751360138,0
2018-03-19,-1.4305999999999999,0.9001381945315693,2.2667508432220083,1.0826586769977713,1.1120955775022217,0.9779518751360138,0
2018-03-20,0.14809999999999998,0.9614171292422871,2.3432150927633817,1.1715681059014413,1.4378795703396026,0.9779518751360138,0
2018-03-21,-0.1846,0.9200433016981973,2.3123926046240575,1.1259402147821724,1.1495860013500514,0.9779518751360138,0
2018-03-22,-2.5485,0.8826083265245397,2.292661967950403,1.084826594213165,1.1438506269176933,0.9779518751360138,0
2018-03-23,-2.119,1.1351343974749644,2.4564021144408974,1.4140558288609768,2.0051198201603815,0.9779518751360138,0
2018-03-26,2.6795,1.249280928598128,2.579591953318582,1.5682256677522266,1.90483556479293,0.9779518751360138,0
2018-03-27,-1.7427000000000001,1.427319472683402,2.6034982833673386,1.6356321383709749,2.224732125313068,0.9779518751360138,0
2018-03-28,-0.2921,1.4464006409017853,2.6915863318132036,1.692351739455953,1.919758351199442,0.9779518751360138,0
2018-03-29,1.3676000000000001,1.3712868294841065,2.6662594828842074,1.6188591084496555,1.6256232108640671,0.9779518751360138,0
2018-04-02,-2.2591,1.3606019151326718,2.6540728912032416,1.581760039918873,1.7298213925142674,0.9779518751360138,0
2018-04-03,1.2536,1.4526732993553377,2.780473797954944,1.731292477159917,2.049217084107977,0.9779518751360138,0
2018-04-04,1.15,1.4238403553398937,2.761156332905979,1.6801897992483625,1.6199731056100901,0.9779518751360138,0
2018-04-05,0.6839,1.3900912752686483,2.7400003335079313,1.6282489649691811,1.5636347979627467,0.9779518751360138,0
2018-04-06,-2.2164,1.3317081403963291,2.708101997791834,1.5637292226935173,1.4701574836050728,0.9779518751360138,0
2018-04-09,0.3331,1.4229985089988981,2.828975717361971,1.7086763692080158,1.9869492590904276,0.9779518751360138,0
2018-04-10,1.6589,1.350388867581464,2.785059493405806,1.6326008343730813,1.4032046123783943,0.9779518751360138,0
2018-04-11,-0.5541,1.370688826747405,2.775647603249872,1.6109235224339162,1.7290730726027745,0.9779518751360138,0
2018-04-12,0.8217,1.3084812898960856,2.7666792269654255,1.552308473078914,1.4305332701828366,0.9779518751360138,0
2018-04-13,-0.28909999999999997,1.2640309279059774,2.7371820783686474,1.496769052328419,1.4813239052617764,0.9779518751360138,0
2018-04-16,0.8076,1.2020709465018544,2.7099251570356597,1.4349556008399997,1.3016472324712254,0.9779518751360138,0
2018-04-17,1.0605,1.166400451741155,2.6822129000270536,1.3868783619765142,1.3888884580123777,0.9779518751360138,0
2018-04-18,0.08310000000000001,1.1522564123637644,2.6618012554136734,1.3526561844761498,1.417008868285587,0.9779518751360138,0
2018-04-19,-0.5743,1.0956187954912147,2.6180052121217776,1.2954674527892243,1.2643069692523252,0.9779518751360138,0
2018-04-20,-0.8573000000000001,1.0567402456943336,2.6164697688892065,1.2600388503087372,1.2936777565529989,0.9779518751360138,0
2018-04-23,0.0056,1.0385981405767106,2.636290434818816,1.250173460377963,1.36441030610297,0.9779518751360138,0
2018-04-24,-1.3471,0.9901963651767438,2.591527876501334,1.1990633432412368,1.250966692562196,0.9779518751360138,0
2018-04-25,0.1835,1.026556035574562,2.6495704378231624,1.25663968382713,1.481432915997211,0.9779518751360138,0
2018-04-26,1.038,0.9805870658090463,2.608695181272674,1.2059684933890342,1.2362574325357967,0.9779518751360138,0
2018-04-27,0.11130000000000001,0.9860102977285484,2.5904454256506373,1.1851925383316833,1.3702142898466647,0.9779518751360138,0
2018-04-30,-0.8220999999999999,0.9422397471038216,2.5499571584366,1.1384494655452086,1.1962929405459182,0.9779518751360138,0
2018-05-01,0.2546,0.9337645860185335,2.5695840072642566,1.1367453325239287,1.3075864539677673,0.9779518751360138,0
2018-05-02,-0.7232,0.8967192006104383,2.5333825114078192,1.0945185846244119,1.1716980311069913,0.9779518751360138,0
2018-05-03,-0.22560000000000002,0.8858549599392912,2.546152891013425,1.0874314226902706,1.2315846977776232,0.9779518751360138,0
2018-05-04,1.273,0.8521193642841636,2.5212287305767704,1.049996402909815,1.129052153534105,0.9779518751360138,0
2018-05-07,0.3452,0.9014998902076046,2.512010518407277,1.0585771809773616,1.3869388263366196,0.9779518751360138,0
2018-05-08,-0.026600000000000002,0.8699106905253252,2.480118739825036,1.0231263715945176,1.166719562748478,0.9779518751360138,0
2018-05-09,0.9636,0.8348860872814121,2.4428218864026183,0.9865690954017005,1.1255270277074645,0.9779518751360138,0
2018-05-10,0.9327,0.8521497248755481,2.4287130931169774,0.981228274244245,1.2743834889074797,0.9779518751360138,0
2018-05-11,0.1706,0.8640873824109037,2.4143358391040115,0.9745945298089294,1.2782279252543343,0.9779518751360138,0
2018-05-14,0.0883,0.8310494459416827,2.3815974423061848,0.9421825810080134,1.1141423609664969,0.9779518751360138,0
2018-05-15,-0.6866,0.7996547525453609,2.347972294319815,0.91132635994698,1.104762271712788,0.9779518751360138,0
2018-05-16,0.4052,0.7969889889014514,2.3646308610306286,0.9190068584486049,1.1894909579311648,0.9779518751360138,0
2018-05-17,-0.0856,0.7774234185553089,2.3394190505596804,0.8950297057990865,1.1209891946847659,0.9779518751360138,0
2018-05-18,-0.2636,0.7506304910877228,2.3114106836494934,0.8678173159204087,1.0671393732310697,0.9779518751360138,0
2018-05-21,0.736,0.7299765536353777,2.2975957661452413,0.8477233071025917,1.0786983968654074,0.9779518751360138,0
2018-05-22,-0.3141,0.7399461015967566,2.282893092885102,0.8428426848702206,1.1674831035608182,0.9779518751360138,0
2018-05-23,0.3243,0.7220872441959417,2.2738239797250768,0.8272051452149586,1.0859213096721145,0.9779518751360138,0
2018-05-24,-0.20249999999999999,0.7063920874290631,2.2497261149739307,0.8082465298520454,1.0858243767294966,0.9779518751360138,0
2018-05-25,-0.23600000000000002,0.6881825142420525,2.2334607981997228,0.790435189810568,1.0681016360346989,0.9779518751360138,0
2018-05-29,-1.1632,0.6727000620782222,2.2202401378367562,0.7753819426170335,1.0702221345589897,0.9779518751360138,0
2018-05-30,1.2616,0.7404181103377878,2.277697981464315,0.8727146964602414,1.284865751002804,0.9779518751360138,0
2018-05-31,-0.6903,0.8083949219875437,2.2767715671671405,0.9011529434289746,1.3563779428315694,0.9779518751360138,0
2018-06-01,1.0791,0.8049951037764371,2.2961915486626028,0.9103250210119553,1.2123350329426268,0.9779518751360138,0
2018-06-04,0.447,0.8389096633252179,2.290075626731248,0.9202176887384627,1.3375124575868444,0.9779518751360138,0
2018-06-05,0.0702,0.8172615749829708,2.268462007541925,0.8973403934824428,1.206949679274161,0.9779518751360138,0
2018-06-06,0.8531000000000001,0.7868806181566972,2.2382691321483303,0.8695425191285848,1.1433167308755698,0.9779518751360138,0
2018-06-07,-0.0714,0.7999499599587034,2.2284951676954323,0.8690634364015204,1.2245049635260774,0.9779518751360138,0
2018-06-08,0.3121,0.7710650275672857,2.2032028809555193,0.8435452280795622,1.103199079767564,0.9779518751360138,0
2018-06-11,0.10679999999999999,0.7501387682029124,2.181176748936252,0.8230229570364385,1.089174059367923,0.9779518751360138,0
2018-06-12,0.1742,0.7260173982915646,2.1548056186516904,0.8008902484129058,1.0657038609763971,0.9779518751360138,0
2018-06-13,-0.40340000000000004,0.705274678875146,2.130968877980772,0.78116202927266,1.0655903194004719,0.9779518751360138,0
2018-06-14,0.24689999999999998,0.694928509948664,2.133688466422681,0.7765860089870438,1.0720313380680624,0.9779518751360138,0
2018-06-15,-0.1018,0.6791212385289955,2.112341751330361,0.7599641633615134,1.0571255050844246,0.9779518751360138,0
2018-06-18,-0.21280000000000002,0.6615304482192589,2.093139037700452,0.7432042362696618,1.044017457037956,0.9779518751360138,0
2018-06-19,-0.4032,0.6480197528723798,2.082826073920294,0.7311413866708935,1.050256294720484,0.9779518751360138,0
2018-06-20,0.1711,0.6439543656497091,2.0871073379387326,0.7314242918768258,1.0740458227654908,0.9779518751360138,0
2018-06-21,-0.6366,0.6311206941460669,2.065396340169634,0.717182378790463,1.0480990842472864,0.9779518751360138,0
2018-06-22,0.186,0.645765642156248,2.0878639329886766,0.7421337837462834,1.1177655592743947,0.9779518751360138,0
2018-06-25,-1.3820000000000001,0.633118553089143,2.0664972081795745,0.7272363881535361,1.0585277214130957,0.9779518751360138,0
2018-06-26,0.2202,0.7427946711791308,2.146211979215662,0.8800486091142485,1.3808590375921794,0.9779518751360138,0
2018-06-27,-0.8642000000000001,0.7216032851112953,2.123794802439941,0.8550187061920422,1.1173625112737586,0.9779518751360138,0
2018-06-28,0.616,0.7449043224371589,2.1616418758678155,0.8908534252722302,1.2421305019199875,0.9779518751360138,0
2018-06-29,0.0758,0.7433851480039957,2.148530434174039,0.8764336308940465,1.1844911201862174,0.9779518751360138,0
2018-07-02,0.3063,0.7195276596025321,2.122468040365464,0.8501633745349726,1.1201029760696113,0.9779518751360138,0
2018-07-03,-0.496,0.7033780587258389,2.1029581445167875,0.8289993214927296,1.0828958361264485,0.9779518751360138,0
2018-07-05,0.8583999999999999,0.6985035383382653,2.1135661457881665,0.8270845386698074,1.1084220179606683,0.9779518751360138,0
2018-07-06,0.8446,0.7246475584152023,2.1080676788068167,0.8312542877307557,1.1853954684829868,0.9779518751360138,0
2018-07-09,0.8784000000000001,0.7455268140780702,2.1024046449419567,0.8341444586871463,1.1933376418683859,0.9779518751360138,0
2018-07-10,0.3467,0.7667926697210208,2.0977691731002315,0.8388224963229157,1.2209939976101438,0.9779518751360138,0
2018-07-11,-0.7119,0.7476158825463705,2.0800624925158204,0.8195020575193511,1.1249778926716738,0.9779518751360138,0
2018-07-12,0.8711,0.753259582016359,2.107764389228286,0.8405285194598621,1.1919004151354258,0.9779518751360138,0
2018-07-13,0.10790000000000001,0.7726918431365137,2.1027720758500243,0.8440847066483502,1.2319185558712882,0.9779518751360138,0
2018-07-16,-0.10289999999999999,0.7465702325501284,2.0789924686077694,0.8203903607263138,1.101736543371418,0.9779518751360138,0
2018-07-17,0.3966,0.7227210433380682,2.0609499738958545,0.7989551886996973,1.0799412903023942,0.9779518751360138,0
2018-07-18,0.21580000000000002,0.7102015015009655,2.045666702438782,0.7842478271375285,1.104901829440064,0.9779518751360138,0
2018-07-19,-0.3961,0.6919807571769085,2.0263896961245065,0.7664496551683769,1.0746178513778748,0.9779518751360138,0
2018-07-20,-0.0949,0.6826813499614569,2.031958498011509,0.7627428154310825,1.0762984668297175,0.9779518751360138,0
2018-07-23,0.18359999999999999,0.6646596787310486,2.0148244239955844,0.7456342871792738,1.0511723661702679,0.9779518751360138,0
2018-07-24,0.477,0.6500499033533539,1.9957276202588883,0.7304154197238666,1.0559549926014842,0.9779518751360138,0
2018-07-25,0.906,0.6501680232700724,1.9845118641768342,0.7245125695308092,1.088721682157566,0.9779518751360138,0
2018-07-26,-0.3037,0.6892768229661064,1.984343390802408,0.7434967946414462,1.203033969927699,0.9779518751360138,0
2018-07-27,-0.6584,0.6760698641140938,1.9843077170761698,0.7358886861833637,1.081768612042335,0.9779518751360138,0
2018-07-30,-0.5771000000000001,0.6864714850012035,2.0110543225726643,0.7610376650220356,1.14846956106812,0.9779518751360138,0
2018-07-31,0.48729999999999996,0.6891142050363137,2.0307748285607845,0.7739492352853355,1.1391436849230214,0.9779518751360138,0
2018-08-01,-0.1041,0.6853191594441561,2.018706941490318,0.7644972602263941,1.1239974346945816,0.9779518751360138,0
2018-08-02,0.4914,0.6671667829569368,2.002676999527797,0.7474211094015738,1.065599655358428,0.9779518751360138,0
2018-08-03,0.4633,0.6661845918570812,1.9916004357102544,0.7405225367778852,1.1075452978998197,0.9779518751360138,0
2018-08-06,0.3532,0.6635406023503897,1.980173829865956,0.7331614997414564,1.0971885895779268,0.9779518751360138,0
2018-08-07,0.28200000000000003,0.6551895683217441,1.966370231610397,0.7227509441070348,1.0741230470481489,0.9779518751360138,0
2018-08-08,-0.0262,0.6446645124062663,1.9512301047137113,0.711346737577134,1.0592906339621813,0.9779518751360138,0
2018-08-09,-0.1443,0.6297631103838984,1.9315195590023742,0.6975812290552631,1.0422022250024225,0.9779518751360138,0
2018-08-10,-0.7139000000000001,0.6177789774801384,1.9212061000354375,0.6870105306267212,1.0387493552825917,0.9779518751360138,0
2018-08-13,-0.40140000000000003,0.6415083587450408,1.954183560758619,0.7261179506441023,1.125975075345809,0.9779518751360138,0
2018-08-14,0.6369,0.6380872229580239,1.9624380957969323,0.7267670406654492,1.0686623898593979,0.9779518751360138,0
2018-08-15,-0.7631,0.6517925122855798,1.9562447302675705,0.7285742936946348,1.118538434565393,0.9779518751360138,0
2018-08-16,0.7888,0.675248573607207,1.9918654912339424,0.7683581087384678,1.1634352890470532,0.9779518751360138,0
2018-08-17,0.33180000000000004,0.6977712260349557,1.988537894552371,0.7744545163613693,1.1867068416841624,0.9779518751360138,0
2018-08-20,0.2425,0.6848495146007734,1.9739413547318723,0.7599460501220155,1.0980412815099438,0.9779518751360138,0
2018-08-21,0.2066,0.6699023815836472,1.9575858977786946,0.7445839648832295,1.0865657261298094,0.9779518751360138,0
2018-08-22,-0.0398,0.6553752954948038,1.940848829201078,0.7298194796385543,1.0740304596239345,0.9779518751360138,0
2018-08-23,-0.1693,0.6394865152890714,1.9224685673570492,0.7146364794415996,1.0507098042751861,0.9779518751360138,0
2018-08-24,0.618,0.627064274083046,1.9142996467126832,0.7033905196607346,1.0372402364929736,0.9779518751360138,0
2018-08-27,0.7641,0.6406744235573718,1.9091245987808019,0.7066176812170222,1.1006496637441,0.9779518751360138,0
2018-08-28,0.026899999999999997,0.6659133440657476,1.9077546718212948,0.7179967464010208,1.1482691629578843,0.9779518751360138,0
2018-08-29,0.5685,0.6489445650522406,1.8880982973554106,0.7036487179217976,1.052417685189678,0.9779518751360138,0
2018-08-30,-0.44400000000000006,0.6556511861664346,1.8824899066531589,0.704351906353971,1.1133934520644535,0.9779518751360138,0
2018-08-31,0.0134,0.6530563265615162,1.896181119016229,0.7107813966057417,1.0978298817667518,0.9779518751360138,0
2018-09-04,-0.1656,0.6372968536257032,1.876542399297941,0.6970011869139898,1.0551229579532426,0.9779518751360138,0
2018-09-05,-0.2807,0.6250107707517024,1.869498188962632,0.6871532333317965,1.042733788365947,0.9779518751360138,0
2018-09-06,-0.3659,0.6176605722606399,1.8712878145471317,0.6834495333565535,1.0529000606420345,0.9779518751360138,0
2018-09-07,-0.22160000000000002,0.6150710589589602,1.879429996306153,0.6857457532902005,1.0566990626474502,0.9779518751360138,0
2018-09-10,0.1896,0.6066593333275029,1.8764870699417593,0.6791230663986998,1.0381499317054355,0.9779518751360138,0
2018-09-11,0.3733,0.5981860781896416,1.8618089937649178,0.6695931014863268,1.0371347906130621,0.9779518751360138,0
2018-09-12,0.0357,0.5982828761719106,1.8521356787092724,0.6655759230749361,1.058178295562709,0.9779518751360138,0
2018-09-13,0.5268,0.5881196238375291,1.8343746956568188,0.6556518545799522,1.0303780849765778,0.9779518751360138,0
2018-09-14,0.0275,0.5996609739290811,1.8293456212735064,0.6592823522190628,1.0808082156886116,0.9779518751360138,0
2018-09-17,-0.5585,0.5893156057838863,1.8120596846907593,0.6498799731700717,1.0316636226987943,0.9779518751360138,0
2018-09-18,0.5355000000000001,0.6032106885088773,1.8365705460691617,0.674454893339475,1.0895376919593007,0.9779518751360138,0
2018-09-19,0.1252,0.613383772942566,1.8316928172426428,0.6765476955909236,1.0880145550037463,0.9779518751360138,0
2018-09-20,0.781,0.6027156025706742,1.8167582689001718,0.6663304847770609,1.043463329207117,0.9779518751360138,0
2018-09-21,-0.0369,0.6357484920224107,1.8186036972702693,0.6835971401517801,1.1499016994943525,0.9779518751360138,0
2018-09-24,-0.3522,0.6217777049314122,1.8036972296549831,0.6722171353038436,1.0530371475403895,0.9779518751360138,0
2018-09-25,-0.13060000000000002,0.6180128398005975,1.8128422147245682,0.6746593758862898,1.0685402790723428,0.9779518751360138,0
2018-09-26,-0.3295,0.6069658676122833,1.80508967780606,0.6656931298270495,1.0430887140123797,0.9779518751360138,0
2018-09-27,0.27590000000000003,0.6037794044597051,1.8124829472808721,0.667190490312791,1.059671695337759,0.9779518751360138,0
2018-09-28,-0.0007,0.5985770265725663,1.8018582149533957,0.6605352303263037,1.0365515455104006,0.9779518751360138,0
2018-10-01,0.3634,0.5882877977942401,1.7847536898508571,0.6509891601453771,1.0235761310718416,0.9779518751360138,0
2018-10-02,-0.0397,0.5890313023787902,1.7771204371749938,0.6484153592712683,1.0452264476657678,0.9779518751360138,0
2018-10-03,0.07110000000000001,0.5798602178025646,1.7636386240163309,0.6401012337902356,1.021736119112954,0.9779518751360138,0
2018-10-04,-0.8203,0.5719299121177698,1.7493574142430812,0.6325904281006681,1.0193136137617314,0.9779518751360138,0
2018-10-05,-0.5543,0.6147131471830961,1.7957834007156583,0.6967561868594427,1.1467362884726375,0.9779518751360138,0
2018-10-08,-0.0395,0.6248046679704001,1.8204646555476738,0.7148760456953375,1.098976021257971,0.9779518751360138,0
2018-10-09,-0.1419,0.6119447518408917,1.8056966007750617,0.7009080725836198,1.0447986538563305,0.9779518751360138,0
2018-10-10,-3.3416,0.6017525304659764,1.7989992530874421,0.6899815979911197,1.0482983663060819,0.9779518751360138,0
2018-10-11,-2.0788,1.1544628299780186,2.0482912125400787,1.4222723121767238,2.404383755206311,0.9779518751360138,0
2018-10-12,1.4106,1.2588939374579282,2.183637479528289,1.5673802044050622,1.9094722979923011,0.9779518751360138,0
2018-10-15,-0.5922000000000001,1.2654760277969221,2.1896266462957374,1.5367208213659211,1.7178056612143295,0.9779518751360138,0
2018-10-16,2.1268,1.2131436008559808,2.204608369396011,1.4851156920295399,1.5488235919884485,0.9779518751360138,0
2018-10-17,-0.025300000000000003,1.3133700131968744,2.2279140032190994,1.5124546795907385,2.0432010147804838,0.9779518751360138,0
2018-10-18,-1.4496,1.2448527199432322,2.1992255549147406,1.4456720102461396,1.3851697312964935,0.9779518751360138,0
2018-10-19,-0.0361,1.2570972606304678,2.2795725154777577,1.4853515186860602,1.5933869119896773,0.9779518751360138,0
2018-10-22,-0.43090000000000006,1.1926168466372489,2.2499434260036484,1.4201885003869978,1.2978504734752767,0.9779518751360138,0
2018-10-23,-0.5527,1.139941758329183,2.2507417771947718,1.3683373191370267,1.317118630875746,0.9779518751360138,0
2018-10-24,-3.1350999999999996,1.0962735000960742,2.26066966436352,1.3262691447151962,1.2355992293620128,0.9779518751360138,0
2018-10-25,1.8454000000000002,1.3980285741241658,2.473334264295732,1.7292312881092577,2.355127893448676,0.9779518751360138,0
2018-10-26,-1.7479000000000002,1.4323572337443515,2.48014725549782,1.7107476550248972,1.846777925198371,0.9779518751360138,0
2018-10-29,-0.6581,1.4513304417731787,2.5733730087148885,1.7586426894712435,1.8710062148747664,0.9779518751360138,0
2018-10-30,1.5545,1.3869512915978808,2.5797755496567687,1.6956667686436409,1.6128728009672677,0.9779518751360138,0
2018-10-31,1.0793000000000001,1.3918986411782157,2.5754436785612844,1.6624849270982618,1.8564385449833773,0.9779518751360138,0
2018-11-01,1.0502,1.3561968183846336,2.5594372150886446,1.6088736853839103,1.580759606455074,0.9779518751360138,0
2018-11-02,-0.6336999999999999,1.3218969539643064,2.5432910687911683,1.5578552535275887,1.5329613655275203,0.9779518751360138,0
2018-11-05,0.5585,1.2667891576666122,2.548962303631711,1.5071672087143946,1.3961556171501799,0.9779518751360138,0
2018-11-06,0.624,1.2129429900511501,2.521009722596465,1.4471433021979296,1.380938703672252,0.9779518751360138,0
2018-11-07,2.0987,1.1663898637209742,2.4956856153506433,1.3925784107049335,1.3465868467722384,0.9779518751360138,0
2018-11-08,-0.2512,1.2714211335744408,2.5080477812643847,1.4285413451980005,1.8593044758188477,0.9779518751360138,0
2018-11-09,-0.9242,1.2081689429613662,2.4863992385317,1.3698913262083545,1.3695070604418218,0.9779518751360138,0
2018-11-12,-1.9897999999999998,1.1794981216220872,2.5160889755309968,1.356330755101269,1.4409884823967192,0.9779518751360138,0
2018-11-13,-0.1483,1.2666421921951647,2.6268175439405628,1.4970247418412974,1.8380628661174785,0.9779518751360138,0
2018-11-14,-0.7596,1.202235646551361,2.593221641681971,1.4321887030315825,1.3995339281346486,0.9779518751360138,0
2018-11-15,1.0538,1.1637070462397596,2.606532902539025,1.3992632496985478,1.3876436509060963,0.9779518751360138,0
2018-11-16,0.2221,1.1493130704924943,2.58875483463981,1.3637757332992948,1.4632144210265288,0.9779518751360138,0
2018-11-19,-1.6783,1.0946007264583644,2.5510562535602888,1.3068918229284354,1.3121685032037615,0.9779518751360138,0
2018-11-20,-1.8318,1.154876358438444,2.6361719424076107,1.4009343469014781,1.6214067247609405,0.9779518751360138,0
2018-11-21,0.3039,1.224986763111336,2.729902250754675,1.5057339805125693,1.7467374361649204,0.9779518751360138,0
2018-11-23,-0.6576000000000001,1.166261423432301,2.6890090135087488,1.4412367457284687,1.3707598795558615,0.9779518751360138,0
2018-11-26,1.5413,1.1253664051698193,2.6910724103885735,1.4003924501685128,1.3994991046085026,0.9779518751360138,0
2018-11-27,0.3256,1.1640628182381187,2.682284350140611,1.3923491519783595,1.6443085759370109,0.9779518751360138,0
2018-11-28,2.2714000000000003,1.1104916292478324,2.6436996727082294,1.3350071809125796,1.3091060643049517,0.9779518751360138,0
2018-11-29,-0.2185,1.253352676785541,2.6549459193749194,1.3945199675709634,1.9004369593069905,0.9779518751360138,0
2018-11-30,0.8138,1.190859366105884,2.62551591879625,1.3371656470061934,1.3476274806488622,0.9779518751360138,0
2018-12-03,1.0881999999999998,1.1566110372882483,2.6010884649004224,1.29617039919716,1.4238794386464046,0.9779518751360138,0
2018-12-04,-3.29,1.145822763378149,2.5843645519280143,1.2705169791680138,1.4624664291189728,0.9779518751360138,0
2018-12-06,-0.1523,1.4628611817653494,2.7959648561819264,1.7318420140109714,2.5006153643253493,0.9779518751360138,0
2018-12-07,-2.3596,1.384604055768164,2.7563524713396377,1.6533926129383192,1.469970403647638,0.9779518751360138,0
2018-12-10,0.1761,1.4863253281317272,2.8864970225417523,1.8085703824407513,2.117817269218475,0.9779518751360138,0
2018-12-11,-0.0356,1.406682943291176,2.836517795487201,1.7253421471095174,1.5829862449181296,0.9779518751360138,0
2018-12-12,0.5405,1.3316281060839636,2.7867501573634987,1.6463332314899115,1.5428634573415756,0.9779518751360138,0
2018-12-13,-0.02,1.271950140618441,2.7495481537169577,1.5773429936992132,1.3611046846587518,0.9779518751360138,0
2018-12-14,-1.9271,1.2063728009434254,2.7019198570439253,1.5067768694699222,1.3193148605621026,0.9779518751360138,0
2018-12-17,-2.0992,1.2803206341062123,2.8004637315128234,1.610704692023775,1.7107179731036908,0.9779518751360138,0
2018-12-18,0.0086,1.3646168209434575,2.9084426252372153,1.7271285535800298,1.864259747808765,0.9779518751360138,0
2018-12-19,-1.5514999999999999,1.2924649138984576,2.8535062487411986,1.6479656794688065,1.3882814135829955,0.9779518751360138,0
2018-12-20,-1.5897999999999999,1.3090499721151676,2.9170285703410412,1.6769984538487683,1.7057754784554735,0.9779518751360138,0
2018-12-21,-2.0803,1.3274799981202958,2.980940488170165,1.707643728933183,1.7686673819856575,0.9779518751360138,0
2018-12-24,-2.7487,1.4012585026729578,3.0800421272065113,1.8059412597432747,1.9519719051256859,0.9779518751360138,0
2018-12-26,4.8403,1.557260691340225,3.227104511558511,2.0060262693827307,2.273941917881809,0.9779518751360138,0
2018-12-27,0.8526,2.0565396172578336,3.2800543914164932,2.2491216521306754,3.5164587986353544,2.3043790462779636,1
2018-12-28,-0.1242,1.9542512625477428,3.2310602961713757,2.151143811475537,2.0789568965228695,2.3043790462779636,1
2018-12-31,0.8456999999999999,1.8425940542452508,3.17226635745569,2.048889461161664,1.9745157079901896,2.3043790462779636,1
2019-01-02,0.1268,1.755971674976119,3.127491718472607,1.9626962163381736,1.9831746856744616,2.3043790462779636,1
2019-01-03,-2.5068,1.6575160777433362,3.066845339498486,1.8705705532912005,1.784516192753655,2.3043790462779636,1
2019-01-04,3.3758999999999997,1.733025786351003,3.1955195244225916,2.0149461420918713,2.1004719496103728,2.3043790462779636,1
2019-01-07,0.6986,1.9180921529130943,3.212775034776745,2.0901961427465623,2.636084645321542,2.3043790462779636,1
2019-01-08,0.9649,1.820292825846927,3.1627365365836475,1.9981043886174037,1.7754738145633127,2.3043790462779636,1
2019-01-09,0.409,1.7408349307110673,3.1212862164301742,1.918372138091486,1.7948182401012087,2.3043790462779636,1
2019-01-10,0.4508,1.6474412498766748,3.0678142311454755,1.8311974390436199,1.7217934499236542,2.3043790462779636,1
2019-01-11,-0.0146,1.5615875566930748,3.0175004573680884,1.7496455640096664,1.599580290888832,2.3043790462779636,1
2019-01-14,-0.5271,1.475823987827021,2.959180310496006,1.669213643805854,1.3429472251358205,2.3043790462779636,1
2019-01-15,1.0665,1.4046706037759764,2.9410966181712728,1.6055074879226312,1.375073781475016,2.3043790462779636,1
2019-01-16,0.22200000000000003,1.3668596643188031,2.910955951083325,1.555392203263491,1.4874541616130563,2.3043790462779636,1
2019-01-17,0.7563,1.296223050857047,2.8611615191384074,1.4870736908271742,1.3509554083684627,2.3043790462779636,1
2019-01-18,1.3096999999999999,1.2492269467142927,2.8264474934998414,1.4337640788254187,1.4137667426771645,2.3043790462779636,1
2019-01-22,-1.4258,1.2473596454315476,2.8067681967586124,1.4085954147063924,1.573179180195314,2.3043790462779636,1
2019-01-23,0.22,1.2568886026177233,2.862516671694522,1.4496359661216567,1.6467186663483229,2.3043790462779636,1
2019-01-24,0.13749999999999998,1.1941610076690847,2.8145368846090646,1.3875570969948967,1.3885879643004255,2.3043790462779636,1
2019-01-25,0.8453,1.1349125953620358,2.766359759835669,1.3285436798440604,1.375116532952753,2.3043790462779636,1
2019-01-28,-0.7878,1.1080448783042496,2.7374584586463744,1.2893828408595411,1.4514943703645564,2.3043790462779636,1
2019-01-29,-0.1457,1.0800111202556562,2.7474752156379534,1.2705337632064333,1.3924587700179851,2.3043790462779636,1
2019-01-30,1.543,1.0293788455165795,2.7092049146939496,1.2193904765404453,1.1723386535894822,2.3043790462779636,1
2019-01-31,0.8560999999999999,1.0832187841869922,2.69977859779248,1.229708692099297,1.5351648965502043,2.3043790462779636,1
2019-02-01,0.0898,1.062263884042203,2.673645911955881,1.1983531448854674,1.352762546199443,2.3043790462779636,1
2019-02-04,0.6753,1.0124130334520813,2.629577121842802,1.1506692760502402,1.2356422902280417,2.3043790462779636,1
2019-02-05,0.4697,0.9865851937171923,2.601572296660362,1.118082428328148,1.2954240928746075,0.9779518751360138,0
2019-02-06,-0.22269999999999998,0.9524452546247855,2.5695131989605953,1.081408931374868,1.2438080538813054,0.9779518751360138,0
2019-02-07,-0.9400999999999999,0.9131233801000689,2.543526665757303,1.044296316352013,1.110789906823068,0.9779518751360138,0
2019-02-08,0.0676,0.9179623970395371,2.5723248047485487,1.0659926569571332,1.2404966656948337,0.9779518751360138,0
2019-02-11,0.0709,0.879221667545404,2.5314190897922706,1.026689438142157,1.1052743147291535,0.9779518751360138,0
2019-02-12,1.2808,0.8436571098601696,2.492070336272815,0.9899971703637214,1.0922950789965138,0.9779518751360138,0
2019-02-13,0.3019,0.8954434805589375,2.4840976603246356,1.0057945031516828,1.3656750320262872,0.9779518751360138,0
2019-02-14,-0.26549999999999996,0.8629560349964017,2.452134308727835,0.9731596207652212,1.1516135360006845,0.9779518751360138,0
2019-02-15,1.082,0.8322061722342354,2.4335455511603215,0.9451534395609534,1.1261055692518354,0.9779518751360138,0
2019-02-19,0.1498,0.8622956069177108,2.4227104346624224,0.9514923375715085,1.3128205656143568,0.9779518751360138,0
2019-02-20,0.1776,0.8290550224049944,2.3891655297012377,0.9204678215920137,1.1499455664073843,0.9779518751360138,0
2019-02-21,-0.3533,0.7991389357434227,2.35747902008084,0.8919294376252502,1.106174269995465,0.9779518751360138,0
2019-02-22,0.6391,0.777137328321803,2.3487656055083814,0.8743969011307328,1.114623217011022,0.9779518751360138,0
2019-02-25,0.12310000000000001,0.7735494351767737,2.329896398938859,0.8623981573560489,1.160037772316057,0.9779518751360138,0
2019-02-26,-0.0791,0.7475587503456091,2.2989152389098146,0.8374828038860144,1.0669431221485053,0.9779518751360138,0
2019-02-27,-0.0544,0.7233567079070428,2.2718134051840537,0.8143871082593861,1.064967726130703,0.9779518751360138,0
2019-02-28,-0.28300000000000003,0.7011452077184226,2.243802339815189,0.7927349764353527,1.0602695312513701,0.9779518751360138,0
2019-03-01,0.6871999999999999,0.6859542867448675,2.2337393662104477,0.7796852154250111,1.0691480445195605,0.9779518751360138,0
2019-03-04,-0.3888,0.6975039203054162,2.2199924636590462,0.7788218465168362,1.135195837906394,0.9779518751360138,0
2019-03-05,-0.1132,0.6872463592304087,2.2186481756263174,0.7734216120108667,1.0780334060686618,0.9779518751360138,0
2019-03-06,-0.6545,0.6690404504778175,2.196787243306138,0.7558224600445013,1.0521053277595358,0.9779518751360138,0
2019-03-07,-0.8159,0.6800481350097948,2.2162361682954974,0.7779610360241265,1.132297637416947,0.9779518751360138,0
2019-03-08,-0.2134,0.7045869274997221,2.2472658684115836,0.8179295423136039,1.1842270438982552,0.9779518751360138,0
2019-03-11,1.456,0.6868415922233564,2.231895411972874,0.7997462769811374,1.0760980493895527,0.9779518751360138,0
2019-03-12,0.2949,0.7954158280079556,2.2373952286991883,0.8567038947999794,1.4222712141501002,0.9779518751360138,0
2019-03-13,0.6926,0.7716091676011139,2.213799787656968,0.8347910362502052,1.1435894351995388,0.9779518751360138,0
2019-03-14,-0.0868,0.7727309657612395,2.2008568494490137,0.8289034074957738,1.2054387497504797,0.9779518751360138,0
2019-03-15,0.4973,0.7463635679281941,2.177629589328105,0.8065595286382012,1.1173011937253088,0.9779518751360138,0
2019-03-18,0.3699,0.7368177159033121,2.161042117678393,0.7946279569006821,1.1534544530669602,0.9779518751360138,0
2019-03-19,-0.0131,0.7215973190143412,2.141843950279564,0.7794937447305911,1.0831707861182371,0.9779518751360138,0
2019-03-20,-0.2949,0.6993713715095199,2.115099100140515,0.7602527081447922,1.0580732779443964,0.9779518751360138,0
2019-03-21,1.0794,0.6848000755168242,2.1102064080674614,0.7506475272670419,1.0561703444994088,0.9779518751360138,0
2019-03-22,-1.9157,0.7390090073611321,2.11033578651355,0.7798342819777127,1.2544819924973016,0.9779518751360138,0
2019-03-25,-0.0839,0.9136120102592451,2.2304471402495443,1.045095675901354,1.640775857422335,0.9779518751360138,0
2019-03-26,0.7157,0.8753463561103183,2.206016485960968,1.007521052178921,1.1837131584552063,0.9779518751360138,0
2019-03-27,-0.4655,0.8662767038722581,2.1939083222496394,0.9876401670143488,1.2687605996010436,0.9779518751360138,0
2019-03-28,0.3583,0.8429109286502825,2.1991995229266945,0.9691940626752212,1.2313060528966793,0.9779518751360138,0
2019-03-29,0.6712,0.817038706540373,2.1784504486939054,0.9403280587046169,1.1934082756961257,0.9779518751360138,0
2019-04-01,1.1502000000000001,0.8112335740721331,2.1661544287926824,0.9240868168972312,1.1611548918210697,0.9779518751360138,0
2019-04-02,0.0017,0.852412513086914,2.166208114672803,0.9375665894333659,1.3209929420704714,0.9779518751360138,0
2019-04-03,0.21459999999999999,0.818799430823533,2.1377362822870474,0.906773885064146,1.1164817620543561,0.9779518751360138,0
2019-04-04,0.2082,0.7905810803892176,2.1154580216991974,0.8797095469219801,1.1186419316742957,0.9779518751360138,0
2019-04-05,0.4626,0.7647135694247742,2.093747571214524,0.8545241595331817,1.1160717406600706,0.9779518751360138,0
2019-04-08,0.1047,0.7512560239985273,2.079046155856838,0.8373416372533282,1.1353456771397863,0.9779518751360138,0
2019-04-09,-0.6086,0.727007129790068,2.0559523924757452,0.8141224402416745,1.064274301061526,0.9779518751360138,0
2019-04-10,0.3472,0.7270658468715334,2.0766062971682016,0.8243067838549769,1.1331164770666784,0.9779518751360138,0
2019-04-11,0.0038000000000000004,0.7118269108353378,2.059594968690861,0.8061495416442194,1.086730236903345,0.9779518751360138,0
2019-04-12,0.6588,0.6904875298615304,2.0346309694497444,0.7848572788212194,1.0655169797333124,0.9779518751360138,0
2019-04-15,-0.063,0.699028118481446,2.0267067420412794,0.7820182902474642,1.140163072415521,0.9779518751360138,0
2019-04-16,0.0509,0.6791313618463938,2.007368141169171,0.7629310009615503,1.0719140076983789,0.9779518751360138,0
2019-04-17,-0.22759999999999997,0.6610220673196123,1.9852226661672843,0.7450661018863739,1.060189567766067,0.9779518751360138,0
2019-04-18,0.1578,0.6480057769509785,1.9794601736465776,0.7334671768640528,1.065950629625969,0.9779518751360138,0
2019-04-22,0.10120000000000001,0.634458503249998,1.9608338724340793,0.7188751258445476,1.0623445293782994,0.9779518751360138,0
2019-04-23,0.8802000000000001,0.6212459537326792,1.9413854630457976,0.7048606208868499,1.047497638851754,0.9779518751360138,0
2019-04-24,-0.2194,0.6623152525692186,1.9419210233509103,0.7243904157041827,1.186243428896447,0.9779518751360138,0
2019-04-25,-0.0369,0.6489189088465213,1.9368963861789958,0.7142248412807087,1.0580042610027618,0.9779518751360138,0
2019-04-26,0.46740000000000004,0.633646230951948,1.918422360797815,0.7002904707955057,1.0487700743251593,0.9779518751360138,0
2019-04-29,0.10709999999999999,0.6351190323098272,1.9093697542134258,0.6968389636875041,1.0883841919101913,0.9779518751360138,0
2019-04-30,0.0951,0.6219270525396027,1.891649543053501,0.6847079803511494,1.0536386318373108,0.9779518751360138,0
2019-05-01,-0.753,0.6098983856900686,1.8741706720365285,0.6734952588516698,1.030615978868948,0.9779518751360138,0
2019-05-02,-0.21259999999999998,0.6387988185380561,1.9116092606516828,0.7202279110815497,1.1356735430571587,0.9779518751360138,0
2019-05-03,0.9591999999999999,0.6276079234237377,1.9070105120495013,0.7101365731220906,1.0473649930181934,0.9779518751360138,0
2019-05-06,-0.4481,0.6770931072299554,1.9105858699834752,0.7349688035636686,1.2060154297934997,0.9779518751360138,0
2019-05-07,-1.6649,0.6722873494148439,1.9237204865251993,0.7385005348443643,1.102558457815276,0.9779518751360138,0
2019-05-08,-0.16069999999999998,0.8201707488223696,2.0305250332658273,0.9539498539984445,1.519399855403442,0.9779518751360138,0
2019-05-09,-0.3026,0.7907062082009534,2.0183358623788474,0.92398291473602,1.1459055263415043,0.9779518751360138,0
2019-05-10,0.3713,0.76759851472713,2.017141604940512,0.9012768925399378,1.1574529780945748,0.9779518751360138,0
2019-05-13,-2.4426,0.7493823132482977,2.0026249949642003,0.8777542715923317,1.1430852821640212,0.9779518751360138,0
2019-05-14,0.7984,1.0249449076656671,2.1689783557677775,1.2489192440440289,1.9367453046283603,0.9779518751360138,0
2019-05-15,0.5821999999999999,1.0058879429846692,2.1601610795177506,1.2137448704336264,1.3282286772992067,0.9779518751360138,0
2019-05-16,0.8855999999999999,0.975419295393499,2.146258805682961,1.173587264087477,1.2952060655355193,0.9779518751360138,0
2019-05-17,-0.5854,0.9682449018820544,2.1403652917370968,1.1479304456108304,1.3721482623244472,0.9779518751360138,0
2019-05-20,-0.6772,0.9414508022955348,2.15648376924845,1.1247478055720022,1.3205770236907803,0.9779518751360138,0
2019-05-21,0.8460000000000001,0.9227544864462355,2.179010414227458,1.110795457183686,1.2075169974373032,0.9779518751360138,0
2019-05-22,-0.2828,0.9183816900965605,2.1710454705239663,1.0883627885520089,1.2488765003394051,0.9779518751360138,0
2019-05-23,-1.1986,0.8833738408146389,2.1634048951626474,1.0527998516950017,1.1499312766856984,0.9779518751360138,0
2019-05-24,0.1353,0.9188447794255941,2.225566265923517,1.1089586808943326,1.3575475160376524,0.9779518751360138,0
2019-05-28,-0.8411,0.8807200009691848,2.1984227483541745,1.067248561635288,1.1518490252198854,0.9779518751360138,0
2019-05-29,-0.6936,0.8808731356314076,2.2319797648637283,1.0748354009131422,1.2609314442506383,0.9779518751360138,0
2019-05-30,0.2096,0.86962072708379,2.2531901074283156,1.0668674079403149,1.2244457110055962,0.9779518751360138,0
2019-05-31,-1.3283,0.8368973083153166,2.226954293149386,1.0286554795885452,1.1594943794171666,0.9779518751360138,0
2019-06-03,-0.27690000000000003,0.8959513032178191,2.2969133678649594,1.1092533152051287,1.408475053382203,0.9779518751360138,0
2019-06-04,2.1206,0.8626818423990613,2.2845876323186225,1.0720278156554497,1.179704677154414,0.9779518751360138,0
2019-06-05,0.8129000000000001,1.0401733104710942,2.304990388081654,1.1555287283143931,1.791838456111488,0.9779518751360138,0
2019-06-06,0.6117,1.0205698088295407,2.2919452051124196,1.1280430261912324,1.3697546185357434,0.9779518751360138,0
2019-06-07,1.0443,0.9903258476928785,2.274350072862081,1.0948946442555962,1.3406923210043384,0.9779518751360138,0
2019-06-10,0.46490000000000004,0.9951255070526627,2.268114165168756,1.0841860125423186,1.4110097307956455,0.9779518751360138,0
2019-06-11,-0.034999999999999996,0.960031865603505,2.24769045445446,1.0497580702180642,1.3019863177468496,0.9779518751360138,0
2019-06-12,-0.20400000000000001,0.9177755694707914,2.2190567117856843,1.0114717059631189,1.1615956004135002,0.9779518751360138,0
2019-06-13,0.4089,0.8809035940253853,2.203935341953881,0.9786237567841536,1.1512285991061897,0.9779518751360138,0
2019-06-14,-0.1613,0.8536075593857081,2.184281917686063,0.9503034624702154,1.1396805669133787,0.9779518751360138,0
2019-06-17,0.0931,0.8212909882918275,2.167141459107276,0.9206096821560018,1.0860346798790543,0.9779518751360138,0
2019-06-18,0.967,0.7907747788270074,2.1408950522656545,0.8912916084908576,1.0759405381339622,0.9779518751360138,0
2019-06-19,0.29810000000000003,0.8146083095602141,2.1372088291998588,0.8956431793992409,1.2407398536760232,0.9779518751360138,0
2019-06-20,0.9428000000000001,0.7891513281737252,2.117014579161553,0.8708625365112025,1.115147102000449,0.9779518751360138,0
2019-06-21,-0.126,0.810714418264075,2.1135088322865885,0.8757878845494701,1.2534588215813076,0.9779518751360138,0
2019-06-24,-0.17329999999999998,0.7815106236124134,2.096067442709278,0.8506687507050291,1.1216075837832054,0.9779518751360138,0
2019-06-25,-0.9542,0.7556830078297816,2.082713805367864,0.8286066028328716,1.1241623418350217,0.9779518751360138,0
2019-06-26,-0.1235,0.7833458550609308,2.1288223002647944,0.881198268386401,1.2510662286625758,0.9779518751360138,0
2019-06-27,0.3816,0.7564947115010026,2.110695915230917,0.8556315626256755,1.116863287067849,0.9779518751360138,0
2019-06-28,0.5740999999999999,0.739833460496779,2.0934352323721432,0.8359082808777004,1.114808641516561,0.9779518751360138,0
2019-07-01,0.7643,0.7359347352917764,2.081513707230543,0.8244722820148073,1.1508677516552455,0.9779518751360138,0
2019-07-02,0.2924,0.7476302004989238,2.0747118131018825,0.8233705516985754,1.2050906144767703,0.9779518751360138,0
2019-07-03,0.7643,0.7282288518527107,2.056403061985422,0.8039811757987606,1.1006474047123356,0.9779518751360138,0
2019-07-05,-0.1808,0.740955447839142,2.050410645650194,0.8049267879190408,1.193802122715486,0.9779518751360138,0
2019-07-08,-0.48469999999999996,0.7189692164789142,2.0390862102721385,0.786640665547797,1.0866149770272817,0.9779518751360138,0
2019-07-09,0.12359999999999999,0.7116602577227713,2.050920568765724,0.7879877297261142,1.1142620380323471,0.9779518751360138,0
2019-07-10,0.4501,0.6913090417034071,2.0291942467314894,0.7686738711272856,1.0615923147800195,0.9779518751360138,0
2019-07-11,0.22829999999999998,0.6850252641244612,2.0162523093448206,0.7583137050806935,1.091184503418189,0.9779518751360138,0
2019-07-12,0.461,0.669621147155476,1.9982176505423512,0.7428146927442071,1.0509316349315974,0.9779518751360138,0
2019-07-15,0.0176,0.6664394522856619,1.9865258558780865,0.7351586682858242,1.0832821614888708,0.9779518751360138,0
2019-07-16,-0.34099999999999997,0.6493919434738904,1.9642102057953432,0.7194037343348939,1.0415064979153996,0.9779518751360138,0
2019-07-17,-0.6553,0.6420035953603285,1.9676070424805494,0.7163641575709064,1.0634269036939024,0.9779518751360138,0
2019-07-18,0.35760000000000003,0.656766498425465,1.9946512627275519,0.7436995931166224,1.1216587938406224,0.9779518751360138,0
2019-07-19,-0.6196,0.6493631216455316,1.9805033052727357,0.7325049818918841,1.076251294075877,0.9779518751360138,0
2019-07-22,0.2825,0.6600784401084877,2.004424315602269,0.7535014814992531,1.1192395763195653,0.9779518751360138,0
2019-07-23,0.6824,0.649060737937892,1.9881059239492973,0.7395181647087481,1.0728197315952015,0.9779518751360138,0
2019-07-24,0.46769999999999995,0.6652506095855213,1.9822428340626541,0.7424616464946578,1.1413701020265075,0.9779518751360138,0
2019-07-25,-0.5276000000000001,0.6629870063376015,1.9712190652850923,0.7350916071067505,1.098038993023472,0.9779518751360138,0
2019-07-26,0.7361000000000001,0.6649468171658655,1.9884633827529081,0.7459256375334538,1.1126852310514417,0.9779518751360138,0
2019-07-29,-0.16169999999999998,0.6838488776645357,1.9839280375955293,0.75125618149304,1.1558878533837096,0.9779518751360138,0
2019-07-30,-0.2582,0.6668485595337502,1.9732841002256565,0.7366943303590273,1.0735326741184918,0.9779518751360138,0
2019-07-31,-1.0945,0.6542430237666594,1.9701860730374807,0.7272487902496676,1.068608843543792,0.9779518751360138,0
2019-08-01,-0.9039999999999999,0.7162345089422189,2.0308195967199816,0.8214759060388974,1.2670049431632064,0.9779518751360138,0
2019-08-02,-0.7309,0.7445010832320562,2.0748012708873955,0.8676758290726826,1.2274825489594547,0.9779518751360138,0
2019-08-05,-3.023,0.7521444131650407,2.10412109286026,0.8851417908426047,1.18814664835617,0.9779518751360138,0
2019-08-06,1.2933,1.1547827435231444,2.3140098708085035,1.4197299593518586,2.248441481604536,0.9779518751360138,0
2019-08-07,0.0767,1.1628424928524133,2.3126265910502064,1.3948254520576724,1.5984928774317386,0.9779518751360138,0
2019-08-08,1.8588,1.105383634059922,2.281092675581865,1.335083487094303,1.377681539979396,0.9779518751360138,0
2019-08-09,-0.6639,1.187793780421698,2.2950220974122915,1.3574321635851563,1.8160174584237896,0.9779518751360138,0
2019-08-12,-1.2394,1.145347441938332,2.3118143929951525,1.3233206062163143,1.496550388326434,0.9779518751360138,0
2019-08-13,1.5018,1.1493776152342208,2.371896551517594,1.3498985595695052,1.4770681039139664,0.9779518751360138,0
2019-08-14,-2.973,1.180066353490024,2.373710520597976,1.3440380984145595,1.5776176707301421,0.9779518751360138,0
2019-08-15,0.2461,1.4266266402904983,2.568468101127145,1.701272269675147,2.326240849525259,0.9779518751360138,0
2019-08-16,1.4323000000000001,1.3521158493108554,2.532097551350334,1.6246966551279183,1.4610981047828377,0.9779518751360138,0
2019-08-19,1.2033,1.349522990904722,2.5264563880099,1.590558079115706,1.71595246338586,0.9779518751360138,0
2019-08-20,-0.7946,1.327362946077436,2.5153136295297385,1.547538065028128,1.6556446356933,0.9779518751360138,0
2019-08-21,0.8213,1.2797442563423003,2.534133073017831,1.5082744595777937,1.536360491356114,0.9779518751360138,0
2019-08-22,-0.050600000000000006,1.2378272711451719,2.5132233078857515,1.4556735172585917,1.3753543909480204,0.9779518751360138,0
2019-08-23,-2.6289,1.17477960235872,2.4765190915678583,1.3923203679247038,1.28386044810174,0.9779518751360138,0
2019-08-26,1.0923,1.3618176173119942,2.639371574880438,1.6563113361379154,2.1035193087062454,0.9779518751360138,0
2019-08-27,-0.3208,1.3299656746643953,2.621339431446794,1.6036609311110166,1.554784161676469,0.9779518751360138,0
2019-08-28,0.6524,1.2638419601055513,2.60074879470647,1.5362532408263458,1.414101681280381,0.9779518751360138,0
2019-08-29,1.2607,1.2143623116376823,2.57323499429692,1.4767243717529985,1.4497218594958137,0.9779518751360138,0
2019-08-30,0.0643,1.2120951650659306,2.561820041739846,1.4453774451993993,1.61846756090445,0.9779518751360138,0
2019-09-03,-0.6923,1.150968683787269,2.52121331472649,1.3825929043492198,1.279941383384411,0.9779518751360138,0
2019-09-04,1.0784,1.1132688933195345,2.5320997045791613,1.348560948721233,1.3260244559584864,0.9779518751360138,0
2019-09-05,1.2926,1.1065268239089303,2.517646079152959,1.3181966732430728,1.4378851675290345,0.9779518751360138,0
2019-09-06,0.091,1.120690302168238,2.5090456454175167,1.3020129855684914,1.4984331224982983,0.9779518751360138,0
2019-09-09,-0.009399999999999999,1.0664509560973503,2.4709935225862525,1.2479269208190285,1.245755416725129,0.9779518751360138,0
2019-09-10,0.0322,1.0159365004745051,2.4327501966047316,1.1969596971950052,1.2444831944224881,0.9779518751360138,0
2019-09-11,0.7204,0.9693171289383167,2.395955277803199,1.1491797866361142,1.2189482500089988,0.9779518751360138,0
2019-09-12,0.2875,0.9506225758749247,2.3774592725004933,1.1183926144187941,1.2764237163653769,0.9779518751360138,0
2019-09-13,-0.0725,0.9130449767395866,2.3488928705161656,1.077864517257451,1.169068630791195,0.9779518751360138,0
2019-09-16,-0.3141,0.8747354380132075,2.3195873705096495,1.0380073734714783,1.1475837697527793,0.9779518751360138,0
2019-09-17,0.2578,0.8444367791915695,2.30925878993331,1.007291574777544,1.1261229638454229,0.9779518751360138,0
2019-09-18,0.0343,0.8150870119444669,2.28231022221263,0.9737920937914953,1.1228838036502262,0.9779518751360138,0
2019-09-19,0.002,0.7846813256396445,2.250763097350184,0.9405451789853185,1.0892416930139976,0.9779518751360138,0
2019-09-20,-0.4908,0.75682595913652,2.2194852889988588,0.9095458520140999,1.0800919823792787,0.9779518751360138,0
2019-09-23,-0.0097,0.7457777720561617,2.225816718724699,0.8996559605756148,1.1230047072920042,0.9779518751360138,0
2019-09-24,-0.8452,0.721359877192958,2.19604377320625,0.871531205312863,1.0789831328153374,0.9779518751360138,0
2019-09-25,0.614,0.7427738267980541,2.2299942968166744,0.9026247890599202,1.208383586532025,0.9779518751360138,0
2019-09-26,-0.24320000000000003,0.7413593389692209,2.2145553729409095,0.887123906462734,1.1398773647634206,0.9779518751360138,0
2019-09-27,-0.5331,0.720953480661288,2.2025068915719923,0.864685563109917,1.0864077478552885,0.9779518751360138,0
2019-09-30,0.5035000000000001,0.7164597830406902,2.212596333425479,0.8624448403929527,1.1240376159186134,0.9779518751360138,0
2019-10-01,-1.2334,0.7105802064852117,2.1949987965258546,0.8460209418348732,1.125257899550143,0.9779518751360138,0
2019-10-02,-1.8065000000000002,0.7804993996929951,2.258747768619647,0.942478421819636,1.32576632967503,0.9779518751360138,0
2019-10-03,0.7939999999999999,0.9243440434665054,2.3648320304910837,1.134650448204579,1.6041179990885959,0.9779518751360138,0
2019-10-04,1.4117,0.915696709669682,2.3492493766790785,1.1079825550181506,1.299011670540338,0.9779518751360138,0
2019-10-07,-0.4488,0.971839312456111,2.3496021242745098,1.120512082923195,1.5083481732676973,0.9779518751360138,0
2019-10-08,-1.5682999999999998,0.938099027053132,2.3483103987860616,1.090551375843418,1.2768235674908262,0.9779518751360138,0
2019-10-09,0.9063,1.0110096121387206,2.4324998762198757,1.2024233298607265,1.5815937622221454,0.9779518751360138,0
2019-10-10,0.6395,1.00151067743881,2.4173327476170234,1.1754289284124348,1.3378203049737283,0.9779518751360138,0
2019-10-11,1.088,0.9746124762324424,2.3960806423088497,1.1397886517897549,1.2791430934418557,0.9779518751360138,0
2019-10-14,-0.13879999999999998,0.9855406167192956,2.3867167992933345,1.127537893043342,1.3658257103305678,0.9779518751360138,0
2019-10-15,0.9906,0.9421284155684249,2.3610138856228584,1.0853641777756167,1.202642551592118,0.9779518751360138,0
2019-10-16,-0.2002,0.9479608306592809,2.3504519528534127,1.0724746461961088,1.3054198015198024,0.9779518751360138,0
2019-10-17,0.27590000000000003,0.9085435433150892,2.3305697981463136,1.0353277704354813,1.1520565001335656,0.9779518751360138,0
2019-10-18,-0.3927,0.8741748521623167,2.303337787416375,1.0001955749683145,1.1489015111400978,0.9779518751360138,0
2019-10-21,0.6848,0.8468190006278501,2.2994458317804622,0.9762441480195209,1.1344891254216587,0.9779518751360138,0
2019-10-22,-0.3575,0.838665407926008,2.283408393200166,0.9575986329683783,1.1953637080821886,0.9779518751360138,0
2019-10-23,0.2843,0.813151156817326,2.2775660291742903,0.9350396832495396,1.1212287936010206,0.9779518751360138,0
2019-10-24,0.1919,0.7873774584007547,2.252352051625186,0.9070995448687216,1.1153309834304792,0.9779518751360138,0
2019-10-25,0.4064,0.7614202143793743,2.225707176505447,0.8796970325320649,1.104277957898282,0.9779518751360138,0
2019-10-28,0.5566,0.7454251163860246,2.2052639793817375,0.8587785199432572,1.1237818696704447,0.9779518751360138,0
2019-10-29,-0.0833,0.7397101694057766,2.1892288394940005,0.8446593466357436,1.1430084535995348,0.9779518751360138,0
2019-10-30,0.3248,0.716257886772227,2.1661280974920567,0.8210886808670498,1.0910733621988946,0.9779518751360138,0
2019-10-31,-0.3027,0.701166562293009,2.145645116963587,0.8026259207364134,1.1067681216496978,0.9779518751360138,0
2019-11-01,0.9616,0.686713739322959,2.140332873580058,0.7897632929865509,1.0995788196850647,0.9779518751360138,0
2019-11-04,0.36970000000000003,0.7261353187954818,2.1365304140763977,0.8049500812030813,1.2340272542776354,0.9779518751360138,0
2019-11-05,-0.1186,0.7119882052539674,2.1181321983023036,0.7889623323586148,1.1098195315005048,0.9779518751360138,0
2019-11-06,0.0702,0.6915292470727515,2.0999900336697066,0.7702566758343958,1.081399307332865,0.9779518751360138,0
2019-11-07,0.2726,0.6723993772410549,2.075368733529515,0.7519123625632783,1.0762096616830756,0.9779518751360138,0
2019-11-08,0.2557,0.6597375521241097,2.056548297044373,0.7378376061524139,1.0759273464319048,0.9779518751360138,0
2019-11-11,-0.1964,0.6477757516613969,2.0379124048826363,0.7245671505956055,1.0466027250585583,0.9779518751360138,0
2019-11-12,0.1563,0.6352000672173278,2.028151109279187,0.713448471247079,1.037498794167974,0.9779518751360138,0
2019-11-13,0.07110000000000001,0.6229166511108587,2.007957246089521,0.7004886415832147,1.0297972053273403,0.9779518751360138,0
2019-11-14,0.0837,0.6104994882383835,1.9862927374901012,0.6877717081002754,1.0264339939811036,0.9779518751360138,0
2019-11-15,0.7666000000000001,0.5994947613592093,1.9656189873034813,0.6762085315874358,1.0200334705782943,0.9779518751360138,0
2019-11-18,0.0503,0.631509038676187,1.962561176514143,0.6913055912888708,1.1315989903671708,0.9779518751360138,0
2019-11-19,-0.0593,0.6180446672321207,1.941799763409344,0.6792463400470499,1.0357687391980894,0.9779518751360138,0
2019-11-20,-0.37629999999999997,0.6060114170995412,1.9248393844485396,0.6684617016668675,1.0346015470218475,0.9779518751360138,0
2019-11-21,-0.15839999999999999,0.6053419728503876,1.9321185884022114,0.6731210033200646,1.0600233376676194,0.9779518751360138,0
2019-11-22,0.2173,0.5962083198325578,1.9228388069506368,0.6651361376247212,1.0406385137020444,0.9779518751360138,0
2019-11-25,0.7479,0.589702051350558,1.907438060463831,0.6573502395159537,1.028547579599505,0.9779518751360138,0
2019-11-26,0.2193,0.6213325810043314,1.90571522211046,0.6734763357589457,1.1295097001354173,0.9779518751360138,0
2019-11-27,0.4166,0.6121796570021011,1.8908874771069968,0.6649884159286907,1.048024029304672,0.9779518751360138,0
2019-11-29,-0.4019,0.6130824346899004,1.8814119442427661,0.66295752063175,1.0690281533710888,0.9779518751360138,0
2019-12-02,-0.8668,0.6130127246064593,1.8919583685095227,0.670287564199695,1.0716071296888614,0.9779518751360138,0
2019-12-03,-0.666,0.6539502756692926,1.9375622562337251,0.7352927967983006,1.1846873891031338,0.9779518751360138,0
2019-12-04,0.6304,0.6679982029082157,1.966373521318198,0.7614450038551064,1.1368071113429932,0.9779518751360138,0
2019-12-05,0.14989999999999998,0.6771346146403047,1.959895398977291,0.7594561216298776,1.1366016279242257,0.9779518751360138,0
2019-12-06,0.9094,0.6605421553077689,1.9416818866877361,0.7426675890247054,1.0725805770663572,0.9779518751360138,0
2019-12-09,-0.31679999999999997,0.6982983210771387,1.9429385725994393,0.7596912801814791,1.2165837520697043,0.9779518751360138,0
2019-12-10,-0.10980000000000001,0.6846970953257202,1.9451821031276386,0.7513848396395685,1.0897914597756766,0.9779518751360138,0
2019-12-11,0.2904,0.6666846135070644,1.931875319845031,0.7354725091333767,1.063120741496468,0.9779518751360138,0
2019-12-12,0.8539,0.6552839396258359,1.9180107047532577,0.7231863291687924,1.066268038393724,0.9779518751360138,0
2019-12-13,0.0073,0.6876840212600558,1.9186119530647125,0.7386190081508547,1.1882416975093912,0.9779518751360138,0
2019-12-16,0.7121999999999999,0.6685964964475632,1.8981395843409923,0.7225760439264229,1.0520813141102736,0.9779518751360138,0
2019-12-17,0.0335,0.6847533002404822,1.895809963627177,0.7290054610944329,1.1462199903596169,0.9779518751360138,0
2019-12-18,-0.043199999999999995,0.6660129773493212,1.876679861866723,0.7137801535835377,1.0658180416937968,0.9779518751360138,0
2019-12-19,0.44489999999999996,0.6491121143602833,1.8605082998133042,0.699932766099393,1.0608592960897312,0.9779518751360138,0
2019-12-20,0.49329999999999996,0.647332583770716,1.8526556864622283,0.6956307616317551,1.0789478081909245,0.9779518751360138,0
2019-12-23,0.0866,0.6488502634465704,1.8462444519685373,0.6937026314281364,1.0940828400080131,0.9779518751360138,0
2019-12-24,-0.0195,0.6340107447593413,1.8299201010953194,0.6816609765419108,1.040743300338753,0.9779518751360138,0
2019-12-26,0.5115,0.6201434900357727,1.8133849739804833,0.670342792771614,1.0394052316589524,0.9779518751360138,0
2019-12-27,0.0034,0.6263138352442145,1.808598525578594,0.6717381598610765,1.0906564655289033,0.9779518751360138,0
2019-12-30,-0.5798,0.6131906459057521,1.7913282405162652,0.6612263909184005,1.0394688012634146,0.9779518751360138,0
2019-12-31,0.2942,0.6255248187070757,1.8180830733225204,0.686784200616947,1.0984535954240398,0.9779518751360138,0
2020-01-02,0.8344,0.6186712882875401,1.8077476555863141,0.6788292932469369,1.0597681288376246,0.9779518751360138,0
2020-01-03,-0.7085,0.6549310220837952,1.8111978906650072,0.6982924864323723,1.1762612265139065,0.9779518751360138,0
2020-01-06,0.3527,0.6726785331983562,1.8471726437819593,0.7350088288734342,1.152184570544147,0.9779518751360138,0
2020-01-07,-0.2807,0.6633212735472029,1.8374260993551415,0.7244230287922178,1.095285170766043,0.9779518751360138,0
2020-01-08,0.48900000000000005,0.6518971369528217,1.840183321544125,0.7172527499806635,1.0793791157883315,0.9779518751360138,0
2020-01-09,0.6633,0.6525773714698563,1.8340386165079676,0.713066843426424,1.1101778261161588,0.9779518751360138,0
2020-01-10,-0.2859,0.6665777502184467,1.8324259016923843,0.717723213258074,1.1329364784488138,0.9779518751360138,0
2020-01-13,0.6952,0.6550138861813427,1.8357236815599876,0.7114549105455159,1.0643143311541003,0.9779518751360138,0
2020-01-14,-0.1516,0.6715265590640743,1.834857526982049,0.7180948194634034,1.139982145035614,0.9779518751360138,0
2020-01-15,0.18680000000000002,0.6555154420372843,1.8280198683572797,0.705990380770831,1.065122073379385,0.9779518751360138,0
2020-01-16,0.8332,0.64190202655648,1.8147224348196358,0.6941070068380173,1.058044424350887,0.9779518751360138,0
2020-01-17,0.3855,0.674201035836234,1.8179352736408712,0.7115968832297194,1.171503228506008,0.9779518751360138,0
2020-01-21,-0.2656,0.6662831638434282,1.8098751839595366,0.7041025730494163,1.0871438351938534,0.9779518751360138,0
2020-01-22,0.0289,0.6539965613496197,1.8123207124981924,0.697976480271442,1.06324359259767,0.9779518751360138,0
2020-01-23,0.11399999999999999,0.6381906186728614,1.7955724014404755,0.6852845171793116,1.051070850799317,0.9779518751360138,0
2020-01-24,-0.9083000000000001,0.6247974474921105,1.7814253348889875,0.6741986718407986,1.0515906596199875,0.9779518751360138,0
2020-01-27,-1.5856,0.6685689167972718,1.8336621462645,0.7454538318202475,1.1847832147274877,0.9779518751360138,0
2020-01-28,1.0003,0.8034858961544749,1.9372158932005938,0.939797749950873,1.47034010861433,0.9779518751360138,0
2020-01-29,-0.0867,0.8289763651199782,1.9408867657471622,0.9412993900487953,1.3030621983236255,0.9779518751360138,0
2020-01-30,0.31289999999999996,0.7977421071055208,1.9259926814624537,0.9108255369226279,1.1611424201621434,0.9779518751360138,0
2020-01-31,-1.7864000000000002,0.7743435384332822,1.9128674535288455,0.8852276170647506,1.1772687140156235,0.9779518751360138,0
2020-02-03,0.7228,0.9163095868431347,2.0296877291358224,1.0877257658010615,1.624545059670553,0.9779518751360138,0
2020-02-04,1.4869,0.9033086315281458,2.023515483538292,1.0617390001330544,1.2609240538985684,0.9779518751360138,0
2020-02-05,1.1188,0.9715055628569865,2.0366759515337636,1.0855062123903148,1.5062016342110374,0.9779518751360138,0
2020-02-06,0.332,0.9858758786863683,2.0401737989421735,1.0801411372589016,1.4195376741390133,0.9779518751360138,0
2020-02-07,-0.5415,0.9466774271558285,2.0239514344947076,1.0429566315690413,1.2712840857967191,0.9779518751360138,0
2020-02-10,0.73,0.9195665687672951,2.0405631889734384,1.0252533849616101,1.228200614435606,0.9779518751360138,0
2020-02-11,0.1687,0.9067267171039213,2.034223372559083,1.0045470420107256,1.2633009781520792,0.9779518751360138,0
2020-02-12,0.6442,0.8701034926264077,2.0141439717419845,0.9700626637625175,1.1332764295175295,0.9779518751360138,0
2020-02-13,-0.1632,0.856629320694729,2.006507242193555,0.950226151733476,1.17163633799059,0.9779518751360138,0
2020-02-14,0.1842,0.8240899537300183,1.9952651280508513,0.9205847411668154,1.1078013562457847,0.9779518751360138,0
2020-02-18,-0.2924,0.7947358518338005,1.9767983453532385,0.8921183352431661,1.1019660380882887,0.9779518751360138,0
2020-02-19,0.46950000000000003,0.7709080396980511,1.9761526327116024,0.871417239124931,1.0981984756409018,0.9779518751360138,0
2020-02-20,-0.3823,0.7571848741675307,1.9653641575848049,0.8530930346418778,1.1225179629297697,0.9779518751360138,0
2020-02-21,-1.0574,0.7404867507664701,1.971830056390497,0.840573090429275,1.1035826432578577,0.9779518751360138,0
2020-02-24,-3.4088,0.7822340973596806,2.0295437043535722,0.9074969869334127,1.2782946883250357,0.9779518751360138,0
2020-02-25,-3.0748,1.262022829205895,2.274665819373833,1.5489011754591329,2.4740706009530125,0.9779518751360138,0
2020-02-26,-0.3786,1.505236376801593,2.4818086455905437,1.8745429785362613,2.4534955320317993,0.9779518751360138,0
2020-02-27,-4.5168,1.4277498375552737,2.4705931503269984,1.7926790737654137,1.6581097976310255,0.9779518751360138,0
2020-02-28,-0.8271999999999999,1.9032440061987228,2.7890335671529574,2.4040895689511155,3.3516968664841995,0.9779518751360138,0
2020-03-02,4.5011,1.811291946324017,2.800042739830559,2.308373685987689,2.074524173660071,0.9779518751360138,0
2020-03-03,-2.851,2.168845980571206,2.86176607434912,2.4581364782938993,3.4461642294005665,2.3043790462779636,1
2020-03-04,4.1335999999999995,2.2110579677470867,3.0262892126673866,2.570457215730696,2.762369295731474,2.3043790462779636,1
2020-03-05,-3.4511,2.4167142625072415,3.069599352333825,2.6462870048969718,3.452780591349528,2.3043790462779636,1
2020-03-06,-1.7201000000000002,2.4945480500643615,3.272802162940612,2.8286171351090816,3.1167758423409277,2.3043790462779636,1
2020-03-09,-7.901,2.402314535144737,3.331960433556417,2.7651947987988517,2.59331214966498,2.3043790462779636,1
2020-03-10,4.8215,3.2573397546052854,3.89441921402602,3.9563107681713507,5.5389920306044855,2.3043790462779636,1
2020-03-11,-5.0103,3.3795785241883904,3.9177369711955956,3.9386644749824153,4.255148670739954,2.3043790462779636,1
2020-03-12,-9.9945,3.507059979391849,4.205229121941806,4.184174425261743,4.414188693327461,2.3043790462779636,1
2020-03-13,8.8808,4.433803484458849,4.894257926650129,5.456399820439095,7.206445234732587,2.3043790462779636,1
2020-03-16,-12.765199999999998,4.928298204175348,4.972257447773805,5.617677128975443,7.065291835798433,2.3043790462779636,1
2020-03-17,5.8225999999999996,5.9807684917744615,5.850645481528848,7.1586747198798735,9.327581505481472,2.3043790462779636,1
2020-03-18,-5.3222,5.875047208983744,5.8026243561786,6.941702408106908,6.543332829621308,2.3043790462779636,1
2020-03-19,0.4697,5.737705085473203,6.014322367980621,6.882240448765235,6.429586727325481,2.3043790462779636,1
2020-03-20,-4.4328,5.38903196119103,5.826534573160025,6.5324618657236,5.052123691617219,2.3043790462779636,1
2020-03-23,-2.9732000000000003,5.22839840889644,5.968184541340786,6.4177740026113845,5.38194177744427,2.3043790462779636,1
2020-03-24,8.9683,4.988211957403424,5.991167042955053,6.191747741462815,4.002771666895328,2.3043790462779636,1
2020-03-25,1.1469,5.387559414342325,6.014135923633546,6.273826669943445,6.683086000785863,2.3043790462779636,1
2020-03-26,6.0544,5.0702647791716275,5.842782420661535,5.961111008798534,3.9050874860622518,2.3043790462779636,1
2020-03-27,-3.4268,5.088973440819521,5.800926372621081,5.849086790386338,5.484246831215751,2.3043790462779636,1
2020-03-30,3.2967000000000004,4.885807539061262,5.867164337355825,5.6978732447729605,4.582474621915543,2.3043790462779636,1
2020-03-31,-1.6142,4.691422104317814,5.7559864373398,5.468307610415161,4.551844168411305,2.3043790462779636,1
2020-04-01,-4.5146,4.431968838196553,5.688676867576195,5.225710463285037,3.630028528675773,2.3043790462779636,1
2020-04-02,2.2573,4.373009931095324,5.844132563239509,5.240398974358044,4.532536627927015,2.3043790462779636,1
2020-04-03,-1.5252999999999999,4.161716989156828,5.708720144120238,5.005241070456281,3.642768931417418,2.3043790462779636,1
2020-04-06,6.7968,3.9354764322098585,5.637288651010194,4.785814525785438,3.4041264944182084,2.3043790462779636,1
2020-04-07,-0.1604,4.211659461958467,5.624693600907643,4.839061761196254,5.422648734133532,2.3043790462779636,1
2020-04-08,3.3489,3.956466573178437,5.4573924640228695,4.594516242737573,3.6140320417090934,2.3043790462779636,1
2020-04-09,1.4383,3.847514321883674,5.368679506081033,4.438765609206712,3.989413873127229,2.3043790462779636,1
2020-04-13,-1.0156,3.6399349653299233,5.237672161521583,4.229374568432476,3.510098460371162,2.3043790462779636,1
2020-04-14,3.0115,3.4335200540334605,5.152651869522596,4.034149364248656,3.4116457223603978,2.3043790462779636,1
2020-04-15,-2.2277,3.3482980886480838,5.0710193976872935,3.901561690571589,3.3640254438692936,2.3043790462779636,1
2020-04-16,0.58,3.2156639740750026,5.084657732007266,3.79813725265123,3.0718972940676257,2.3043790462779636,1
2020-04-17,2.6441,3.027606789749261,4.946914531464355,3.6103402384753314,2.3534024838093464,2.3043790462779636,1
2020-04-20,-1.8043,2.9527116768022523,4.866428591810757,3.490227438000779,2.80961658416233,2.3043790462779636,1
2020-04-21,-3.1155,2.8275583695824764,4.85849948415362,3.3838438656727234,2.5434557795055137,2.3043790462779636,1
2020-04-22,2.2671,2.8153332227247585,4.95014949660038,3.419847616210496,2.976583884237096,2.3043790462779636,1
2020-04-23,-0.054,2.7318855368118853,4.860242101492545,3.2962580599014593,2.6696944298552223,2.3043790462779636,1
2020-04-24,1.3821999999999999,2.5696656007986376,4.723305887188944,3.1321405498945265,2.284950774721416,2.3043790462779636,1
2020-04-27,1.4607,2.4523060824433873,4.622722426790254,2.9958326553462578,2.190570651268751,2.3043790462779636,1
2020-04-28,-0.5256000000000001,2.3482826881125765,4.528871841488394,2.8699549377873326,2.1948986000496697,2.3043790462779636,1
2020-04-29,2.6237,2.216099299359514,4.442319898535421,2.7354640680169218,1.7994147758646422,2.3043790462779636,1
2020-04-30,-0.9255,2.2274787813409973,4.385605721734579,2.679295823279934,2.3678232075896206,2.3043790462779636,1
2020-05-01,-2.846,2.115516344479455,4.3353299400401895,2.571340358520348,1.8569194885616338,2.3043790462779636,1
2020-05-04,0.4241,2.1644994372071604,4.432243753220552,2.667523769715048,2.531709519810675,2.3043790462779636,1
2020-05-05,0.8999999999999999,2.0426037175555867,4.322046999138772,2.538900768240083,1.8216364159458382,2.3043790462779636,1
2020-05-06,-0.7004,1.943220811788619,4.228594177293757,2.4251033187161033,1.8783180225669986,2.3043790462779636,1
2020-05-07,1.1439,1.8436744863894086,4.168948910346694,2.322240862782725,1.736179817530431,2.3043790462779636,1
2020-05-08,1.6731,1.7717765077624115,4.088505433846725,2.2278113702633924,1.6967142993444713,2.3043790462779636,1
2020-05-11,0.013300000000000001,1.7440061873835817,4.024720955844691,2.160068442087461,1.7636077695167938,2.3043790462779636,1
2020-05-12,-2.0713,1.6459280260212032,3.923163168760545,2.056800288561512,1.4169338143681942,2.3043790462779636,1
2020-05-13,-1.7617,1.6715528672211741,3.980338960178314,2.106925510666865,1.9339781807714378,2.3043790462779636,1
2020-05-14,1.1459000000000001,1.662662600696015,4.011414229504283,2.1120687649609637,1.8714782293149979,2.3043790462779636,1
2020-05-15,0.39189999999999997,1.6064448008330405,3.9381522835394556,2.0309226810260745,1.6728628325119783,2.3043790462779636,1
2020-05-18,3.1015,1.5220741195444234,3.8496969628824873,1.9371391498419284,1.4784496405356524,2.3043790462779636,1
2020-05-19,-1.054,1.7081707140624514,3.8319925539331563,1.9963782504425511,2.483705036372073,2.3043790462779636,1
2020-05-20,1.6514000000000002,1.6425440457869336,3.8165823477991148,1.9425788152687238,1.7150189417904398,2.3043790462779636,1
2020-05-21,-0.7804,1.6268470389913894,3.7644233433244896,1.8949905626024992,1.8652319951148169,2.3043790462779636,1
2020-05-22,0.23509999999999998,1.553997971151101,3.731611459853996,1.82982633003574,1.6138584961823637,2.3043790462779636,1
2020-05-26,1.2213999999999998,1.4704018444413305,3.648395917228933,1.745813559764513,1.5342693613573857,2.3043790462779636,1
2020-05-27,1.4718,1.4373376005182283,3.5929746459648264,1.6922465160509743,1.5440251027428278,2.3043790462779636,1
2020-05-28,-0.211,1.4285171221881061,3.546108611220758,1.6548144503093924,1.6388775135134412,2.3043790462779636,1
2020-05-29,0.48009999999999997,1.353350539024336,3.4806032749293,1.5817437924747113,1.3272099411170788,2.3043790462779636,1
2020-06-01,0.3744,1.2898802470280337,3.414117678232409,1.5154743645815447,1.3429103465235495,2.3043790462779636,1
2020-06-02,0.8177,1.2280454238822938,3.3478268854309468,1.4513846915646575,1.307460863276603,2.3043790462779636,1
2020-06-03,1.3557,1.19059746435063,3.295179329023091,1.4025314522648664,1.3576243717243734,0.9779518751360138,0
2020-06-04,-0.3374,1.2003050204829482,3.2579756446267094,1.382668103019578,1.4731194298494605,0.9779518751360138,0
2020-06-05,2.5874,1.1442649681600456,3.213819748889616,1.3295270240847927,1.2530564209962773,0.9779518751360138,0
2020-06-08,1.197,1.3316025661495383,3.210566157537651,1.4225564766185461,2.078491122617559,0.9779518751360138,0
2020-06-09,-0.783,1.3108199003292003,3.1729073428076306,1.3922569744221853,1.6017070386309724,0.9779518751360138,0
2020-06-10,-0.5327000000000001,1.2640014346629547,3.1653789559833236,1.364362378959226,1.5060798777289337,0.9779518751360138,0
2020-06-11,-6.0753,1.2093545475363525,3.139483240572717,1.321429013675019,1.4263977581305995,0.9779518751360138,0
2020-06-12,1.2975999999999999,2.137495931038289,3.555589167407818,2.6019157737211063,4.174967383848645,2.3043790462779636,1
2020-06-15,0.8278000000000001,2.0499674977875153,3.506026000973754,2.4950161875947052,2.185110656557237,2.3043790462779636,1
2020-06-16,1.8785,1.9472187862761898,3.4470038643942544,2.3821882956010088,2.087149335648985,2.3043790462779636,1
2020-06-17,-0.3607,1.9184338294242307,3.41640431050209,2.313044619047237,2.355529195785949,2.3043790462779636,1
2020-06-18,0.0594,1.8119324063273152,3.367411818283367,2.2055573454135855,2.0855533742870263,2.3043790462779636,1
2020-06-19,-0.5666,1.7094105939041913,3.2953478162278156,2.099846968636482,1.4123487489993398,2.3043790462779636,1
2020-06-22,0.6474,1.6223818056726977,3.2666536573586527,2.0110885727628767,1.4199274250467873,2.3043790462779636,1
2020-06-23,0.42979999999999996,1.5444772059812726,3.213159045451155,1.9225732326552516,1.4182659467109826,2.3043790462779636,1
2020-06-24,-2.6195,1.4654362149035598,3.1564965462419803,1.8354436630975628,1.313222650505237,2.3043790462779636,1
2020-06-25,1.09,1.5893395286014116,3.290117664900209,2.00592323829684,2.129198823806739,2.3043790462779636,1
2020-06-26,-2.4525,1.5361227201172976,3.2465614348964755,1.929702552395093,1.617323920122373,2.3043790462779636,1
2020-06-29,1.4579,1.6242698527949657,3.3632567006608376,2.0553718223773787,2.164526553683276,2.3043790462779636,1
2020-06-30,1.5292,1.5940750195487696,3.325758297837201,1.9901600555169925,1.8566410828967457,2.3043790462779636,1
2020-07-01,0.501,1.5729758397848677,3.291581182546484,1.9328945152006207,1.916236476403682,2.3043790462779636,1
2020-07-02,0.45310000000000006,1.4938467521265302,3.233467299035759,1.8462512972989782,1.595561236963345,2.3043790462779636,1
2020-07-06,1.5757,1.4191000640923337,3.1765519280177497,1.7638617152926492,1.5704199483577634,2.3043790462779636,1
2020-07-07,-1.0877,1.422205682495527,3.149647631880477,1.7263162721767982,1.7486818340109784,2.3043790462779636,1
2020-07-08,0.7797000000000001,1.3841892451090727,3.1659541015224786,1.6967305536233324,1.5991025904237663,2.3043790462779636,1
2020-07-09,-0.5660000000000001,1.3309300465647085,3.119808002263806,1.6305188580368608,1.4802449375018987,2.3043790462779636,1
2020-07-10,1.0412,1.2722834476988973,3.0982325854529678,1.5712075350975212,1.443436944760664,2.3043790462779636,1
2020-07-13,-0.9407000000000001,1.2455988797332773,3.061257927051865,1.5224914973448254,1.5518562020045543,2.3043790462779636,1
2020-07-14,1.3317,1.2144163933759529,3.0700856932790908,1.4970575602538942,1.4995602592760318,2.3043790462779636,1
2020-07-15,0.9041,1.2188106536463585,3.0414205740607336,1.4678485633118936,1.4979053625646717,2.3043790462779636,1
2020-07-16,-0.3412,1.1877390212431702,3.003321798332393,1.4210123080078843,1.3831177971886561,2.3043790462779636,1
2020-07-17,0.2845,1.1327590686177864,2.9696803017547584,1.365561250817292,1.284424927272902,2.3043790462779636,1
2020-07-20,0.8371999999999999,1.0805861393645504,2.9191411113269976,1.3092932820170968,1.242039744090341,2.3043790462779636,1
2020-07-21,0.1678,1.0585696234325757,2.8841860754246555,1.2712155385599933,1.324506405005276,2.3043790462779636,1
2020-07-22,0.5730999999999999,1.0098761724009022,2.834091823235512,1.219504066374327,1.1892796007247413,2.3043790462779636,1
2020-07-23,-1.2396,0.9785686993668821,2.7958933993956157,1.1786808195130478,1.220746995368,2.3043790462779636,1
2020-07-24,-0.621,1.004574397478341,2.837859809864949,1.2233541906716705,1.4175567277537784,2.3043790462779636,1
2020-07-27,0.7368,0.9763341473027383,2.831510650145615,1.1966772224895597,1.2755076420782434,0.9779518751360138,0
2020-07-28,-0.6494,0.9580244694280189,2.7974511458958986,1.1629771701618126,1.268574216551795,0.9779518751360138,0
2020-07-29,1.2352,0.935922898488388,2.7947822343858246,1.1434228725456748,1.258104407312843,0.9779518751360138,0
2020-07-30,-0.3757,0.9676317197267019,2.77446363622436,1.1398807516092746,1.4128596502837782,0.9779518751360138,0
2020-07-31,0.7641,0.931415941987746,2.7522354933441395,1.1046570011886836,1.1865929038638316,0.9779518751360138,0
2020-08-03,0.7155,0.9197581637240122,2.7218590347678226,1.0790653439076061,1.2479156869756867,0.9779518751360138,0
2020-08-04,0.3605,0.9058796205061743,2.691422284095374,1.0534566608812055,1.2380948747571812,0.9779518751360138,0
2020-08-05,0.6409,0.8744520740260782,2.653358418287518,1.0186766730883083,1.1751284690194514,0.9779518751360138,0
2020-08-06,0.6407,0.8603029371687397,2.6236261594491617,0.9948305499127077,1.1796548495640578,0.9779518751360138,0
2020-08-07,0.0633,0.8476338137363972,2.5949844363326466,0.9728615198014777,1.1831866564916966,0.9779518751360138,0
2020-08-10,0.2738,0.8146353849637763,2.5531500603721464,0.9397684305264673,1.1030999668661041,0.9779518751360138,0
2020-08-11,-0.8000999999999999,0.7884001706633506,2.5180166142923377,0.9112940939606404,1.1013596393549203,0.9779518751360138,0
2020-08-12,1.39,0.7964369588515532,2.537152870965527,0.9317426367262438,1.1987424310501402,0.9779518751360138,0
2020-08-13,-0.2049,0.8713791168580546,2.530273286569835,0.9635178325070057,1.410997901841105,0.9779518751360138,0
2020-08-14,-0.0172,0.8384041311850681,2.5043855106461193,0.934086944656589,1.135759360472103,0.9779518751360138,0
2020-08-17,0.2706,0.8059775951916396,2.4655300219359857,0.9035589091668988,1.1255953059159405,0.9779518751360138,0
2020-08-18,0.2301,0.7804263327960309,2.4334540673245715,0.8776565389012784,1.136641244676613,0.9779518751360138,0
2020-08-19,-0.4414,0.7560312041653252,2.4015120047141547,0.8529597689359896,1.11774018188486,0.9779518751360138,0
2020-08-20,0.3154,0.7423410643045084,2.3978459444489086,0.8444961762233065,1.090737014820713,0.9779518751360138,0
2020-08-21,0.3435,0.7242985134720414,2.369258267117248,0.8239755752842375,1.077262803451414,0.9779518751360138,0
2020-08-24,0.9994,0.7091794536218315,2.3423603737448424,0.8057495984319657,1.0825584049833061,0.9779518751360138,0
2020-08-25,0.359,0.7492775478976568,2.3326657487835023,0.8217955354044759,1.2370820590001295,0.9779518751360138,0
2020-08-26,1.0144,0.7323314397544638,2.3074157667448745,0.8041496616827237,1.1081014141765184,0.9779518751360138,0
2020-08-27,0.16720000000000002,0.7703682406343044,2.2993016468567533,0.8214877714980168,1.2640588219303721,0.9779518751360138,0
2020-08-28,0.6709999999999999,0.7454168271586041,2.2704554612670362,0.8000912446861812,1.1132150506079228,0.9779518751360138,0
2020-08-31,-0.2197,0.748015840336962,2.2550641198708226,0.7964022641956247,1.1816207934443266,0.9779518751360138,0
2020-09-01,0.7497,0.7263240401775328,2.2398992836427536,0.7801917385804008,1.094338348409668,0.9779518751360138,0
2020-09-02,1.5249000000000001,0.7379894600348794,2.2274980914730054,0.7827278876014195,1.1845557306433496,0.9779518751360138,0
2020-09-03,-3.5757999999999996,0.8455480310455294,2.23487458309975,0.849721459421183,1.4547265404879366,0.9779518751360138,0
2020-09-04,-0.8166,1.3364809159227915,2.4850943021520338,1.5719487901695657,2.5825676215735376,0.9779518751360138,0
2020-09-08,-2.8149,1.289285292002291,2.5066783518483775,1.5324452303422749,1.5631325897376716,0.9779518751360138,0
2020-09-09,1.9945000000000002,1.480603641583314,2.683201123189853,1.8038771947041436,2.3517925165711366,0.9779518751360138,0
2020-09-10,-1.7741,1.5203277904232946,2.6860258163444555,1.7883982111909822,2.096343475721476,0.9779518751360138,0
2020-09-11,0.05330000000000001,1.5307616275087037,2.7733266910313326,1.8303776565470793,2.0454822062046882,0.9779518751360138,0
2020-09-14,1.2661,1.4471839997091314,2.7246398800164235,1.7454326939194422,1.5198708852070297,0.9779518751360138,0
2020-09-15,0.5206,1.4198862244593573,2.7077440848791694,1.6938633413818769,1.709662519563437,0.9779518751360138,0
2020-09-16,-0.46299999999999997,1.352721178458279,2.6730209912004406,1.6216127421565303,1.4141723295977757,0.9779518751360138,0
2020-09-17,-0.8448000000000001,1.2887478568291793,2.6611149772734284,1.558135893799627,1.3252830106811149,0.9779518751360138,0
2020-09-18,-1.1246,1.247409183840157,2.6783181452905667,1.5218526897721965,1.3384753912567837,0.9779518751360138,0
2020-09-21,-1.1639,1.2297271861002526,2.7160706245764983,1.5141348280139932,1.4395174756493927,0.9779518751360138,0
2020-09-22,1.0463,1.2172003512232863,2.7553677656562616,1.5113263729715205,1.4492709935343355,0.9779518751360138,0
2020-09-23,-2.4007,1.1965340350363016,2.731859107663308,1.4671373463483606,1.4383290325235043,0.9779518751360138,0
2020-09-24,0.2983,1.341231043772015,2.8662378355543034,1.6659003478359327,2.0229185494230855,0.9779518751360138,0
2020-09-25,1.585,1.273801373936012,2.820040716478248,1.5919017720960913,1.4351260829279078,0.9779518751360138,0
2020-09-28,1.5982,1.29641284907483,2.8074502528261425,1.5692610787810903,1.7338987983155185,0.9779518751360138,0
2020-09-29,-0.4824,1.317408804389143,2.795670875706269,1.549415244863124,1.763048095600344,0.9779518751360138,0
2020-09-30,0.822,1.2567625598066985,2.7805848297904276,1.4914117184357953,1.4987085683347512,0.9779518751360138,0
2020-10-01,0.5279,1.216956233435555,2.750568885522658,1.439975614055194,1.4485034336859544,0.9779518751360138,0
2020-10-02,-0.9624,1.165892210856754,2.7144215581831825,1.3834768532003174,1.4045981899817472,0.9779518751360138,0
2020-10-05,1.7812999999999999,1.1441918645998346,2.738493017546952,1.3723658462602932,1.4519002755354793,0.9779518751360138,0
2020-10-06,-1.4072,1.2095007317525996,2.733903596530534,1.384392177946098,1.7146440649300951,0.9779518751360138,0
2020-10-07,1.7247,1.2219725496615004,2.7910815802755176,1.425913004463207,1.5872324368850328,0.9779518751360138,0
2020-10-08,0.7978000000000001,1.2678686049007766,2.783079610756912,1.4281075655014026,1.7402158219312915,0.9779518751360138,0
2020-10-09,0.8755000000000001,1.2256518020797669,2.7523707293296105,1.380160097145578,1.469221182633847,0.9779518751360138,0
2020-10-12,1.6282999999999999,1.1920439060973593,2.724744827143676,1.3384537444201743,1.4705162924632966,0.9779518751360138,0
2020-10-13,-0.6327,1.2310164707791604,2.7168588908650237,1.3425739992015076,1.6690891417776343,0.9779518751360138,0
2020-10-14,-0.6645,1.1833539760192497,2.71600481720805,1.3074434810627644,1.3810036329423614,0.9779518751360138,0
2020-10-15,-0.1529,1.1413238391860616,2.717568323652367,1.277261426698133,1.3259006713174255,0.9779518751360138,0
2020-10-16,0.0135,1.0861627230244548,2.6809512429645967,1.2258224834341382,1.253948205030814,0.9779518751360138,0
2020-10-19,-1.6465,1.0341674306103716,2.6347368328494,1.17622205657697,1.2313190071626443,0.9779518751360138,0
2020-10-20,0.47159999999999996,1.1005162090636251,2.7141689758621674,1.2867765599804513,1.5774879812854359,0.9779518751360138,0
2020-10-21,-0.2198,1.0567460729155047,2.677997063129297,1.2388178332419963,1.263477934037631,0.9779518751360138,0
2020-10-22,0.5205000000000001,1.009072777104072,2.647809417495798,1.1912502061856436,1.2242487506630342,0.9779518751360138,0
2020-10-23,0.344,0.9752448778076702,2.615307353633913,1.1508845597792974,1.2582973229725953,0.9779518751360138,0
2020-10-26,-1.8763999999999998,0.937311264497288,2.579644248032744,1.109185561355417,1.216777155275361,0.9779518751360138,0
2020-10-27,-0.303,1.0556052799403663,2.679048463967939,1.2772223101489344,1.659623392489995,0.9779518751360138,0
2020-10-28,-3.5926,1.0099189344398771,2.6549985594415486,1.2296874046532091,1.233748761012549,0.9779518751360138,0
2020-10-29,1.1877,1.437138679321163,2.888133184023036,1.7885684708227565,2.6234342186721586,0.9779518751360138,0
2020-10-30,-1.2204,1.4048558081059548,2.863051939886873,1.7305571476590742,1.7143274958128625,0.9779518751360138,0
2020-11-02,1.2243,1.3783170699938216,2.900922998342162,1.7131750074517498,1.7483932048026265,0.9779518751360138,0
2020-11-03,1.7643,1.3548254683610426,2.876253301823955,1.6620821524570784,1.7178766389645095,0.9779518751360138,0
2020-11-04,2.1808,1.3860487321477026,2.8659588459660412,1.6444273621353735,1.9284884452337274,0.9779518751360138,0
2020-11-05,1.9272999999999998,1.4632825061009198,2.866458764532613,1.658370055017979,1.954722501584304,0.9779518751360138,0
2020-11-06,-0.0288,1.497759284565212,2.860607697143765,1.652014509445085,1.900532257079579,0.9779518751360138,0
2020-11-09,1.1632,1.416384914788531,2.8094188923870935,1.5771694815872386,1.4809432477309858,0.9779518751360138,0
2020-11-10,-0.1401,1.3843392314042717,2.7867559560142943,1.5333003545489468,1.6324452523744863,0.9779518751360138,0
2020-11-11,0.7623,1.3114618603174333,2.7465904464618913,1.4662085825382132,1.4160257802384815,0.9779518751360138,0
2020-11-12,-1.0029,1.2634734401792491,2.716382079590298,1.4144849347846118,1.3894080830699091,0.9779518751360138,0
2020-11-13,1.3518999999999999,1.2348881243456127,2.7434448062147547,1.404498042588222,1.3865917537977788,0.9779518751360138,0
2020-11-16,1.1581,1.238720993061939,2.7279723752232266,1.3842405858973776,1.527659810134442,0.9779518751360138,0
2020-11-17,-0.4803,1.2247209838680029,2.7082693399374524,1.3550248126347155,1.4751132328401098,0.9779518751360138,0
2020-11-18,-1.1631,1.1712277538588431,2.6963357457284514,1.3099198669174212,1.3424790802466906,0.9779518751360138,0
2020-11-19,0.3939,1.1652138491663133,2.736329054285357,1.3284592518949319,1.4925515822577122,0.9779518751360138,0
2020-11-20,-0.6816,1.1134991345714254,2.6974122594491514,1.276222443277621,1.3254520437194246,0.9779518751360138,0
2020-11-23,0.562,1.0785880653232887,2.7009611894089196,1.2498084082081276,1.33697417884565,0.9779518751360138,0
2020-11-24,1.6032000000000002,1.0406058832572123,2.6675130040196735,1.2065986483001474,1.293974883759341,0.9779518751360138,0
2020-11-25,-0.1586,1.1002309492564148,2.6611491867900967,1.2229546145489423,1.6212051243442331,0.9779518751360138,0
2020-11-27,0.23939999999999997,1.0482311822321995,2.627051048109102,1.1750270002415601,1.2739333845221266,0.9779518751360138,0
2020-11-30,-0.4606,1.0016168126798044,2.588379746220627,1.1301190443231164,1.2759098913324562,0.9779518751360138,0
2020-12-01,1.1208,0.9657769237765689,2.579425810231399,1.1001200779380391,1.240986806859767,0.9779518751360138,0
2020-12-02,0.179,0.9811077412098211,2.564305141612986,1.0934898409536966,1.400121025018909,0.9779518751360138,0
2020-12-03,-0.0624,0.9386446092644123,2.5264321219018084,1.0531767162337142,1.1683406629489534,0.9779518751360138,0
2020-12-04,0.8796999999999999,0.8982129836063597,2.49012648838483,1.0148492050693685,1.1571268691893728,0.9779518751360138,0
2020-12-07,-0.1938,0.8995506298664007,2.472248088363234,1.0022325329491746,1.2759466159287385,0.9779518751360138,0
2020-12-08,0.2783,0.8639829492628728,2.447614253528629,0.9697380745677306,1.1457185745199385,0.9779518751360138,0
2020-12-09,-0.7981,0.8335117461413889,2.416362330720072,0.9392073785455902,1.1043271981165728,0.9779518751360138,0
2020-12-10,-0.1286,0.8357415373562044,2.439026273153481,0.9561302536254223,1.2074869402192305,0.9779518751360138,0
2020-12-11,-0.1266,0.8044281971363549,2.410732241683772,0.9253067473453416,1.1082731714248073,0.9779518751360138,0
2020-12-14,-0.43689999999999996,0.775777653075423,2.38328488144107,0.8966202562898727,1.0874668299309178,0.9779518751360138,0
2020-12-15,1.2838,0.7598417719262512,2.3799231569924233,0.8839509192060202,1.1176225736356615,0.9779518751360138,0
2020-12-16,0.1771,0.8271280947386116,2.3760079355938175,0.9128151827086542,1.3637398362224373,0.9779518751360138,0
2020-12-17,0.5740999999999999,0.7973688003172547,2.344766684217998,0.8848169150620219,1.1133801625680242,0.9779518751360138,0
2020-12-18,-0.3517,0.7870746597078448,2.324424398116034,0.8691933220156887,1.1630398743809258,0.9779518751360138,0
2020-12-21,-0.39139999999999997,0.7661532244172036,2.3167379386660056,0.853448908317179,1.1340138646418747,0.9779518751360138,0
2020-12-22,-0.2075,0.7489804867155513,2.312286684259277,0.8414840439199005,1.1322788897617053,0.9779518751360138,0
2020-12-23,0.0746,0.7268833060850577,2.2942631603285144,0.8212334857574872,1.0705517758146965,0.9779518751360138,0
2020-12-24,0.35300000000000004,0.7045126125252554,2.263303716177506,0.7990160264295306,1.0615183155273393,0.9779518751360138,0
2020-12-28,0.8685,0.6918253429769643,2.2402722505097974,0.7830524861188397,1.0743720117352276,0.9779518751360138,0
2020-12-29,-0.22300000000000003,0.7200510035707144,2.2308139725606533,0.7926047678319812,1.1808220606001567,0.9779518751360138,0
2020-12-30,0.1341,0.7010858507019514,2.2167133756773,0.7768351516028177,1.068541741861309,0.9779518751360138,0
2020-12-31,0.6418,0.6819022532802217,2.1898360425009216,0.7584953807795919,1.0624370972909407,0.9779518751360138,0
2021-01-04,-1.4865,0.6901573972571204,2.1764309349451816,0.7573696979496626,1.1371122239251499,0.9779518751360138,0
2021-01-05,0.7058,0.8028764507741571,2.260456350257756,0.9255885668102806,1.4341843516089554,0.9779518751360138,0
2021-01-06,0.5694,0.801306662790633,2.2462687470789073,0.9121637465300302,1.2029723815200413,0.9779518751360138,0
2021-01-07,1.4738,0.7902892868273778,2.229174742674987,0.8940929026729346,1.1857221303070968,0.9779518751360138,0
2021-01-08,0.5477,0.8785472902765126,2.23521301317122,0.938561558835586,1.48186364406446,0.9779518751360138,0
2021-01-11,-0.6576000000000001,0.8583051189145737,2.217953204963708,0.917560485050593,1.2395923558170243,0.9779518751360138,0
2021-01-12,0.0416,0.8469897723295964,2.2369179175374896,0.9216167925599197,1.2164975431130143,0.9779518751360138,0
2021-01-13,0.22729999999999997,0.813922118002062,2.207081622515871,0.8919945634757948,1.1370932402841907,0.9779518751360138,0
2021-01-14,-0.3761,0.786447644831362,2.182828538350657,0.8661983001126929,1.1377417992233563,0.9779518751360138,0
2021-01-15,-0.7216,0.7666066601930197,2.1817792832464766,0.8521639640239957,1.097860463082627,0.9779518751360138,0
2021-01-19,0.8103000000000001,0.770680447212665,2.2068199270716913,0.8703876747735826,1.163863864289978,0.9779518751360138,0
2021-01-20,1.3839000000000001,0.7819395571569181,2.1970381452210406,0.8673656126068003,1.1856096602170547,0.9779518751360138,0
2021-01-21,0.0317,0.8588715876626414,2.20190845792887,0.907255341408512,1.40706180582091,0.9779518751360138,0
2021-01-22,-0.3015,0.8247755475518173,2.1729964479120176,0.8786193880387748,1.1417251990737527,0.9779518751360138,0
2021-01-25,0.3609,0.7985097450723742,2.1666890924772533,0.8594253008311141,1.1539669242227006,0.9779518751360138,0
2021-01-26,-0.149,0.7768752737760689,2.147081755525497,0.8388541578323188,1.1496756245567703,0.9779518751360138,0
2021-01-27,-2.6013,0.7510031136005734,2.1302542095325996,0.8170235705755952,1.1160939253933786,0.9779518751360138,0
2021-01-28,0.9712999999999999,1.059785698591769,2.3046061846243195,1.2566750202670807,1.9912229422894865,0.9779518751360138,0
2021-01-29,-1.95,1.0501048957105321,2.295515176361173,1.2284237965302218,1.4112171274470844,0.9779518751360138,0
2021-02-01,1.5924,1.1560769159503788,2.4115230389162794,1.3862118265504497,1.8014961648030225,0.9779518751360138,0
2021-02-02,1.3802999999999999,1.1961794532630485,2.414206735405572,1.382996701889156,1.7237201258905113,0.9779518751360138,0
2021-02-03,0.1008,1.2076390269112254,2.411492944166273,1.3663221734523077,1.697759336920283,0.9779518751360138,0
2021-02-04,1.0795000000000001,1.147067555750032,2.3771333463611244,1.3083856459299288,1.3452507682956365,0.9779518751360138,0
2021-02-05,0.38899999999999996,1.1366125572514356,2.3682221251129483,1.2812945095498973,1.488917615820298,0.9779518751360138,0
2021-02-08,0.7372,1.0869984202378482,2.342485058918407,1.2319634835323747,1.2804049604714909,0.9779518751360138,0
2021-02-09,-0.1114,1.0578019709473747,2.3262673756427703,1.1956919165304598,1.2881548417795121,0.9779518751360138,0
2021-02-10,-0.034499999999999996,1.0084802616446535,2.30062417055669,1.1487207425242387,1.1568527070461476,0.9779518751360138,0
2021-02-11,0.1661,0.9624429329684023,2.2701609357597867,1.1040293254482314,1.1536269819573397,0.9779518751360138,0
2021-02-12,0.47000000000000003,0.9212576566946648,2.2422774148370865,1.0629010939308945,1.1259584812949366,0.9779518751360138,0
2021-02-16,-0.05689999999999999,0.8929831317069943,2.222853198048792,1.0301201718762358,1.158364239995348,0.9779518751360138,0
2021-02-17,-0.032,0.8561990711462969,2.1966748137986336,0.9932757842766913,1.1102828582843203,0.9779518751360138,0
2021-02-18,-0.44260000000000005,0.8223259320670867,2.169523611208218,0.9587445811279516,1.1089931614757595,0.9779518751360138,0
2021-02-19,-0.1857,0.8020665070007614,2.1739096466575685,0.9411737499700961,1.143024387666335,0.9779518751360138,0
2021-02-22,-0.7763,0.7746710130959051,2.1589295455928887,0.9127791408902146,1.115438863004154,0.9779518751360138,0
2021-02-23,0.1256,0.7823743746075492,2.1888967931245853,0.9302310074463404,1.205337298560034,0.9779518751360138,0
2021-02-24,1.1288,0.7556393371865826,2.1627345240036076,0.9004743098322976,1.117289021471168,0.9779518751360138,0
2021-02-25,-2.4783,0.8034927906203547,2.162366897914258,0.9150577344495484,1.3330425663871353,0.9779518751360138,0
2021-02-26,-0.47619999999999996,1.0676984064835011,2.3255263656122445,1.282413436771905,1.9742359990386154,0.9779518751360138,0
2021-03-01,2.3512,1.0268561551900706,2.3271270200887924,1.2421689936182592,1.356786200475226,0.9779518751360138,0
2021-03-02,-0.8114,1.2024795976572724,2.3518672030238412,1.3234366704949359,1.9948668693173486,0.9779518751360138,0
2021-03-03,-1.3152000000000001,1.167003484663269,2.3778333999400556,1.3036942355109316,1.5201246485074835,0.9779518751360138,0
2021-03-04,-1.3508,1.175678764128287,2.441367320515,1.342733274298649,1.6408438473541596,0.9779518751360138,0
2021-03-05,1.9307999999999998,1.1867924040620201,2.505312576511733,1.3817389686524286,1.5682593870913066,0.9779518751360138,0
2021-03-08,-0.5374,1.264599575205194,2.513111106386784,1.4046609358554083,1.8313664960078309,0.9779518751360138,0
2021-03-09,1.4055,1.2100881219323063,2.5126503357364176,1.3591569604799718,1.3559544996422261,0.9779518751360138,0
2021-03-10,0.6012,1.2223123277206747,2.507044973380183,1.3461847571837318,1.5862087958399422,0.9779518751360138,0
2021-03-11,1.0342,1.173924422782273,2.481658147224641,1.2976090526045292,1.3679052923722461,0.9779518751360138,0
2021-03-12,0.1015,1.1568708161065495,2.467920809651883,1.26913167679161,1.4418617676115832,0.9779518751360138,0
2021-03-15,0.6471,1.1000286677873934,2.431591223244022,1.217109088499087,1.218663000956376,0.9779518751360138,0
2021-03-16,-0.1571,1.0644515871973363,2.4100251342253833,1.1787510725980923,1.2806498453910031,0.9779518751360138,0
2021-03-17,0.2875,1.015155515911439,2.384865102387873,1.1336113293412433,1.1768898198642046,0.9779518751360138,0
2021-03-18,-1.4871,0.9722995910019653,2.3560410368041107,1.0920793299868476,1.1778164726306046,0.9779518751360138,0
2021-03-19,-0.0603,1.0285085738640727,2.433647478461783,1.1891549691528234,1.4909497957342495,0.9779518751360138,0
2021-03-22,0.7001000000000001,0.9810400271070123,2.400485062400487,1.1420596944860413,1.2040833993955735,0.9779518751360138,0
2021-03-23,-0.766,0.9598325929458495,2.3813268209219682,1.1110307909177755,1.275664435970526,0.9779518751360138,0
2021-03-24,-0.5482,0.9452719882564372,2.4028103833981724,1.106438892621469,1.3039871932653329,0.9779518751360138,0
2021-03-25,0.5226999999999999,0.9186424744438648,2.4071095070746753,1.0839604609807791,1.2689570398953622,0.9779518751360138,0
2021-03-26,1.6494000000000002,0.8931901335525556,2.3833236518439485,1.0511788034618466,1.2194152363735662,0.9779518751360138,0
2021-03-29,-0.0868,0.9862537835924405,2.3884311559749642,1.0903307375918163,1.5877678226365468,0.9779518751360138,0
2021-03-30,-0.3163,0.9422373513274527,2.3588136687589665,1.049811652525607,1.2170295000122224,0.9779518751360138,0
2021-03-31,0.3616,0.9062036128697332,2.3472907051571656,1.0183374481847722,1.2178136086035498,0.9779518751360138,0
2021-04-01,1.1756,0.8747876329131049,2.321600829563781,0.9860355078356506,1.1956831102762973,0.9779518751360138,0
2021-04-05,1.4335,0.9089404947916802,2.317016496669257,0.9945211152188882,1.3933313455169234,0.9779518751360138,0
2021-04-06,-0.0974,0.9690601923156017,2.3190347022551907,1.0220425946746945,1.4629417197550967,0.9779518751360138,0
2021-04-07,0.1474,0.9264864540714698,2.2926014914665767,0.9861809224332148,1.1858589571698652,0.9779518751360138,0
2021-04-08,0.42119999999999996,0.8879117023609528,2.2634947565232566,0.9527391262926523,1.1699503030898364,0.9779518751360138,0
2021-04-09,0.769,0.8605006897175786,2.242145109650212,0.9266584761748962,1.1937160672873597,0.9779518751360138,0
2021-04-12,-0.0196,0.8571524726661084,2.230147972733442,0.9161979616299556,1.228234481359321,0.9779518751360138,0
2021-04-13,0.32889999999999997,0.8231659146582326,2.20096280826428,0.8869280260428011,1.0838981451225018,0.9779518751360138,0
2021-04-14,-0.40959999999999996,0.7979993567402153,2.179427107126199,0.8634688241140757,1.099485979537711,0.9779518751360138,0
2021-04-15,1.1033,0.778538412270546,2.181004235968002,0.8518329520334563,1.1135824059314157,0.9779518751360138,0
2021-04-16,0.3602,0.8194669530455241,2.179391247735315,0.8701749251316152,1.2952865868602206,0.9779518751360138,0
2021-04-19,-0.5321,0.7958339164470049,2.1593467495788206,0.8487516181250047,1.1271586238413829,0.9779518751360138,0
2021-04-20,-0.6826,0.7830974079127322,2.170809392041894,0.8479919470829986,1.1589397350164503,0.9779518751360138,0
2021-04-21,0.9263,0.7820684198610052,2.1932635347809453,0.8622783779387238,1.187912643421224,0.9779518751360138,0
2021-04-22,-0.9253000000000001,0.8029579879988683,2.1868244371779277,0.8670433720001298,1.2642496200118076,0.9779518751360138,0
2021-04-23,1.0869,0.8208147298690738,2.227199576859953,0.909705285909235,1.2568508242826593,0.9779518751360138,0
2021-04-26,0.1781,0.8531746404526577,2.2236268420906686,0.920216898163072,1.3276017613727396,0.9779518751360138,0
2021-04-27,-0.0215,0.8212005349221332,2.19760541314095,0.8917023656316954,1.1586123391799346,0.9779518751360138,0
2021-04-28,-0.0846,0.7902349782837546,2.1696456981919057,0.8641731421194645,1.1405201074509823,0.9779518751360138,0
2021-04-29,0.674,0.7623109550352964,2.147289223099842,0.8391831782032741,1.1067715347803269,0.9779518751360138,0
2021-04-30,-0.7221,0.7630952748582952,2.1360928186498795,0.831969249729938,1.166956724304719,0.9779518751360138,0
2021-05-03,0.2744,0.7676468526270402,2.1627088125398335,0.8526817889584364,1.1618561765984634,0.9779518751360138,0
2021-05-04,-0.6701,0.7457407076977093,2.1410907796362952,0.8306551860272746,1.0935369955333016,0.9779518751360138,0
2021-05-05,0.0703,0.7482290525676887,2.1635948603757287,0.8455558540045646,1.1594032862641024,0.9779518751360138,0
2021-05-06,0.8132,0.7238868010785533,2.1369021444070895,0.8215080425607726,1.0808103915118505,0.9779518751360138,0
2021-05-07,0.7346,0.7417921761562719,2.129512304066777,0.823514589165008,1.1902997622867946,0.9779518751360138,0
2021-05-10,-1.049,0.7501020483486293,2.12040762156573,0.8208822003708165,1.1749490095744581,0.9779518751360138,0
2021-05-11,-0.8712,0.789274157481757,2.172522789908839,0.8897357331094738,1.283553182809345,0.9779518751360138,0
2021-05-12,-2.1683,0.8037354501961105,2.2092566389067576,0.9218654649510688,1.2443023496321144,0.9779518751360138,0
2021-05-13,1.21,1.0067136081462962,2.3457888721234927,1.2058924218591343,1.8047110904795813,0.9779518751360138,0
2021-05-14,1.4808,1.025665879574822,2.3412241665547078,1.1948705312134624,1.4783812100064042,0.9779518751360138,0
2021-05-17,-0.2533,1.0724179877978193,2.3435851639577074,1.2031711651718098,1.600025899696627,0.9779518751360138,0
2021-05-18,-0.8554,1.0242112795158738,2.327893046156455,1.1588580580060632,1.3196077677097844,0.9779518751360138,0
2021-05-19,-0.2948,1.0093503576972422,2.3580446706229266,1.1585364852777873,1.4069077402232173,0.9779518751360138,0
2021-05-20,1.0499,0.9671561818644955,2.34494437205063,1.1185990350087964,1.2144419882398667,0.9779518751360138,0
2021-05-21,-0.0784,0.9753804128948039,2.3364176816072684,1.1060675965713544,1.3471853084858074,0.9779518751360138,0
2021-05-24,0.9862,0.9321509570022124,2.307979168905257,1.064433276603753,1.136460237667821,0.9779518751360138,0
2021-05-25,-0.21280000000000002,0.9388265931559774,2.29914325944688,1.0531773418005368,1.2982554087312712,0.9779518751360138,0
2021-05-26,0.1875,0.9004068057308483,2.2819645538116795,1.0177006957493067,1.1438372259198422,0.9779518751360138,0
2021-05-27,0.1165,0.8646456633106597,2.2542093954302533,0.9825290413471468,1.1409418310764137,0.9779518751360138,0
2021-05-28,0.07690000000000001,0.8307377957203506,2.2256400285007754,0.9490795682956576,1.1086035794187208,0.9779518751360138,0
2021-06-01,-0.0492,0.7992657854920902,2.197052323736952,0.9176831410870679,1.1073820297440264,0.9779518751360138,0
2021-06-02,0.1446,0.7702869331703885,2.171163015121378,0.8884693066542407,1.0781204379381741,0.9779518751360138,0
2021-06-03,-0.36350000000000005,0.7449264223344597,2.146056341529888,0.8618614703969445,1.0781219724131403,0.9779518751360138,0
2021-06-04,0.8795000000000001,0.7286084134324496,2.145284054449928,0.8474278118601535,1.0989367578709888,0.9779518751360138,0
2021-06-07,-0.0797,0.7524481300507465,2.139270604024131,0.8507892972160978,1.2169591366188104,0.9779518751360138,0
2021-06-08,0.017499999999999998,0.7278131633885152,2.117548359719903,0.8267152983987283,1.1011453550735253,0.9779518751360138,0
2021-06-09,-0.18259999999999998,0.7050291516104753,2.0910568086006007,0.8038914402583419,1.097118182193696,0.9779518751360138,0
2021-06-10,0.4641,0.6864592023181417,2.078558640189362,0.7857455032791159,1.100415447092597,0.9779518751360138,0
2021-06-11,0.19469999999999998,0.6815440892280663,2.0643850119098945,0.7743968178561935,1.1272868070726276,0.9779518751360138,0
2021-06-14,0.1814,0.6655459584537345,2.043987875147689,0.7570380309667418,1.0757833194003337,0.9779518751360138,0
2021-06-15,-0.20140000000000002,0.6507936500254158,2.023912589078053,0.7408650258122488,1.0537865285246342,0.9779518751360138,0
2021-06-16,-0.5405,0.6380481621771914,2.014970096161778,0.7285480552437076,1.0494406176149274,0.9779518751360138,0
2021-06-17,-0.0436,0.6440452067867589,2.0317949370771387,0.7414272610945947,1.0889901638215105,0.9779518751360138,0
2021-06-18,-1.3211,0.62928982938057,2.0108545997990297,0.7253411515415294,1.0348352308942714,0.9779518751360138,0
2021-06-21,1.3905,0.7300619805116063,2.08771801679456,0.8654254696289077,1.3392741430715371,0.9779518751360138,0
2021-06-22,0.5111,0.8186554051007625,2.0963763581403323,0.9061927172014552,1.4113896994806219,0.9779518751360138,0
2021-06-23,-0.1084,0.8023462079290287,2.082794123915749,0.8864822704447303,1.1880894018549277,0.9779518751360138,0
2021-06-24,0.5793999999999999,0.7736332042200071,2.0650381495507193,0.860245034397957,1.1434481439488193,0.9779518751360138,0
2021-06-25,0.33249999999999996,0.766281356570825,2.054164714852811,0.8469193205143515,1.1977131672900654,0.9779518751360138,0
2021-06-28,0.2312,0.7465854607602055,2.0375085189120923,0.826613079674659,1.1217320442512106,0.9779518751360138,0
2021-06-29,0.027700000000000002,0.7253417023286062,2.018872456824336,0.8057779955515568,1.0609795280305836,0.9779518751360138,0
2021-06-30,0.1327,0.7028114766608264,1.9957912165414136,0.7845426083256147,1.044740159848371,0.9779518751360138,0
2021-07-01,0.5208,0.6834407233411026,1.9760327711098642,0.765587132745389,1.0477810755114831,0.9779518751360138,0
2021-07-02,0.7472000000000001,0.6824798275824251,1.9665239568817543,0.7582189373904863,1.088775996934172,0.9779518751360138,0
2021-07-06,-0.20240000000000002,0.699931272966932,1.9629536740702713,0.7628994286867602,1.1481065167047872,0.9779518751360138,0
2021-07-07,0.3353,0.6823416620190228,1.956004219797732,0.7487722600606337,1.0655599091557453,0.9779518751360138,0
2021-07-08,-0.8598,0.671171894248229,1.94250883696456,0.7365121721108627,1.077273234560295,0.9779518751360138,0
2021-07-09,1.1215,0.701682867439533,1.9859684540409757,0.7891842078219113,1.1960501448099907,0.9779518751360138,0
2021-07-12,0.34450000000000003,0.7582267497648015,1.9911483261840768,0.8167661746563276,1.2976052785805088,0.9779518751360138,0
2021-07-13,-0.3523,0.7397916337392474,1.9767851418387303,0.7991419193305032,1.122308548706638,0.9779518751360138,0
2021-07-14,0.1164,0.7234987850974052,1.9806359844935153,0.7894630286991906,1.1249688791695527,0.9779518751360138,0
2021-07-15,-0.3268,0.7019388793486195,1.960948016513234,0.7699677463955175,1.104844126788933,0.9779518751360138,0
2021-07-16,-0.7567,0.6883793037670879,1.9633804550655651,0.7613328822632288,1.1027734342556499,0.9779518751360138,0
2021-07-19,-1.5997000000000001,0.7058923280817072,1.9982844436123273,0.7955746181399296,1.1590290602482753,0.9779518751360138,0
2021-07-20,1.5049,0.8334992995802558,2.0973878310427803,0.9792963774570128,1.4858313401257897,0.9779518751360138,0
2021-07-21,0.8208,0.9174924011018907,2.1086033130604336,1.0149450244151985,1.5019150764940072,0.9779518751360138,0
2021-07-22,0.20149999999999998,0.9117007595284231,2.102329491058034,0.9993175307685911,1.314453807708738,0.9779518751360138,0
2021-07-23,1.0094,0.875279791020069,2.0808790369528527,0.9655665777905081,1.2179078523024638,0.9779518751360138,0
2021-07-26,0.2379,0.8916003831590025,2.0802142061404925,0.9650548910327582,1.3638379430489533,0.9779518751360138,0
2021-07-27,-0.4724,0.8576728618515298,2.0603785147163456,0.9341864586956967,1.1719870264213679,0.9779518751360138,0
2021-07-28,-0.0186,0.8354678991476733,2.0705969800580983,0.9207536362264059,1.1437798309115264,0.9779518751360138,0
2021-07-29,0.4197,0.803290778649003,2.0465656939091517,0.8911608573857566,1.090294761933671,0.9779518751360138,0
2021-07-30,-0.5420999999999999,0.7837865797484099,2.032315761310156,0.8697301296020782,1.1223337784723402,0.9779518751360138,0
2021-08-02,-0.1845,0.7729351936613771,2.048703333726752,0.8677789421728702,1.12261601471741,0.9779518751360138,0
2021-08-03,0.8170000000000001,0.7481114775594526,2.0377094926515595,0.8447559439303057,1.08080359015873,0.9779518751360138,0
2021-08-04,-0.46430000000000005,0.7630226234679978,2.033630331862472,0.8446368396534729,1.1918328997808374,0.9779518751360138,0
2021-08-05,0.5987,0.7498329223688921,2.044102014204415,0.8386664336818355,1.1277331070780887,0.9779518751360138,0
2021-08-06,0.1674,0.7464974878946232,2.0343795246046437,0.8280352989220512,1.1558104758566605,0.9779518751360138,0
2021-08-09,-0.094,0.7237163754514174,2.014262990675208,0.8061453236294437,1.09702152134769,0.9779518751360138,0
2021-08-10,0.09920000000000001,0.7018407669465038,1.997622083350803,0.785640503731472,1.0899194451426215,0.9779518751360138,0
2021-08-11,0.1275,0.6820603557555585,1.9769772095142208,0.7662956648499845,1.065991511786093,0.9779518751360138,0
2021-08-12,0.4138,0.6645785391774783,1.9576780871936452,0.7487150478959765,1.0609429920122946,0.9779518751360138,0
2021-08-13,0.1606,0.6592272385083184,1.94608066799557,0.7388513609827553,1.0812397862176548,0.9779518751360138,0
2021-08-16,0.2617,0.6446194423847587,1.9285595635776736,0.7238573398386215,1.0574330982620128,0.9779518751360138,0
2021-08-17,-0.7086,0.6344455563438034,1.9140846531067057,0.7118935479193529,1.065975507551651,0.9779518751360138,0
2021-08-18,-1.0807,0.6551703587000286,1.946882032851089,0.7466725133464244,1.1475647463651015,0.9779518751360138,0
2021-08-19,0.1256,0.7151347581500375,2.0072099649840403,0.8344976411848882,1.2669342646720074,0.9779518751360138,0
2021-08-20,0.8109,0.6944910022923022,1.9869172226710128,0.8116679801517434,1.081692028351878,0.9779518751360138,0
2021-08-23,0.8488000000000001,0.7163861301160327,1.984297177317363,0.8145481288285135,1.1968401315129769,0.9779518751360138,0
2021-08-24,0.1495,0.7388860420377878,1.9827060970603378,0.8194377229143237,1.2248915404230696,0.9779518751360138,0
2021-08-25,0.2218,0.7164561679294589,1.963772955918392,0.7979862687642524,1.1032992185259627,0.9779518751360138,0
2021-08-26,-0.5842,0.6978013678399445,1.9472206929176852,0.7792087638094471,1.076785895802875,0.9779518751360138,0
2021-08-27,0.8769000000000001,0.6995828016622725,1.9695113888743971,0.7907850049238953,1.1324367713033694,0.9779518751360138,0
2021-08-30,0.42969999999999997,0.7275094464082935,1.9690868066280214,0.8000342210093386,1.202690814382483,0.9779518751360138,0
2021-08-31,-0.135,0.7161774641636225,1.9575295370360357,0.7862814453376095,1.09995088163063,0.9779518751360138,0
2021-09-01,0.0312,0.6955916710481015,1.9457180466542947,0.7681646091358042,1.0717471583353977,0.9779518751360138,0
2021-09-02,0.2839,0.675821810933276,1.925004910931228,0.7498255083888979,1.0674174203656226,0.9779518751360138,0
2021-09-03,-0.0335,0.6632276046646587,1.9111900822801782,0.7361800886348293,1.0703918184945176,0.9779518751360138,0
2021-09-07,-0.3401,0.6465450649199819,1.8932509045477226,0.7204393327594832,1.034266554182238,0.9779518751360138,0
2021-09-08,-0.13190000000000002,0.6394260188648644,1.8987799190072614,0.7172403899272678,1.050348579996184,0.9779518751360138,0
2021-09-09,-0.4616,0.6262183659498518,1.8885444527434656,0.7046536533812195,1.0337705763853022,0.9779518751360138,0
2021-09-10,-0.7753,0.6282201737349727,1.9033795700956737,0.7126178773199089,1.0732832757012474,0.9779518751360138,0
2021-09-13,0.2274,0.6565379583918026,1.9416093489526882,0.7565085157109087,1.1510362169367219,0.9779518751360138,0
2021-09-14,-0.5763,0.6439725122206,1.9258819252172574,0.7411396447927966,1.065829002654741,0.9779518751360138,0
2021-09-15,0.8437999999999999,0.6519230817805993,1.948244023330033,0.7562849456058319,1.1174665192747388,0.9779518751360138,0
2021-09-16,-0.1552,0.6837619242448337,1.9476563373412012,0.7672032586152103,1.1959207309851267,0.9779518751360138,0
2021-09-17,-0.9153,0.6666339919950567,1.9376576087640123,0.7511482198618328,1.0852069641778013,0.9779518751360138,0
2021-09-20,-1.7123,0.7040514994375249,1.985533195397141,0.8100619498261988,1.216561656431765,0.9779518751360138,0
2021-09-21,-0.0813,0.8516320415107667,2.093962106763096,1.0159562064751528,1.5503056162253943,0.9779518751360138,0
2021-09-22,0.9475000000000001,0.818439439895081,2.073831733964165,0.9802991254217398,1.166168327043742,0.9779518751360138,0
2021-09-23,1.2062,0.8363632944638842,2.0718486679762704,0.9746095727762721,1.2982285261077882,0.9779518751360138,0
2021-09-24,0.146,0.8801644336280448,2.0764013382355633,0.9865511899476964,1.404848221873096,0.9779518751360138,0
2021-09-27,-0.27799999999999997,0.8453712258201296,2.0544138348645453,0.9530711368640208,1.192828505947104,0.9779518751360138,0
2021-09-28,-2.0574,0.8165234363152085,2.050223503507746,0.9270601918461022,1.1275762922303751,0.9779518751360138,0
2021-09-29,0.1568,0.9952133619057276,2.183789212604687,1.1820374411793992,1.7373500557458188,0.9779518751360138,0
2021-09-30,-1.1981,0.9512869893108344,2.1585668989554585,1.1358156285637782,1.2188697058750784,0.9779518751360138,0
2021-10-01,1.1426,0.9766757180084799,2.2208569337417488,1.180314466511167,1.4109510851904115,0.9779518751360138,0
2021-10-04,-1.3071,0.9927542914049314,2.2188889396480374,1.1675918841978856,1.4266187614425936,0.9779518751360138,0
2021-10-05,1.047,1.0241750570441055,2.2874931694299807,1.2236199946123285,1.5136814467714135,0.9779518751360138,0
2021-10-06,0.40940000000000004,1.025096103195167,2.2808752121287688,1.201833827393933,1.3779989046076924,0.9779518751360138,0
2021-10-07,0.8264,0.9852452278211823,2.258643784582565,1.1580722352151862,1.258617076556647,0.9779518751360138,0
2021-10-08,-0.1916,0.972388133950418,2.247515771747625,1.1309752852973627,1.3133941700418805,0.9779518751360138,0
2021-10-11,-0.6889000000000001,0.9308406946323374,2.2305136524593743,1.0896993949401315,1.1928489776161944,0.9779518751360138,0
2021-10-12,-0.242,0.9139963638770756,2.2514183178589686,1.0799317803335462,1.2266717431326115,0.9779518751360138,0
2021-10-13,0.30179999999999996,0.878286576394278,2.2380387719380392,1.0435214668284152,1.136412284780484,0.9779518751360138,0
2021-10-14,1.6919,0.8472830128860362,2.214592395281264,1.0082752836072784,1.1395687046422431,0.9779518751360138,0
2021-10-15,0.7433000000000001,0.9564721837397153,2.2265997058509712,1.0572697791740697,1.5571451506844183,0.9779518751360138,0
2021-10-18,0.3369,0.9406652156460145,2.2144874440089954,1.0345520032043294,1.2827869240836531,0.9779518751360138,0
2021-10-19,0.7366,0.9054187560317855,2.192698755996027,1.0005942563174468,1.2128989629396176,0.9779518751360138,0
2021-10-20,0.3657,0.8945770531876016,2.1815550192652333,0.9822094783561707,1.283506978983753,0.9779518751360138,0
2021-10-21,0.29910000000000003,0.8643368592912678,2.161575100368008,0.9525737816097047,1.2160887868901677,0.9779518751360138,0
2021-10-22,-0.10729999999999999,0.8344687701756661,2.140605824181263,0.923653335209685,1.1392190626916316,0.9779518751360138,0
2021-10-25,0.4737,0.802988284251412,2.1208898307546153,0.8947315253495655,1.108700642734548,0.9779518751360138,0
2021-10-26,0.1818,0.7862200843843519,2.1055820440072974,0.8746795185573438,1.1393299313631675,0.9779518751360138,0
2021-10-27,-0.5064,0.7601476866192508,2.0835388525010483,0.8495008034958642,1.095741387463301,0.9779518751360138,0
2021-10-28,0.9781,0.7496612164458427,2.0955671662237196,0.8464625772004866,1.1348962190438385,0.9779518751360138,0
2021-10-29,0.19469999999999998,0.7808423821542895,2.0936429984350977,0.8563646935246593,1.2459309499326197,0.9779518751360138,0
2021-11-01,0.1798,0.7555335314574922,2.0723051121861467,0.8327122140684668,1.1101760250068455,0.9779518751360138,0
2021-11-02,0.3674,0.7321863870816286,2.051285346412327,0.8106288036380832,1.0977170921052473,0.9779518751360138,0
2021-11-03,0.644,0.7173207127121973,2.0355867753091728,0.7941138606860618,1.111450555580409,0.9779518751360138,0
2021-11-04,0.41729999999999995,0.7212553222957224,2.0272635518151185,0.7896518270320994,1.153167780420525,0.9779518751360138,0
2021-11-05,0.37260000000000004,0.7099338052613969,2.0135682909209214,0.7763723791560349,1.0906025696833839,0.9779518751360138,0
2021-11-08,0.0887,0.6975868690346825,1.9991968808741367,0.7628362971041326,1.0875769231185444,0.9779518751360138,0
2021-11-09,-0.3505,0.6780782634633694,1.978242848884183,0.7451912925795449,1.0624350217778027,0.9779518751360138,0
2021-11-10,-0.826,0.6680434088939581,1.9819125328041753,0.7403301951545124,1.0812703259592396,0.9779518751360138,0
2021-11-11,0.055099999999999996,0.695450467338813,2.0215163941153684,0.7873431682859446,1.176041605641569,0.9779518751360138,0
2021-11-12,0.7197,0.675828219848529,1.9990289874357872,0.7676009414771956,1.0651377305306577,0.9779518751360138,0
2021-11-15,-0.0011,0.691660915058291,1.9937516612728574,0.7697264947991541,1.158344379405365,0.9779518751360138,0
2021-11-16,0.3858,0.6721959764284582,1.9708566842611268,0.7512269065275788,1.0636616287617036,0.9779518751360138,0
2021-11-17,-0.2605,0.6645120453018252,1.9581534928019384,0.7402356945977943,1.0867350927894064,0.9779518751360138,0
2021-11-18,0.3379,0.6522266166259911,1.955700776581221,0.7305923191327663,1.0560910551652258,0.9779518751360138,0
2021-11-19,-0.13999999999999999,0.6443853913682388,1.9422793581739015,0.719965217404978,1.0648583780484615,0.9779518751360138,0
2021-11-22,-0.3202,0.6308330364558346,1.9313131520364981,0.7073681003695885,1.0343008128682873,0.9779518751360138,0
2021-11-23,0.1656,0.6245269533898591,1.9341730649307092,0.7041287514746256,1.0512303589603946,0.9779518751360138,0
2021-11-24,0.2291,0.6135539402867488,1.917142710968553,0.692079241823273,1.0352162254814208,0.9779518751360138,0
2021-11-26,-2.2987,0.6055507766675046,1.9022090765356463,0.6821555720223881,1.038173100113849,0.9779518751360138,0
2021-11-29,1.3114000000000001,0.904880178973836,2.0606006591062234,1.0907228544281333,1.8087401734632869,0.9779518751360138,0
2021-11-30,-1.9143000000000001,0.9503037826634296,2.068155520127878,1.0977274774867631,1.4631118881343286,0.9779518751360138,0
2021-12-01,-1.1886,1.0717051454003728,2.1896763391523852,1.2761865022485113,1.7499048884153674,0.9779518751360138,0
2021-12-02,1.4095,1.08001218145131,2.250155533014024,1.301800787618422,1.5397777267190222,0.9779518751360138,0
2021-12-03,-0.8484,1.1102741688848037,2.2538695906695665,1.2944222198163675,1.645412828958131,0.9779518751360138,0
2021-12-06,1.1663,1.0860528816637112,2.286074623824928,1.2805687251427322,1.4127842497706435,0.9779518751360138,0
2021-12-07,2.0496,1.0904427094161435,2.2824811061086923,1.260395446598843,1.4859371698022767,0.9779518751360138,0
2021-12-08,0.3081,1.2031764363708046,2.30116663082735,1.308777800010823,1.8096040964807745,0.9779518751360138,0
2021-12-09,-0.7207,1.1461912488398132,2.2757377636394542,1.2563501263564372,1.3259261597087524,0.9779518751360138,0
2021-12-10,0.9504,1.1105120333204008,2.297494128384261,1.2346667449846678,1.3504546239692765,0.9779518751360138,0
2021-12-13,-0.9178000000000001,1.0936790103168497,2.2881268583012617,1.2071735957304208,1.406018680885855,0.9779518751360138,0
2021-12-14,-0.7499,1.0761486660286392,2.324422408370357,1.2085453840798142,1.3878397769195119,0.9779518751360138,0
2021-12-15,1.6216000000000002,1.048780236238666,2.3466943054110256,1.1934669910882938,1.2709757617279727,0.9779518751360138,0
2021-12-16,-0.8782,1.1094026566918451,2.35239050317118,1.2127707999083726,1.5849630977092177,0.9779518751360138,0
2021-12-17,-1.0341,1.087353855087684,2.383408864856698,1.2094690372118406,1.3727734716259634,0.9779518751360138,0
2021-12-20,-1.1453,1.0797861961606365,2.425192437017699,1.2236647076513674,1.417047290883406,0.9779518751360138,0
2021-12-21,1.7622,1.0829763656159148,2.473961405141913,1.2499480726218744,1.4606317489360554,0.9779518751360138,0
2021-12-22,1.0129000000000001,1.1562301610629944,2.478666982212791,1.2741918233926974,1.7157242268499913,0.9779518751360138,0
2021-12-23,0.6204000000000001,1.1393863408130482,2.464507136202775,1.246546033524438,1.4593739161709038,0.9779518751360138,0
2021-12-27,1.3743999999999998,1.0989516101803292,2.4411140894958696,1.2052774736552332,1.3729679443089704,0.9779518751360138,0
2021-12-28,-0.1011,1.1226958684213142,2.4372982583392133,1.2049371924816041,1.57456691477371,0.9779518751360138,0
2021-12-29,0.1401,1.0683869704967597,2.4070274283016535,1.1572501674303994,1.3202972800850572,0.9779518751360138,0
2021-12-30,-0.2994,1.0185712780086513,2.3737927509150754,1.1124718163579255,1.2282874668415371,0.9779518751360138,0
2021-12-31,-0.263,0.9757556491036814,2.3604869534098056,1.0758692043861162,1.208599836463666,0.9779518751360138,0
2022-01-03,0.6354000000000001,0.935467874918747,2.344931235480383,1.0404515639983227,1.182645849018209,0.9779518751360138,0
2022-01-04,-0.063,0.9147431286788885,2.32610295909401,1.014702028922128,1.1901864392606731,0.9779518751360138,0
2022-01-05,-1.9583,0.8762317629274612,2.296878210816938,0.9789405259379128,1.1209031889953744,0.9779518751360138,0
2022-01-06,-0.0964,1.0219645476182195,2.413489098889782,1.1960327124146817,1.6903649418690627,0.9779518751360138,0
2022-01-07,-0.4058,0.9752543275534444,2.383706975958743,1.1488500969335387,1.2247559307470204,0.9779518751360138,0
2022-01-10,-0.1442,0.9394941744724815,2.3780023735186484,1.114466646821054,1.232793064995095,0.9779518751360138,0
2022-01-11,0.9117999999999999,0.8998221914365008,2.3530037207920924,1.0732446749756974,1.2023739227877492,0.9779518751360138,0
2022-01-12,0.2814,0.9037719160606165,2.3407599237551797,1.0571954313664544,1.3349802740490213,0.9779518751360138,0
2022-01-13,-1.4345999999999999,0.8699632870825144,2.313313072882454,1.0206653840836752,1.133718997944376,0.9779518751360138,0
2022-01-14,0.082,0.9371739532365508,2.38840911748259,1.1210814210461217,1.4536213198422758,0.9779518751360138,0
2022-01-18,-1.8558999999999999,0.8969985541323016,2.3543918130111328,1.078264969257601,1.1747374587540826,0.9779518751360138,0
2022-01-19,-0.9737000000000001,1.021001944917678,2.4607995834775678,1.248884137744598,1.6723469834935574,0.9779518751360138,0
2022-01-20,-1.1098999999999999,1.0159051609397425,2.495183091605299,1.2520319379847482,1.3898993318582464,0.9779518751360138,0
2022-01-21,-1.9095999999999997,1.023675774337257,2.538682695530511,1.2705901008331693,1.4498041383924936,0.9779518751360138,0
2022-01-24,0.2768,1.1289446902087599,2.6422654571759305,1.412299576179396,1.7509235542707169,0.9779518751360138,0
2022-01-25,-1.2247,1.076888360723931,2.603956668252923,1.3530849509781837,1.337967028480149,0.9779518751360138,0
2022-01-26,-0.1498,1.0880743352790778,2.6521611136904415,1.374354508590143,1.4752530868972957,0.9779518751360138,0
2022-01-27,-0.5399,1.0368811739867023,2.617743453750656,1.31689695721747,1.2649507866711653,0.9779518751360138,0
2022-01-28,2.4056,1.0015077531638175,2.613640473918306,1.2777775331842982,1.273526870034551,0.9779518751360138,0
2022-01-31,1.871,1.1930912717981312,2.629380881442807,1.3593267708885448,1.9316973662300212,0.9779518751360138,0
2022-02-01,0.6839999999999999,1.2619002564488797,2.6311262289082338,1.3799063408882621,1.780873826019126,0.9779518751360138,0
2022-02-02,0.9378,1.2141152821947772,2.603279594416992,1.3315064495660742,1.4324443951511696,0.9779518751360138,0
2022-02-03,-2.4693,1.1858036632039126,2.582742232774575,1.2959542120334462,1.5018276084824116,0.9779518751360138,0
2022-02-04,0.5144,1.3438039926487704,2.7286026240380044,1.5479987864637652,2.118270772399034,0.9779518751360138,0
2022-02-07,-0.3709,1.2822324014078683,2.692946742198523,1.4844720835296108,1.4549388005342354,0.9779518751360138,0
2022-02-08,0.8366,1.2208778507344027,2.6734298995489794,1.4260651072358694,1.3541139348666344,0.9779518751360138,0
2022-02-09,1.4413,1.1852502131628682,2.6477956632836586,1.379637706516776,1.432225432918994,0.9779518751360138,0
2022-02-10,-1.8282,1.204420527085848,2.6381306643532687,1.3670448526267764,1.6199923356917463,0.9779518751360138,0
2022-02-11,-1.9151999999999998,1.2658472989305267,2.7315047578664076,1.4768091638254457,1.713190617298612,0.9779518751360138,0
2022-02-14,-0.3848,1.3284118303623018,2.82794746947121,1.583508202661961,1.811512561369642,0.9779518751360138,0
2022-02-15,1.5644000000000002,1.263976133377252,2.804357917734277,1.5194041783813566,1.4321050466358953,0.9779518751360138,0
2022-02-16,0.0881,1.285696255455737,2.7918555357540926,1.5018927057979992,1.7217465395928637,0.9779518751360138,0
2022-02-17,-2.1401,1.2194034610794395,2.7433241816867113,1.435858604783596,1.4093940064439041,0.9779518751360138,0
2022-02-18,-0.7192,1.3203591198521956,2.8568069635147797,1.5899168429866914,1.9163256778533235,0.9779518751360138,0
2022-02-22,-1.0194999999999999,1.2693947471139897,2.857082099591391,1.5422637670081838,1.4342169813525427,0.9779518751360138,0
2022-02-23,-1.8584,1.2414156593492285,2.879960162923007,1.5222824034647542,1.5136967952995077,0.9779518751360138,0
2022-02-24,1.4846,1.3007142587860934,2.9660366814374064,1.6125232182152818,1.7873784077805124,0.9779518751360138,0
2022-02-25,2.2126,1.3094133687400378,2.945282052402127,1.5822645014439953,1.705991677822609,0.9779518751360138,0
2022-02-28,-0.24459999999999998,1.4041324354434745,2.9434741094150563,1.6056311810162434,1.9761947010606014,0.9779518751360138,0
2022-03-01,-1.5594000000000001,1.3311939342776415,2.9050202163816046,1.5361422881625377,1.478429862692174,0.9779518751360138,0
2022-03-02,1.8471000000000002,1.3435993289508565,2.9670860246218953,1.5796558148875015,1.766596396747146,0.9779518751360138,0
2022-03-03,-0.5269,1.3859246755954542,2.9553029097965577,1.5753090666062608,1.8540810899202873,0.9779518751360138,0
2022-03-04,-0.7966000000000001,1.3215597271142803,2.9373565126224994,1.5177011569388368,1.4808266343836471,0.9779518751360138,0
2022-03-07,-2.9963,1.274554124950498,2.9402914923495107,1.4808868446207892,1.436587911406747,0.9779518751360138,0
2022-03-08,-0.726,1.5005863758183846,3.112967251593195,1.8060254386604326,2.3664281296925114,0.9779518751360138,0
2022-03-09,2.5374,1.4352540785384524,3.1036081991446416,1.7436904665549247,1.5723361901959771,0.9779518751360138,0
2022-03-10,-0.43010000000000004,1.552938073384401,3.103598831552618,1.7759013010338893,2.187358954538555,2.3043790462779636,1
2022-03-11,-1.3046,1.473297225657769,3.0725685078743954,1.7016026668665214,1.609584005108152,2.3043790462779636,1
2022-03-14,-0.7449,1.4463585030784136,3.1084289896418746,1.6956693490398755,1.78767289065981,2.3043790462779636,1
2022-03-15,2.1183,1.386243437390189,3.10066679198037,1.6421201037441706,1.507874863475083,0.9779518751360138,0
2022-03-16,2.2137000000000002,1.4553380595400305,3.0903161679984903,1.6514372502712513,1.9746022743327325,0.9779518751360138,0
2022-03-17,1.2272,1.5255509616345908,3.082760539985211,1.6672310159062862,1.9909165035480518,2.3043790462779636,1
2022-03-18,1.1595,1.487512206117898,3.0510026065193996,1.6196188537229057,1.6936744948188833,2.3043790462779636,1
2022-03-21,-0.0435,1.4482854176993263,3.0188350311673395,1.572458530383556,1.6671829270359027,0.9779518751360138,0
2022-03-22,1.1240999999999999,1.3703594454245618,2.9625887865707075,1.5022446100329978,1.5087641939680303,0.9779518751360138,0
2022-03-23,-1.2349,1.3399879410361,2.9330333894104896,1.462187312457148,1.5784129599696015,2.3043790462779636,1
2022-03-24,1.4242,1.3213984424827063,2.969230958657539,1.4726846882528435,1.5460974759374004,2.3043790462779636,1
2022-03-25,0.5053,1.3216859615659489,2.9468518154583188,1.4507693189779414,1.6148762421622282,2.3043790462779636,1
2022-03-28,0.712,1.261500876705708,2.9026340700656097,1.3930860874955755,1.3747505885432454,0.9779518751360138,0
2022-03-29,1.2182,1.2151669234442677,2.8652276011698348,1.3446736812443159,1.4111473780580113,0.9779518751360138,0
2022-03-30,-0.6314,1.2089741032823906,2.8417872906007036,1.321924339401771,1.520664067833524,0.9779518751360138,0
2022-03-31,-1.5776,1.16310724442174,2.836064928286085,1.288277727886076,1.3668789281425038,0.9779518751360138,0
2022-04-01,0.3404,1.2004466438785886,2.9022842711210126,1.3686633284797844,1.6211452850993953,0.9779518751360138,0
2022-04-04,0.8058,1.1444740298740788,2.8557356861398695,1.3130035842401988,1.3252370569449077,0.9779518751360138,0
2022-04-05,-1.2631,1.1140973287291247,2.8224528261769586,1.2734402600749006,1.398290690021213,0.9779518751360138,0
2022-04-06,-0.9764,1.1243273355271444,2.8651687368751033,1.3091809723473875,1.5174477803206279,0.9779518751360138,0
2022-04-07,0.42440000000000005,1.1080321034323461,2.884474052805449,1.3065756837992923,1.4251182516549283,0.9779518751360138,0
2022-04-08,-0.26549999999999996,1.0618878596711026,2.840679309149299,1.256321473159164,1.272138153189346,0.9779518751360138,0
2022-04-11,-1.7021000000000002,1.0147779273257849,2.807743947580066,1.2089204362171706,1.2302701705723016,0.9779518751360138,0
2022-04-12,-0.3423,1.092037473782052,2.8846658314212648,1.3236505139076347,1.6324475730632209,0.9779518751360138,0
2022-04-13,1.1113,1.0445446662588742,2.8557362830800703,1.2745038335940515,1.2599009996424322,0.9779518751360138,0
2022-04-14,-1.2218,1.048881579258367,2.8300119900692793,1.2518522227627842,1.4150215296948665,0.9779518751360138,0
2022-04-18,-0.0205,1.063414958401112,2.86928889301634,1.2847266748407202,1.4633302321417403,0.9779518751360138,0
2022-04-19,1.593,1.0131444936928085,2.8171562799729717,1.231519349306923,1.2513190829680494,0.9779518751360138,0
2022-04-20,-0.0619,1.0760902591209744,2.804875567749497,1.2443253447231537,1.562874299775897,0.9779518751360138,0
2022-04-21,-1.4863,1.0250093006588017,2.7582497303370292,1.1937998739919262,1.2391665114906874,0.9779518751360138,0
2022-04-22,-2.8132,1.0725351932646543,2.8205383979195346,1.2739801051835964,1.545280306481643,0.9779518751360138,0
2022-04-25,0.5682,1.3192894257859746,2.9838167660969854,1.6123916018567046,2.199187666480512,0.9779518751360138,0
2022-04-26,-2.855,1.2616485570738425,2.9397045004385016,1.5460620268731167,1.4787886712103253,0.9779518751360138,0
2022-04-27,0.2096,1.4663304945342945,3.1012058331659214,1.8230554622446054,2.307532470779122,0.9779518751360138,0
2022-04-28,2.4446,1.3884897694562193,3.043639596610561,1.7392310751457627,1.5771860015229657,0.9779518751360138,0
2022-04-29,-3.6959,1.5015371068839682,3.043723825666669,1.7641165255311793,2.201016531787074,0.9779518751360138,0
2022-05-02,0.5659,1.7941498473032602,3.267742689830787,2.178155610616873,2.828467440258063,0.9779518751360138,0
2022-05-03,0.48250000000000004,1.70103041038033,3.2122000165362348,2.0785213380743457,1.824961759407577,0.9779518751360138,0
2022-05-04,2.9425,1.6121985628557267,3.1568709604450067,1.9832561456156175,1.673986065413927,0.9779518751360138,0
2022-05-05,-3.6301,1.7555557184719233,3.1648359756419775,2.0225191041828716,2.5206033272809907,0.9779518751360138,0
2022-05-06,-0.569,1.9761397493501136,3.3780349549201656,2.35743579384063,2.91420307875069,2.3043790462779636,1
2022-05-09,-3.2562,1.8703121382989227,3.3460834507312778,2.2534840617247958,1.7834952413729621,2.3043790462779636,1
2022-05-10,0.24550000000000002,2.011170952876677,3.521296466243775,2.466957531652642,2.7371486866080184,2.3043790462779636,1
2022-05-11,-1.66,1.896805514535412,3.447346459839397,2.3477688212970866,1.9469292372862452,2.3043790462779636,1
2022-05-12,-0.1297,1.8551663758942973,3.494452135439242,2.318989284365933,2.099187364195964,2.3043790462779636,1
2022-05-13,2.3588999999999998,1.7501069473783388,3.42515233617118,2.2075792103746594,1.621593001680755,2.3043790462779636,1
2022-05-16,-0.39540000000000003,1.7938390297951425,3.407400512478954,2.179688196106348,2.2226404673045974,2.3043790462779636,1
2022-05-17,1.9969000000000001,1.6964930210509543,3.3613510282433747,2.0806092948931076,1.5523306758870676,2.3043790462779636,1
2022-05-18,-4.1234,1.707709112649642,3.337283711058631,2.041178291421604,2.002813768202126,2.3043790462779636,1
2022-05-19,-0.5851000000000001,2.023864679547169,3.5820308882822576,2.482180191003167,3.096979011762915,2.3043790462779636,1
2022-05-20,0.0146,1.9151546586027253,3.5426365420492156,2.3715259303921705,1.938511589364376,2.3043790462779636,1
2022-05-23,1.8384999999999998,1.8057103444836373,3.4621369616379143,2.256733305210208,1.817744244138872,2.3043790462779636,1
2022-05-24,-0.8154,1.7887465143620909,3.429907294259977,2.194875014969024,2.166167751952743,2.3043790462779636,1
2022-05-25,0.9406,1.7049356232668955,3.4141264825737663,2.11185279012921,1.86282173873401,2.3043790462779636,1
2022-05-26,1.9688,1.6334957225718787,3.3617442921556147,2.0243824724181096,1.6079830750042114,2.3043790462779636,1
2022-05-27,2.4441,1.6497625956774211,3.3369631565240296,1.9879620389094645,1.9498453060948193,2.3043790462779636,1
2022-05-31,-0.6294,1.718563177257291,3.3250340737927084,1.9865351636720028,2.225692324356626,2.3043790462779636,1
2022-06-01,-0.7511,1.632901378180569,3.2997818032240063,1.9074225221040038,1.6633558379973903,2.3043790462779636,1
2022-06-02,1.8263000000000003,1.5583125282747137,3.284649595243118,1.8397082611168059,1.639681746040981,2.3043790462779636,1
2022-06-03,-1.6482,1.569319859350538,3.2595339313303016,1.8103333520084257,1.9584874992963317,2.3043790462779636,1
2022-06-06,0.3132,1.56159784486366,3.3137677799507452,1.8333045903584704,1.8905954843117554,2.3043790462779636,1
2022-06-07,0.9478,1.4787509976539703,3.250133824180948,1.749828994473825,1.4898836132396382,2.3043790462779636,1
2022-06-08,-1.0853,1.4266597425883183,3.204710931851017,1.6854440233617767,1.551506270725323,2.3043790462779636,1
2022-06-09,-2.4086,1.3880543994559875,3.2185725633643116,1.6591150531147993,1.5969906979378434,2.3043790462779636,1
2022-06-10,-2.9541999999999997,1.4960491552692186,3.3330712856168265,1.822277899909806,2.0660446837375033,2.3043790462779636,1
2022-06-13,-3.9539999999999997,1.6643686268269398,3.485112081195211,2.0595046604036873,2.3958161993567035,2.3043790462779636,1
2022-06-14,-0.3781,1.9613328931845697,3.709250729532691,2.4570898331515756,3.03616009997826,2.3043790462779636,1
2022-06-15,1.4487,1.852242669334562,3.649052516118534,2.34194074547883,1.9370861822851353,2.3043790462779636,1
2022-06-16,-3.3051999999999997,1.799074625009803,3.5992034357418947,2.2568235238439285,2.111259734471342,2.3043790462779636,1
2022-06-17,0.2198,1.960338003794309,3.7666313111544634,2.4787994005511167,2.8216028569768636,2.3043790462779636,1
2022-06-21,2.4181999999999997,1.8490624566537543,3.6815191095351905,2.3588156456853726,1.8959689662017147,2.3043790462779636,1
2022-06-22,-0.1302,1.8858554990423837,3.654244414330299,2.321547394793368,2.2194026655836927,2.3043790462779636,1
2022-06-23,0.9487000000000001,1.7787609599361647,3.578175268980916,2.2100018252977685,1.6953392339293043,2.3043790462779636,1
2022-06-24,3.0106,1.7018057043908983,3.519058435314705,2.1167923537778344,1.7664453518011813,2.3043790462779636,1
2022-06-27,-0.2977,1.838257348229871,3.513548844714156,2.146546605663585,2.4336835529090464,2.3043790462779636,1
2022-06-28,-2.0349,1.7361451145662894,3.4558136316858485,2.047050156794419,1.6667907599635892,2.3043790462779636,1
2022-06-29,-0.0712,1.7463181739674865,3.531167237397807,2.093370043246925,2.0314052752220566,2.3043790462779636,1
2022-06-30,-0.8798,1.64821609540537,3.4560189439158213,1.9939405087268904,1.6247065571050052,2.3043790462779636,1
2022-07-01,1.0499,1.5783135643361597,3.4439426652424894,1.9281328557136899,1.6879748576326605,2.3043790462779636,1
2022-07-05,0.1583,1.5236005887097073,3.393002178323852,1.8555793665400433,1.5790883208357915,2.3043790462779636,1
2022-07-06,0.35669999999999996,1.441192727245082,3.322296870283327,1.7695964361828422,1.4516487611677973,2.3043790462779636,1
2022-07-07,1.4853999999999998,1.3677994082277452,3.2593785793428713,1.6902867189417001,1.3675340473275244,2.3043790462779636,1
2022-07-08,-0.08310000000000001,1.3683647830657577,3.22685596579856,1.6537405386524244,1.6507092074317633,2.3043790462779636,1
2022-07-11,-1.1594,1.2961819463681075,3.165207881224467,1.5790660164283672,1.3813300883206736,2.3043790462779636,1
2022-07-12,-0.9287,1.2761185621264053,3.1862850114494226,1.569523626069337,1.547611938310118,2.3043790462779636,1
2022-07-13,-0.4467,1.2412120144258953,3.189128954529221,1.5391304021055652,1.5078430425942881,2.3043790462779636,1
2022-07-14,-0.3003,1.185260858709932,3.155879633433211,1.480228558835377,1.4106313800564625,2.3043790462779636,1
2022-07-15,1.9019000000000001,1.1294484513127347,3.113127266017864,1.4197552066914403,1.3184306772447312,2.3043790462779636,1
2022-07-18,-0.8399,1.2134617289416905,3.096887640273603,1.4360635380823132,1.751906058782833,2.3043790462779636,1
2022-07-19,2.7254,1.178731020570523,3.0967074260059837,1.4092273857839002,1.4203330320034102,2.3043790462779636,1
2022-07-20,0.5878,1.3813900732767443,3.1016809765069526,1.5046955368225745,2.194854561742076,2.3043790462779636,1
2022-07-21,0.9813000000000001,1.3196391603406066,3.0533894232932277,1.4455237907606988,1.497181528806711,2.3043790462779636,1
2022-07-22,-0.9376000000000001,1.2841103159343454,3.0167222804497205,1.4033790701960913,1.587189144431123,2.3043790462779636,1
2022-07-25,0.13140000000000002,1.2490350184304353,3.027105037024246,1.3880595686687167,1.50859074599442,2.3043790462779636,1
2022-07-26,-1.161,1.1857265157281802,2.9705554805541134,1.3289789666244867,1.3902947475625447,2.3043790462779636,1
2022-07-27,2.582,1.1778741226572988,2.9996507392151686,1.3451342798888302,1.4277025574677662,2.3043790462779636,1
2022-07-28,1.206,1.35625829129899,3.0049300565039987,1.4351173312358891,2.062818137548727,0.9779518751360138,0
2022-07-29,1.4108,1.3336094649300914,2.975737457809434,1.4042729241664675,1.5729161307266193,0.9779518751360138,0
2022-08-01,-0.2827,1.3311870266420267,2.952770125079511,1.3875576766272169,1.645238140027151,0.9779518751360138,0
2022-08-02,-0.6685,1.2641731962412734,2.9167751380261033,1.3323228146906405,1.4292176752335524,0.9779518751360138,0
2022-08-03,1.5516999999999999,1.215436567458138,2.910915293482082,1.300481178589469,1.4538811561816185,0.9779518751360138,0
2022-08-04,-0.07780000000000001,1.242395046352138,2.8939835797446904,1.302959418498401,1.5992486993898103,0.9779518751360138,0
2022-08-05,-0.1627,1.1791486330085854,2.8451241449949634,1.2489559743253984,1.2766758926603103,0.9779518751360138,0
2022-08-08,-0.1238,1.1213012861934983,2.804408549617342,1.1994659688367892,1.2321554428723676,0.9779518751360138,0
2022-08-09,-0.42579999999999996,1.0673070808003882,2.7623695444250513,1.1524335805297425,1.2200491382317353,0.9779518751360138,0
2022-08-10,2.1067,1.0245459280820288,2.744330007530149,1.1188325781608814,1.2379101031173467,0.9779518751360138,0
2022-08-11,-0.0706,1.1600853496389056,2.7476521719638005,1.1933186934484414,1.7818792456841739,0.9779518751360138,0
2022-08-12,1.7173999999999998,1.1027935812787315,2.703826876159336,1.146044096313457,1.270761330305577,0.9779518751360138,0
2022-08-15,0.3962,1.1667415480728747,2.698951297372481,1.1790478513615208,1.6876849544568442,0.9779518751360138,0
2022-08-16,0.1874,1.1149787652627394,2.661487409539227,1.136515563111645,1.371158786209679,0.9779518751360138,0
2022-08-17,-0.7263999999999999,1.0622787424235531,2.620268804717424,1.093489229416671,1.3389677620092277,0.9779518751360138,0
2022-08-18,0.22669999999999998,1.034777871286094,2.6300748534399307,1.0867978222006247,1.3148435691746756,0.9779518751360138,0
2022-08-19,-1.2984,0.9889572950518275,2.5909798337031162,1.0474783222963622,1.2211230797917136,0.9779518751360138,0
2022-08-22,-2.1632,1.0199568288584373,2.6453114493407703,1.1200975033841938,1.4144911048500801,0.9779518751360138,0
2022-08-23,-0.22399999999999998,1.1656675448327931,2.764537525156218,1.3473633791793274,1.8322266800808242,0.9779518751360138,0
2022-08-24,0.2912,1.1097596894949637,2.731421131968708,1.293052440766795,1.3150773665454059,0.9779518751360138,0
2022-08-25,1.3993,1.059521529003623,2.6901583259703994,1.2413640505872772,1.3098281290306757,0.9779518751360138,0
2022-08-26,-3.4269000000000003,1.0915943416617155,2.677868400999425,1.2391446128100583,1.5785388325917102,0.9779518751360138,0
2022-08-29,-0.6688999999999999,1.4539918080103431,2.896514882662381,1.748471402764527,2.563392907281285,0.9779518751360138,0
2022-08-30,-1.1089,1.3898579700179492,2.891476330860282,1.6867683710668755,1.5340524591421247,0.9779518751360138,0
2022-08-31,-0.7848,1.3564566682440553,2.919767624854788,1.6625076781306074,1.640201257681508,0.9779518751360138,0
2022-09-01,0.29919999999999997,1.3058118053849743,2.922508334308664,1.6139630894272905,1.5851419620021419,0.9779518751360138,0
2022-09-02,-1.0795000000000001,1.24098834552543,2.8741645528744733,1.543007165765959,1.487532686229113,0.9779518751360138,0
2022-09-06,-0.4103,1.2204116187442697,2.900911598132028,1.5287378924522577,1.3936138016322885,0.9779518751360138,0
2022-09-07,1.8175000000000001,1.1649056340723152,2.876405945385415,1.4690182941720693,1.2562231240508193,0.9779518751360138,0
2022-09-08,0.6589,1.2314567113022696,2.867431112474108,1.4736086167384397,1.6830091400227156,0.9779518751360138,0
2022-09-09,1.5155999999999998,1.1850153517071513,2.83007179318645,1.418284096705587,1.3496656324067826,0.9779518751360138,0
2022-09-12,1.0529,1.2122235630861176,2.8153696488983955,1.406879564584676,1.6208698319729442,0.9779518751360138,0
2022-09-13,-4.4199,1.1925880478632351,2.7897456948140738,1.3707682916876045,1.474640330555217,0.9779518751360138,0
2022-09-14,0.3381,1.7330395296473127,3.084735624514995,2.1112053634171453,3.1593228350708324,0.9779518751360138,0
2022-09-15,-1.1381999999999999,1.6387648159254125,3.0309797537105645,2.012321714101394,1.7216875576886768,0.9779518751360138,0
2022-09-16,-0.7208,1.5841832665247135,3.0559225764227445,1.9639183824982027,1.8549096923031048,0.9779518751360138,0
2022-09-19,0.6834,1.5120806576883947,3.0484684585323962,1.890800345879412,1.7513719057356147,0.9779518751360138,0
2022-09-20,-1.1336000000000002,1.444008994560063,3.0046472176250907,1.8101784976500845,1.7348840275937756,0.9779518751360138,0
2022-09-21,-1.7265,1.4071219807608235,3.030302053710035,1.7776639544621557,1.4877620162176477,0.9779518751360138,0
2022-09-22,-0.8463,1.4271335933539142,3.100083729528581,1.8145256248037416,1.7297076353245364,0.9779518751360138,0
2022-09-23,-1.7383,1.3737652791372286,3.1002543636435247,1.759157452287103,1.4577027712122936,0.9779518751360138,0
2022-09-26,-1.0394,1.3995076890855926,3.1680487054719766,1.7998106341830264,1.7639877134209294,0.9779518751360138,0
2022-09-27,-0.2123,1.3603418414145818,3.179962282979185,1.760041625644479,1.5744650281286021,0.9779518751360138,0
2022-09-28,1.9480999999999997,1.290026945374585,3.1297347602975707,1.6808904065333696,1.4223443317635853,0.9779518751360138,0
2022-09-29,-2.1353,1.352883812071151,3.1139739039862406,1.6738188749303515,1.8179502720646679,0.9779518751360138,0
2022-09-30,-1.5181,1.4296529440253094,3.2117614768390936,1.7863214219844592,1.9606645027898069,0.9779518751360138,0
2022-10-03,2.5555000000000003,1.425990878981611,3.2580944219593877,1.7959978764885292,1.7385982720858777,0.9779518751360138,0
2022-10-04,3.0124999999999997,1.5480290216006138,3.2522194528914383,1.8237305329162414,2.210874881398764,2.3043790462779636,1
2022-10-05,-0.202,1.7146721387585968,3.2580125320519846,1.8891833771756108,2.5318433590765443,2.3043790462779636,1
2022-10-06,-1.0298,1.6196635490674904,3.2038533570879233,1.8024804342660041,1.735426451423396,2.3043790462779636,1
2022-10-07,-2.8403,1.5601697694327596,3.213572538209613,1.7617097310554226,1.779768164340513,2.3043790462779636,1
2022-10-10,-0.7521,1.6984042255165384,3.361990279094281,1.9884145287189532,2.452215509187559,2.3043790462779636,1
2022-10-11,-0.6541,1.6188372778648434,3.344341002464494,1.9153891062114081,1.741035041893184,2.3043790462779636,1
2022-10-12,-0.3296,1.5414475276836146,3.3201244129817016,1.841969908915123,1.5637902113774724,2.3043790462779636,1
2022-10-13,2.5634,1.4603318021655127,3.272836011024221,1.7606497663614675,1.5257084927337858,2.3043790462779636,1
2022-10-14,-2.3947,1.5770995346540326,3.2665481173859874,1.7931175979239635,2.188745650252674,2.3043790462779636,1
2022-10-17,2.6136,1.6510368594793448,3.3778879854109487,1.9307243944076864,2.1009750859541385,2.3043790462779636,1
2022-10-18,1.1363,1.7414530497461542,3.3684687631421184,1.948304910074298,2.286717364804842,2.3043790462779636,1
2022-10-19,-0.6694,1.6777761339959247,3.322812741621697,1.8774674932824906,1.830215251083872,2.3043790462779636,1
2022-10-20,-0.7983,1.596543235828779,3.3006313416467146,1.8072741813222413,1.7535072340312714,2.3043790462779636,1
2022-10-21,2.3448,1.5268846606465105,3.288989509383364,1.7492702138324319,1.6668836325310774,2.3043790462779636,1
2022-10-24,1.1812,1.602446258778316,3.2765827968668115,1.7649214095466146,2.11914258175329,2.3043790462779636,1
2022-10-25,1.6136000000000001,1.5539480098170837,3.2358338123772117,1.7082966770040824,1.653909407464629,2.3043790462779636,1
2022-10-26,-0.7414999999999999,1.5447878060477556,3.2074516151735226,1.6774333927675502,1.7980414836704965,2.3043790462779636,1
2022-10-27,-0.6101,1.4766515682004564,3.195408401164393,1.6249585625576033,1.585841253341582,2.3043790462779636,1
2022-10-28,2.4328,1.4083903535206272,3.174053723738288,1.5683313058793182,1.5620820244788685,2.3043790462779636,1
2022-10-31,-0.7482,1.516100651266313,3.1685692626623663,1.6124262567558858,2.1042250454739864,2.3043790462779636,1
2022-11-01,-0.411,1.4505349624146129,3.1586148972945227,1.5650590245428448,1.5691050925607246,2.3043790462779636,1
2022-11-02,-2.532,1.3778014525368032,3.1239528400064556,1.503072992854134,1.468958101444694,2.3043790462779636,1
2022-11-03,-1.0642,1.5056160324213692,3.2521447392037612,1.7210344697993465,2.1663449624425004,2.3043790462779636,1
2022-11-04,1.3527,1.4582823639765674,3.2624545638697695,1.6898009994637087,1.6768322223764665,2.3043790462779636,1
2022-11-07,0.9568,1.4368178911028353,3.2265229977376872,1.6464456322589205,1.6817787010781176,2.3043790462779636,1
2022-11-08,0.5582,1.3889571162442154,3.182285703631443,1.5892588143410789,1.5900482048982039,2.3043790462779636,1
2022-11-09,-2.0997,1.3254890953418692,3.13002849247252,1.5241309530481668,1.4992993196156663,2.3043790462779636,1
2022-11-10,5.3953,1.4021466769515005,3.2243851580178595,1.6549960619319748,1.8974181851927108,2.3043790462779636,1
2022-11-11,0.9198,2.079752732178899,3.2915830512068425,2.0598002816982266,3.7697210837540753,2.3043790462779636,1
2022-11-14,-0.8976,1.9784191428972753,3.2437706148450736,1.9749359760282021,2.0656753316046546,2.3043790462779636,1
2022-11-15,0.8675,1.8837318408469035,3.2419159437993854,1.9116070755895949,2.046619947816399,2.3043790462779636,1
2022-11-16,-0.8286,1.7949152708876277,3.1948498723422465,1.8344158557629635,2.0363437098142345,2.3043790462779636,1
2022-11-17,-0.3094,1.7111938947113203,3.1898378677508727,1.7764585555711376,1.9592933178061929,2.3043790462779636,1
2022-11-18,0.4747,1.6179163101601552,3.1463861133710593,1.6984514054486473,1.3708633878326462,2.3043790462779636,1
2022-11-21,-0.3891,1.5347970065412526,3.093522475305167,1.6250829427996036,1.3730118185580196,2.3043790462779636,1
2022-11-22,1.3489,1.4554443251287192,3.0598527380513048,1.5585607636069825,1.3472809462394992,2.3043790462779636,1
2022-11-23,0.5897,1.4339663027690301,3.032021579743337,1.5252813077083338,1.5576409173490533,2.3043790462779636,1
2022-11-25,-0.0283,1.36820947196312,2.986542717339593,1.464858434407497,1.371246020851109,2.3043790462779636,1
2022-11-28,-1.5565,1.295830137384048,2.930444070643142,1.4008754551151532,1.3142146479171506,2.3043790462779636,1
2022-11-29,-0.1593,1.3124979456571584,2.9912644181956405,1.46167522324368,1.6508761147948081,2.3043790462779636,1
2022-11-30,3.0479,1.2449176973419243,2.944637038374436,1.3991098697367546,1.3694165312278073,2.3043790462779636,1
2022-12-01,-0.0868,1.4877732743877818,2.963798524255173,1.5330524961690324,2.3663758124397734,2.3043790462779636,1
2022-12-02,-0.11950000000000001,1.4072959004757917,2.912896588928848,1.465397714132199,1.524809176651295,2.3043790462779636,1
2022-12-05,-1.8055999999999999,1.332628358620323,2.8663832054344267,1.4020561173149486,1.5253414315490155,2.3043790462779636,1
2022-12-06,-1.4504,1.3717075718398706,2.948932939449844,1.5022392344313955,1.8658716438972964,2.3043790462779636,1
2022-12-07,-0.1864,1.3685035096469065,3.000898118107131,1.5351461085816247,1.7919540945292096,2.3043790462779636,1
2022-12-08,0.7494,1.2972561937933398,2.9558940652741454,1.4686664761608599,1.3833769069201638,2.3043790462779636,1
2022-12-09,-0.7377,1.2498050451140856,2.9173407563816816,1.4163650039992037,1.458710514461317,2.3043790462779636,1
2022-12-12,1.4178,1.2058381989306206,2.916642927597961,1.3830328012281852,1.4682874696053223,2.3043790462779636,1
2022-12-13,0.7263000000000001,1.2198621388408146,2.896162118576094,1.3686569596946327,1.6031109232364429,2.3043790462779636,1
2022-12-14,-0.6071,1.1779022755306527,2.8593587995926555,1.3223694997856246,1.2925372015922791,2.3043790462779636,1
2022-12-15,-2.5237,1.1335148999876157,2.851139263549056,1.2870530480682363,1.2768233551278736,2.3043790462779636,1
2022-12-16,-1.1199999999999999,1.3126044062929685,2.990259218998686,1.5535875697437675,2.0333546831037617,2.3043790462779636,1
2022-12-19,-0.9048,1.2877494266133294,3.015462635961375,1.542399951293728,1.546618904546301,2.3043790462779636,1
2022-12-20,0.1037,1.2502035247614056,3.0234282907479466,1.5122239850467216,1.4728724733322978,2.3043790462779636,1
2022-12-21,1.4759,1.1865688630342786,2.9663439506703537,1.4456469730990038,1.3618846586623994,2.3043790462779636,1
2022-12-22,-1.4557,1.2092443133284367,2.9453612813874828,1.4292351832088597,1.6557404224998555,2.3043790462779636,1
2022-12-23,0.5851000000000001,1.2267430205113756,2.9978748089512246,1.47180886775581,1.576523586724918,2.3043790462779636,1
2022-12-27,-0.4058,1.177273284610312,2.9536273739989642,1.41465558920147,1.3394323723503176,0.9779518751360138,0
2022-12-28,-1.2093,1.1249869135351616,2.9267330680795847,1.362090455376531,1.300317292855863,0.9779518751360138,0
2022-12-29,1.7311,1.128658698111717,2.961238454841578,1.3804379677985692,1.498915202271296,0.9779518751360138,0
2022-12-30,-0.25439999999999996,1.1900730624193994,2.9467983154157023,1.3877900503392586,1.684813867820419,0.9779518751360138,0
2023-01-03,-0.40090000000000003,1.1329068095811408,2.9089403628805237,1.331741911337689,1.2998210886887471,0.9779518751360138,0
2023-01-04,0.7511,1.0839681525782865,2.8834241086301797,1.2844432593722492,1.2731647034457088,0.9779518751360138,0
2023-01-05,-1.1714,1.0559230318074364,2.8477247515498396,1.244899520871829,1.3385379434293223,0.9779518751360138,0
2023-01-06,2.2584,1.064556801488278,2.8824771805764797,1.2720113821562293,1.443141868909637,0.9779518751360138,0
2023-01-09,-0.07680000000000001,1.215615983423167,2.884274946843667,1.3391581687299987,1.8794008238797808,0.9779518751360138,0
2023-01-10,0.6954,1.1543013061157334,2.8357155119025594,1.2829445042414882,1.313230847337969,0.9779518751360138,0
2023-01-11,1.2768,1.1164730381527348,2.8004729347447372,1.2415625304598543,1.3840607874656372,0.9779518751360138,0
2023-01-12,0.34099999999999997,1.1277601425908503,2.780970013343644,1.2313624837197503,1.5464790467381058,0.9779518751360138,0
2023-01-13,0.39890000000000003,1.0774169554164488,2.739070007523858,1.1843630255356707,1.3349480841965353,0.9779518751360138,0
2023-01-17,-0.2033,1.0328772786967235,2.7001736626765287,1.141535009452268,1.2174133002805578,0.9779518751360138,0
2023-01-18,-1.5685,0.9867571803194423,2.6679377703939258,1.0998586232782164,1.1992216987279707,0.9779518751360138,0
2023-01-19,-0.7668,1.0510357305059261,2.740065726514883,1.2100651691765576,1.5569993713871564,0.9779518751360138,0
2023-01-20,1.8742,1.0272067746839553,2.7484029376692645,1.1963528586765881,1.2839893241378606,0.9779518751360138,0
2023-01-23,1.1811,1.1265423041997515,2.7457571105764353,1.2369326542670231,1.702532440013993,0.9779518751360138,0
2023-01-24,-0.0712,1.1273944037112125,2.7259548067234864,1.2213978431484311,1.495781621928816,0.9779518751360138,0
2023-01-25,-0.0182,1.0725237727053891,2.6829863980675,1.172370184838244,1.3223673511925498,0.9779518751360138,0
2023-01-26,1.0948,1.0215612984150677,2.6377066035489762,1.1261277660384168,1.256035781815152,0.9779518751360138,0
2023-01-27,0.24919999999999998,1.0271947201785383,2.619798080528896,1.1155148138295565,1.4228306113870337,0.9779518751360138,0
2023-01-30,-1.3054,0.9824508306295757,2.581633977096069,1.074603515190907,1.1903120578234938,0.9779518751360138,0
2023-01-31,1.4536,1.0151951508243338,2.6368549616410126,1.144104817029179,1.423190095946427,0.9779518751360138,0
2023-02-01,1.0397999999999998,1.0602984833187215,2.62790226934187,1.1558400119779626,1.5170886114858289,0.9779518751360138,0
2023-02-02,1.4592,1.0563187798881424,2.608990303330627,1.1394521793103378,1.409302901934144,0.9779518751360138,0
2023-02-03,-1.0409,1.0957596464475254,2.6012071353406916,1.152120968916178,1.5586689796746453,0.9779518751360138,0
2023-02-06,-0.6159,1.0878148742489526,2.635511579197126,1.1736444752519821,1.46079830842591,0.9779518751360138,0
2023-02-07,1.279,1.051691355976394,2.63644626350723,1.150614843827131,1.34393092564313,0.9779518751360138,0
2023-02-08,-1.1143,1.0717491132813208,2.623162114351212,1.1492537724656737,1.4899456742445343,0.9779518751360138,0
2023-02-09,-0.8869,1.0730522444383808,2.6622230814677095,1.1805293496346065,1.4328356849269217,0.9779518751360138,0
2023-02-10,0.2193,1.0553800476124602,2.6825642888344388,1.1813204996056825,1.3494403076460997,0.9779518751360138,0
2023-02-13,1.1384,1.0078034061224748,2.6413512600684164,1.1357651898541967,1.2231258095551742,0.9779518751360138,0
2023-02-14,-0.027999999999999997,1.0193705637589434,2.624390761729715,1.126869242641252,1.4087026438180628,0.9779518751360138,0
2023-02-15,0.27690000000000003,0.9724754658441704,2.581991922847576,1.0835457201173213,1.1966098163979768,0.9779518751360138,0
2023-02-16,-1.3885,0.9328093423784353,2.5458897249604497,1.0451676028278387,1.1780120913640912,0.9779518751360138,0
2023-02-17,-0.2771,0.9831620626729882,2.608835428279474,1.133207398394303,1.4570516337453523,0.9779518751360138,0
2023-02-21,-2.0244999999999997,0.9426280060017533,2.585454258188352,1.0943507805876544,1.2053983392223502,0.9779518751360138,0
2023-02-22,-0.1575,1.08350407407952,2.6961908030769846,1.297211628629003,1.7503958471442964,0.9779518751360138,0
2023-02-23,0.5315000000000001,1.0327588801733258,2.6607113733934686,1.2446147155164373,1.266736303577031,0.9779518751360138,0
2023-02-24,-1.0593,0.9973524588435388,2.628004442606927,1.2009244158758865,1.3023190974565335,0.9779518751360138,0
2023-02-27,0.3068,1.0026729682110065,2.6626998366725125,1.2190998821084915,1.397399384750115,0.9779518751360138,0
2023-02-28,-0.3041,0.9613508281841006,2.624376865293005,1.1723234840589125,1.262896239918387,0.9779518751360138,0
2023-03-01,-0.47359999999999997,0.9233524298455356,2.6024320812922017,1.131797497842793,1.1588360986783248,0.9779518751360138,0
2023-03-02,0.7554,0.8950535398047755,2.593933480774037,1.102443331643704,1.1843266280465032,0.9779518751360138,0
2023-03-03,1.6018999999999999,0.8867375918474524,2.569217962230854,1.0766576176816312,1.2368506969315252,0.9779518751360138,0
2023-03-06,0.0687,0.9741571129858936,2.566456439816231,1.1083087053323544,1.522950438359699,0.9779518751360138,0
2023-03-07,-1.5446,0.930956254074736,2.5257902751154857,1.0662585313415853,1.1860740403532994,0.9779518751360138,0
2023-03-08,0.1414,1.001941492946815,2.601522740284879,1.1782774372225013,1.542825307641795,0.9779518751360138,0
2023-03-09,-1.8632,0.9572751686048777,2.5613718639625302,1.1321723770414318,1.236684535926604,0.9779518751360138,0
2023-03-10,-1.4584,1.0692352775826883,2.6604572763660017,1.292577101134344,1.7153412659001703,0.9779518751360138,0
2023-03-13,-0.15109999999999998,1.106644158789585,2.7244061147450207,1.3537211644625937,1.5653603684455537,0.9779518751360138,0
2023-03-14,1.6341999999999999,1.0540625466342244,2.687400187812588,1.2975407384654045,1.3049201772522332,0.9779518751360138,0
2023-03-15,-0.7005,1.115423193684549,2.681065711522124,1.3063682697288674,1.6326262672761334,0.9779518751360138,0
2023-03-16,1.7409999999999999,1.0814015301122757,2.6866498533890697,1.2789632489300615,1.3911034099232162,0.9779518751360138,0
2023-03-17,-1.1081,1.152096435198459,2.6830085518592752,1.2981324506679384,1.67786388887776,0.9779518751360138,0
2023-03-20,0.8879,1.1434946274268012,2.719327610326122,1.3113534098419903,1.4637066516894701,0.9779518751360138,0
2023-03-21,1.2899,1.1186979018255785,2.6932509454972666,1.2751845670837523,1.428864752941999,0.9779518751360138,0
2023-03-22,-1.66,1.1310098756000422,2.6781242361933235,1.2627063551319053,1.5116295783028328,0.9779518751360138,0
2023-03-23,0.298,1.1830975501578669,2.756912079856545,1.3608377243213954,1.6822073057147267,0.9779518751360138,0
2023-03-24,0.5624,1.1273955318704532,2.714860284075895,1.3050403546700744,1.2960741633486874,0.9779518751360138,0
2023-03-27,0.1646,1.0852267317202395,2.680903222007896,1.2581357743743071,1.3067704530635822,0.9779518751360138,0
2023-03-28,-0.1575,1.0344478437972522,2.6384055907054154,1.2072080849046598,1.248278182577906,0.9779518751360138,0
2023-03-29,1.4137,0.9874683915691311,2.6050649491583004,1.1602585081817074,1.2033631017278204,0.9779518751360138,0
2023-03-30,0.5699,1.032113587504884,2.596292513848731,1.167306040934433,1.4534487725750778,0.9779518751360138,0
2023-03-31,1.4333,0.9986305980442839,2.5669016558934854,1.130018106517148,1.2422474629074514,0.9779518751360138,0
2023-04-03,0.3692,1.0438848502228177,2.5600177968445528,1.1417611260354434,1.5070201041127487,0.9779518751360138,0
2023-04-04,-0.5813999999999999,1.0010920471036768,2.5269891771637374,1.101156595134377,1.2657034527487077,0.9779518751360138,0
2023-04-05,-0.24949999999999997,0.9710223776953436,2.5293259979838294,1.0815385352736735,1.2919438449096772,0.9779518751360138,0
2023-04-06,0.35729999999999995,0.9307932693540805,2.5067853560877764,1.0452649350899101,1.2070604206501014,0.9779518751360138,0
2023-04-10,0.0996,0.89708446597334,2.475379402026573,1.0109853658933177,1.2022814983189254,0.9779518751360138,0
2023-04-11,-0.0041,0.8603084811108049,2.438738473498268,0.9754938160850553,1.1320354428638708,0.9779518751360138,0
2023-04-12,-0.4143,0.826040621721065,2.401243034405576,0.9420947015417016,1.111371039437325,0.9779518751360138,0
2023-04-13,1.3176,0.8040941505815931,2.3955579114635754,0.9240828529847503,1.1250242336945457,0.9779518751360138,0
2023-04-14,-0.2072,0.8676584135865534,2.391936897482311,0.9506898019002702,1.3895286708089185,0.9779518751360138,0
2023-04-17,0.3301,0.8350490075106657,2.3711317873815974,0.9222533023352316,1.143167087524829,0.9779518751360138,0
2023-04-18,0.08549999999999999,0.8088419640934118,2.343837684138725,0.8961834106231821,1.1541526580569834,0.9779518751360138,0
2023-04-19,-0.0084,0.7793163357839237,2.311449856278334,0.8685502613570281,1.125472674479483,0.9779518751360138,0
2023-04-20,-0.597,0.7519322552788213,2.278686552532344,0.8426518770096036,1.1142631032211379,0.9779518751360138,0
2023-04-21,0.0903,0.7482351783585164,2.2909942017071856,0.8485658099521864,1.1310179032623664,0.9779518751360138,0
2023-04-24,0.0851,0.724087725567018,2.2605331913952456,0.824413423236553,1.0670842210434939,0.9779518751360138,0
2023-04-25,-1.5937,0.702078027792526,2.2309756967489394,0.8020205548152325,1.0510768225491418,0.9779518751360138,0
2023-04-26,-0.3849,0.8296410992120204,2.321412302663088,0.9826531109635295,1.4722943313753538,0.9779518751360138,0
2023-04-27,1.9376999999999998,0.8060694190857569,2.316313075957828,0.9596342276161555,1.1566104355832174,0.9779518751360138,0
2023-04-28,0.8219000000000001,0.9661254912281073,2.3310061419156582,1.0417291633174108,1.6855878993395745,0.9779518751360138,0
2023-05-01,-0.0386,0.9550021902845209,2.317289152657353,1.023875758044,1.3453806313456427,0.9779518751360138,0
2023-05-02,-1.1654,0.9131555362375676,2.2865601112579337,0.987324015758728,1.2465243541142708,0.9779518751360138,0
2023-05-03,-0.7022999999999999,0.9404687118296814,2.341852540690557,1.048131933422186,1.4028851860006222,0.9779518751360138,0
2023-05-04,-0.7244999999999999,0.9235244890472388,2.3599122564178576,1.0434964025084992,1.292460479627907,0.9779518751360138,0
2023-05-05,1.8306,0.9098752274838392,2.3790145474309057,1.0414379527452147,1.2213268936284012,0.9779518751360138,0
2023-05-08,0.0452,1.0269959915728382,2.3888181644032116,1.0992316392149166,1.6344642328910106,0.9779518751360138,0
2023-05-09,-0.459,0.9795719670706193,2.3538799039308023,1.0576920468457651,1.224228646658785,0.9779518751360138,0
2023-05-10,0.44739999999999996,0.945586414853201,2.3532036518143737,1.033173395872875,1.226271043774581,0.9779518751360138,0
2023-05-11,-0.1698,0.9141060113436378,2.3294317953997816,1.0019098020881534,1.218351198546626,0.9779518751360138,0
2023-05-12,-0.1585,0.8768953892582553,2.308015489538172,0.968807575601612,1.1810743205658143,0.9779518751360138,0
2023-05-15,0.2954,0.8425730858376242,2.2864948300462586,0.9377404375751045,1.092068887570743,0.9779518751360138,0
2023-05-16,-0.6398,0.8145120055029734,2.2612519344486985,0.9098174496084237,1.096808130394738,0.9779518751360138,0
2023-05-17,1.1821,0.8067492538133312,2.2773897993648657,0.912912857081968,1.1538201711271996,0.9779518751360138,0
2023-05-18,0.9400999999999999,0.8525078051233346,2.274488102852464,0.9300651737043961,1.3273365359998195,0.9779518751360138,0
2023-05-19,-0.1447,0.8651040397852136,2.2656511180457004,0.928793352570308,1.2814577931402968,0.9779518751360138,0
2023-05-22,0.0155,0.8315480654347202,2.244547928232471,0.9002407576730216,1.1576243904220402,0.9779518751360138,0
2023-05-23,-1.1285,0.7996951347669919,2.2138118887103526,0.8720752267854586,1.1506811214233073,0.9779518751360138,0
2023-05-24,-0.7346,0.8401687942697453,2.2688254908704697,0.945444923107846,1.354332277323405,0.9779518751360138,0
2023-05-25,0.8718999999999999,0.8364836184947889,2.291873744463889,0.954536223169212,1.2374248229286495,0.9779518751360138,0
2023-05-26,1.2965,0.8448005881170183,2.2807452883784665,0.9469681855177141,1.2582563908440918,0.9779518751360138,0
2023-05-30,0.0017,0.8983777949350689,2.280586767539762,0.9690404075781481,1.4214011260372634,0.9779518751360138,0
2023-05-31,-0.6126999999999999,0.8609891281242646,2.248294480226749,0.9360802638353637,1.1808902825834415,0.9779518751360138,0
2023-06-01,0.9806,0.8464234277880422,2.262830545585724,0.9339638758981303,1.212024528918454,0.9779518751360138,0
2023-06-02,1.443,0.8638010423806679,2.255399469847643,0.934807444080959,1.3073186104389396,0.9779518751360138,0
2023-06-05,-0.2006,0.9332818760818371,2.2597737294180504,0.9708368082911981,1.4791486250542911,0.9779518751360138,0
2023-06-06,0.23509999999999998,0.8950681430295707,2.2430270532861307,0.9407529189295769,1.1705586137823256,0.9779518751360138,0
2023-06-07,-0.3819,0.8607800546274383,2.217763618121004,0.9115599136654979,1.1722151724832774,0.9779518751360138,0
2023-06-08,0.617,0.8342063630470671,2.2159773235567632,0.8940786881233932,1.1661750135807232,0.9779518751360138,0
2023-06-09,0.1147,0.822748789155861,2.2010833083324703,0.8794265615022017,1.1878938785935382,0.9779518751360138,0
2023-06-12,0.9278,0.7923576406605358,2.174247444800147,0.8532010556385934,1.0753299608027296,0.9779518751360138,0
2023-06-13,0.6909000000000001,0.8119436142136847,2.168479400666438,0.8590205551576237,1.2283546705654682,0.9779518751360138,0
2023-06-14,0.0819,0.8081793324332641,2.1570037282636503,0.8508090020326322,1.1850949505841293,0.9779518751360138,0
2023-06-15,1.2105,0.7786766255011431,2.1308140781652734,0.8264390632832948,1.1095923465399353,0.9779518751360138,0
2023-06-16,-0.36779999999999996,0.832801835464299,2.133546279109962,0.8565808160140499,1.349282722560398,0.9779518751360138,0
2023-06-20,-0.4746,0.8082337354065837,2.133509248662557,0.8428565056412324,1.1660354818357803,0.9779518751360138,0
2023-06-21,-0.5259,0.7909867010296621,2.141498358632676,0.8378612111599133,1.158133171789842,0.9779518751360138,0
2023-06-22,0.3704,0.7783895716231115,2.1530877857048734,0.8376400708087597,1.1580664614347485,0.9779518751360138,0
2023-06-23,-0.7688,0.7590827349241798,2.134163799786051,0.8190355765025328,1.1407579477259846,0.9779518751360138,0
2023-06-26,-0.4497,0.7681369509123052,2.1643935185037075,0.8471101086599871,1.1889623486889733,0.9779518751360138,0
2023-06-27,1.1391,0.7536381040588925,2.169484216822037,0.8397969407834995,1.127318795860337,0.9779518751360138,0
2023-06-28,-0.0354,0.8031176050972015,2.1691496615801653,0.8623784823087683,1.3138213558166878,0.9779518751360138,0
2023-06-29,0.4464,0.7737406022813446,2.1431606587177656,0.8370263622186819,1.1172799353787752,0.9779518751360138,0
2023-06-30,1.2194,0.7584977306344413,2.126446947685698,0.8207428964778916,1.1430352571552638,0.9779518751360138,0
2023-07-03,0.117,0.8174028075617688,2.129545834618363,0.852398909010218,1.351234287235193,0.9779518751360138,0
2023-07-05,-0.197,0.7874998037428743,2.1051216724677855,0.828165174737752,1.1380983853340625,0.9779518751360138,0
2023-07-06,-0.7953999999999999,0.7616463009682016,2.0932409823719644,0.8085887505761832,1.1042227458715022,0.9779518751360138,0
2023-07-07,-0.2869,0.7727429461572481,2.1268613472129645,0.8414971537547232,1.2043856235027053,0.9779518751360138,0
2023-07-10,0.2402,0.7507729719271966,2.1209849850728086,0.8245847717332361,1.1186265771471728,0.9779518751360138,0
2023-07-11,0.672,0.7293942551816921,2.099886702054259,0.8040637475795688,1.0756299506335811,0.9779518751360138,0
2023-07-12,0.7384,0.7340546832094441,2.0901907533302584,0.800045252300964,1.150726570736941,0.9779518751360138,0
2023-07-13,0.8434,0.7437000092487395,2.0824625885546686,0.7999312128746849,1.178550094735052,0.9779518751360138,0
2023-07-14,-0.10250000000000001,0.76175338314598,2.077601939979959,0.8060341624105214,1.2078132697151494,0.9779518751360138,0
2023-07-17,0.3848,0.7365365116694819,2.059574450329409,0.7856866712948175,1.0957716224195624,0.9779518751360138,0
2023-07-18,0.7092,0.722030546700825,2.0440424490460645,0.7717306265012943,1.118477942250092,0.9779518751360138,0
2023-07-19,0.2355,0.7307180818716363,2.0370730839004274,0.7728518155939436,1.1761169482666254,0.9779518751360138,0
2023-07-20,-0.6779999999999999,0.7110937742412471,2.0185573766903224,0.7563122751581864,1.0877221984036183,0.9779518751360138,0
2023-07-21,0.0324,0.7185642427024697,2.0456914678616,0.7812002933782347,1.1457589586819734,0.9779518751360138,0
2023-07-24,0.4026,0.6966713142455077,2.02187696602692,0.7618531359203023,1.072115788522863,0.9779518751360138,0
2023-07-25,0.2811,0.6872023632733488,2.0079874846225048,0.7504759108827022,1.0979486858227938,0.9779518751360138,0
2023-07-26,-0.0155,0.6733438593344562,1.9915221745212346,0.7367118993938419,1.0725662398658649,0.9779518751360138,0
2023-07-27,-0.6445000000000001,0.6556294901817221,1.9697648556929268,0.72084278591966,1.055274879356085,0.9779518751360138,0
2023-07-28,0.9828999999999999,0.6675903802380899,1.9959194001918252,0.746268605386799,1.121774196351476,0.9779518751360138,0
2023-07-31,0.14679999999999999,0.7128200540576554,1.9973139343234008,0.7683107440496617,1.2270756287205773,0.9779518751360138,0
2023-08-01,-0.26689999999999997,0.6927593711605259,1.9778567790015091,0.7507829116693541,1.0802294287326188,0.9779518751360138,0
2023-08-02,-1.3936,0.6778346441467807,1.975266895936532,0.7405343843360851,1.0874457359795018,0.9779518751360138,0
2023-08-03,-0.2551,0.7785903109591303,2.05898470539393,0.8925019316059798,1.3994330244066702,0.9779518751360138,0
2023-08-04,-0.5314,0.7550699763881974,2.0529342611574033,0.8701293444673309,1.1317873797670657,0.9779518751360138,0
2023-08-07,0.8984000000000001,0.7466600803520171,2.0678461652707623,0.8672123785253616,1.1482223382690304,0.9779518751360138,0
2023-08-08,-0.42269999999999996,0.7697984335078054,2.0648304841793035,0.8697066394455296,1.245371952992358,0.9779518751360138,0
2023-08-09,-0.7064,0.7537548133490094,2.071162215933087,0.8584147727065603,1.1568944525755147,0.9779518751360138,0
2023-08-10,0.025099999999999997,0.7581752494446248,2.0987390776013264,0.8741619820007919,1.1697626289551228,0.9779518751360138,0
2023-08-11,-0.107,0.7326847499173323,2.0730442008269385,0.8478748497701651,1.088824354843333,0.9779518751360138,0
2023-08-14,0.5734,0.710150025351875,2.0554978606665153,0.8244489986410833,1.080616050685904,0.9779518751360138,0
2023-08-15,-1.1618,0.7096662210977901,2.0447813818645586,0.8139917053625542,1.1163664653687875,0.9779518751360138,0
2023-08-16,-0.7584,0.7700217952051184,2.1081432749391684,0.9035507993100985,1.2989534787281642,0.9779518751360138,0
2023-08-17,-0.7743,0.7767664106064209,2.1384509413664663,0.9199990365295547,1.1937371038465716,0.9779518751360138,0
2023-08-18,-0.014899999999999998,0.7840276797367578,2.168955225871433,0.9363785450706146,1.212616236036777,0.9779518751360138,0
2023-08-21,0.6856,0.7562418550712205,2.141454086151464,0.9056854253417614,1.1222524965888916,0.9779518751360138,0
2023-08-22,-0.2781,0.7586745764541099,2.1307381292173986,0.8930582449558492,1.1968578696737553,0.9779518751360138,0
2023-08-23,1.0984,0.7377325225192575,2.1240765155854078,0.8716283485351094,1.104281471546091,0.9779518751360138,0
2023-08-24,-1.3549,0.7849130896001999,2.1242260650333513,0.8872778822600171,1.2895581719720906,0.9779518751360138,0
2023-08-25,0.6696,0.8571866128438594,2.1998429666338937,0.9983246487429936,1.4053275296527854,0.9779518751360138,0
2023-08-28,0.6244999999999999,0.8468202034183964,2.186795147824642,0.9772407328973869,1.2331783270070877,0.9779518751360138,0
2023-08-29,1.4404,0.8345110897588841,2.173061378394229,0.9560388206580435,1.222802024491291,0.9779518751360138,0
2023-08-30,0.3826,0.9091473510509084,2.1801517305159255,0.9890424865087865,1.488569551650174,0.9779518751360138,0
2023-08-31,-0.1598,0.8782572132641447,2.160636968437999,0.9593113197926508,1.2159573830114279,0.9779518751360138,0
2023-09-01,0.1798,0.8438428476299182,2.1441670614522534,0.9289435610567892,1.1520355599546397,0.9779518751360138,0
2023-09-05,-0.4203,0.8126979392858795,2.1208176499160554,0.8998293808499279,1.1338002623919259,0.9779518751360138,0
2023-09-06,-0.6996,0.7923087233529866,2.1251411233819995,0.8857570899244731,1.1507959522434896,0.9779518751360138,0
2023-09-07,-0.3216,0.7915047077833448,2.1504147868332515,0.8976309871495675,1.1579114690683394,0.9779518751360138,0
2023-09-08,0.1426,0.7690022694142268,2.146359495597942,0.877928058075819,1.0936360812445793,0.9779518751360138,0
2023-09-11,0.6701,0.7437226353395575,2.1220186175706233,0.8520637885838617,1.0793805010745747,0.9779518751360138,0
2023-09-12,-0.5712,0.7464580743230446,2.11155414659191,0.8434833590587772,1.157415090751801,0.9779518751360138,0
2023-09-13,0.12409999999999999,0.7416052114584615,2.127554724359834,0.846821225219912,1.144060980935894,0.9779518751360138,0
2023-09-14,0.8394999999999999,0.718500266785419,2.103370924650765,0.8230615553586746,1.0824364483423494,0.9779518751360138,0
2023-09-15,-1.2234,0.7397576161973127,2.0977338464593527,0.8264887253273812,1.205314986632125,0.9779518751360138,0
2023-09-18,0.0721,0.802671645919354,2.1640678665730553,0.924891894633494,1.3490802150724768,0.9779518751360138,0
2023-09-19,-0.2153,0.7735575701702443,2.1374040362181863,0.8951564814364266,1.1250152739852024,0.9779518751360138,0
2023-09-20,-0.9439,0.7494016276100491,2.1258337657820463,0.871076858151255,1.121488773773505,0.9779518751360138,0
2023-09-21,-1.6537,0.7769063611592976,2.169704604633334,0.9158278874880249,1.2707417903335045,0.9779518751360138,0
2023-09-22,-0.2298,0.896059760190945,2.267032478031259,1.08112842471442,1.5506614831741967,0.9779518751360138,0
2023-09-25,0.4015,0.8615622015580533,2.2522143529381204,1.0442502745164675,1.1743088482166861,0.9779518751360138,0
2023-09-26,-1.4844,0.8357264929789788,2.230758165021092,1.0110369003254671,1.1898935548190854,0.9779518751360138,0
2023-09-27,0.0229,0.9163348938209936,2.3126883985554554,1.1223051409543388,1.5045708059111076,0.9779518751360138,0
2023-09-28,0.5876,0.8775223668879173,2.2798260966916453,1.0792377484345455,1.1978346764057215,0.9779518751360138,0
2023-09-29,-0.2713,0.8597044995476824,2.2620462702495696,1.048859303270102,1.1881312738077388,0.9779518751360138,0
2023-10-02,0.007899999999999999,0.8294025494405259,2.2504918358848416,1.0156330427006606,1.1392136119271048,0.9779518751360138,0
2023-10-03,-1.3839000000000001,0.7977207609483289,2.2193686079704107,0.9795273762675775,1.1229143385405673,0.9779518751360138,0
2023-10-04,0.8077000000000001,0.8715582334083057,2.293901649189283,1.078314559276032,1.3902618725981088,0.9779518751360138,0
2023-10-05,-0.1305,0.8700287929777016,2.28110716841219,1.0567589715004928,1.239419181592733,0.9779518751360138,0
2023-10-06,1.1745999999999999,0.835854759443798,2.2584247614625066,1.0190978917831615,1.136880343176009,0.9779518751360138,0
2023-10-09,0.6284,0.8759653127552817,2.2559830315382055,1.0240099012743864,1.3626053982720014,0.9779518751360138,0
2023-10-10,0.5194,0.8608464052388763,2.2400248877837545,0.9992700087023344,1.2404104201432686,0.9779518751360138,0
2023-10-11,0.42839999999999995,0.8407820649803909,2.221901194190984,0.9726169767372714,1.1826240676563284,0.9779518751360138,0
2023-10-12,-0.6265999999999999,0.818078384858189,2.2021305657838113,0.94525536510965,1.1565578312821196,0.9779518751360138,0
2023-10-13,-0.5031,0.8090115552170063,2.2192886048443223,0.9435229195501839,1.197501894320005,0.9779518751360138,0
2023-10-16,1.0539,0.7932348860977634,2.2265520164158774,0.9315352927933731,1.148896017662173,0.9779518751360138,0
2023-10-17,-0.0098,0.8261257856106782,2.2221776051117628,0.9374087799473901,1.2911735313272186,0.9779518751360138,0
2023-10-18,-1.349,0.7947226659028503,2.192533661724991,0.906634353433065,1.11681195556817,0.9779518751360138,0
2023-10-19,-0.8519000000000001,0.8642973851956331,2.265308746623991,1.0127537273776264,1.4143861468495793,0.9779518751360138,0
2023-10-20,-1.2665,0.8673584013269765,2.297383302472523,1.0275293246717248,1.2823200630497833,0.9779518751360138,0
2023-10-23,-0.1687,0.9134133251671195,2.3600681432212145,1.098138735920503,1.4282616276088915,0.9779518751360138,0
2023-10-24,0.724,0.8762407985243446,2.3375115718810777,1.058495573052129,1.1817305148383028,0.9779518751360138,0
2023-10-25,-1.4443,0.8676792810967517,2.321138149134537,1.0348588584578295,1.2673382324383653,0.9779518751360138,0
2023-10-26,-1.1903000000000001,0.9366211439841204,2.3967017180818484,1.1344560927645286,1.4791908459357095,0.9779518751360138,0
2023-10-27,-0.4812,0.9632611262345147,2.44995309131135,1.1780306629898425,1.4097475500244716,0.9779518751360138,0
2023-10-30,1.1938,0.9317000869662883,2.4475501129679578,1.1456477673458985,1.2216828921614642,0.9779518751360138,0
2023-10-31,0.6454,0.9594322034936085,2.439001710553176,1.1392445475476107,1.4159348893222456,0.9779518751360138,0
2023-11-01,1.0451,0.9369485837828696,2.417131801706395,1.1064327821336672,1.2840665275210625,0.9779518751360138,0
2023-11-02,1.8683,0.9485929145251968,2.4059587511640586,1.094723206302317,1.3552176769065551,0.9779518751360138,0
2023-11-03,0.935,1.0631876051925737,2.4157551707020852,1.1485296724725598,1.6781541242090965,0.9779518751360138,0
2023-11-06,0.1751,1.0502316392279194,2.4018924285614127,1.1272854892482718,1.393293958143794,0.9779518751360138,0
2023-11-07,0.2836,1.0022903505517766,2.3697003124410916,1.0847329736011193,1.2499946796286776,0.9779518751360138,0
2023-11-08,0.10039999999999999,0.9603716021623357,2.3413070503730387,1.0463830588224166,1.2436826514830863,0.9779518751360138,0
2023-11-09,-0.8116999999999999,0.9185131297625796,2.3093737446437212,1.008534219244089,1.2055484903561533,0.9779518751360138,0
2023-11-10,1.5495999999999999,0.9118883659019866,2.336857486609403,1.0192045012765782,1.2306130762347685,0.9779518751360138,0
2023-11-13,-0.08360000000000001,0.9870685621650601,2.3410930259132257,1.0536063544108765,1.4960110739897616,0.9779518751360138,0
2023-11-14,1.8895,0.9429629438232066,2.3128787915331026,1.0154638723382838,1.1810070128919643,0.9779518751360138,0
2023-11-15,0.1596,1.062075916738563,2.3264790246710776,1.0832236657295753,1.6983706603094624,0.9779518751360138,0
2023-11-16,0.11900000000000001,1.0129963130880022,2.296515721496876,1.0433959915447921,1.2782314961696102,0.9779518751360138,0
2023-11-17,0.1281,0.9672011522952986,2.2665748732708066,1.0058668113768088,1.2614974229066027,0.9779518751360138,0
2023-11-20,0.7363,0.9251037085305631,2.237874495923371,0.9709204504907682,1.1962599276913022,0.9779518751360138,0
2023-11-21,-0.2023,0.9121194251452608,2.225208487907006,0.9550166684607444,1.2826985644335929,0.9779518751360138,0
2023-11-22,0.4053,0.8756800725367951,2.2097540931749027,0.9261162996669783,1.1146762758756463,0.9779518751360138,0
2023-11-24,0.059699999999999996,0.8487092601661185,2.189817357650301,0.9016036004989961,1.138138400986453,0.9779518751360138,0
2023-11-27,-0.1956,0.8155969501060902,2.161997404153505,0.8734556080100813,1.1105272108777886,0.9779518751360138,0
2023-11-28,0.098,0.7872247016167009,2.1481487740426264,0.8503524247173153,1.1073606387713084,0.9779518751360138,0
2023-11-29,-0.0947,0.7597049990305662,2.1226472229238,0.8261212188142479,1.0817550952040855,0.9779518751360138,0
2023-11-30,0.3777,0.7345788208161768,2.1025816632252026,0.8041112364172058,1.079735260144819,0.9779518751360138,0
2023-12-01,0.5857,0.7199410602241483,2.0854876595023377,0.7884196448934726,1.0947592395134191,0.9779518751360138,0
2023-12-04,-0.5423,0.7191748100298725,2.0741117262404694,0.7817533874460264,1.135018576852379,0.9779518751360138,0
2023-12-05,-0.05689999999999999,0.7154929286972259,2.0891579577651553,0.7888648363818647,1.1307082728980096,0.9779518751360138,0
2023-12-06,-0.39139999999999997,0.6940208046387122,2.0673709686040334,0.7691819869488562,1.0683857235100065,0.9779518751360138,0
2023-12-07,0.7937,0.6842644875506079,2.071267110818413,0.7648756089173677,1.093332528785273,0.9779518751360138,0
2023-12-08,0.40870000000000006,0.7059474083573474,2.065529066518687,0.7716472739405132,1.182148537536633,0.9779518751360138,0
2023-12-11,0.39170000000000005,0.6958022152502411,2.050399233707262,0.7596238620637359,1.1071392433203693,0.9779518751360138,0
2023-12-12,0.45890000000000003,0.6858709055376236,2.0353319108358314,0.7480922473931579,1.1018115934223964,0.9779518751360138,0
2023-12-13,1.3558000000000001,0.6807119094175996,2.0224134532659264,0.739880982809772,1.114429593379501,0.9779518751360138,0
2023-12-14,0.2644,0.7749148118150844,2.032313095089795,0.7962937942907639,1.3809721882427612,0.9779518751360138,0
2023-12-15,-0.007600000000000001,0.7520158112508638,2.014664610947468,0.7784475411472285,1.12036156257701,0.9779518751360138,0
2023-12-18,0.45180000000000003,0.7270384619470649,1.9915949135701,0.7592768334811304,1.0885965598880056,0.9779518751360138,0
2023-12-19,0.5849,0.7169535866703698,1.9798826512611365,0.7498061615176297,1.1230732656420952,0.9779518751360138,0
2023-12-20,-1.4793,0.7164842218018423,1.9718487191303251,0.7467432885802218,1.1492427191851162,0.9779518751360138,0
2023-12-21,1.0249,0.8217920747645294,2.06239310464815,0.916154834244969,1.4176259292916449,0.9779518751360138,0
2023-12-22,0.16590000000000002,0.8472251237409606,2.0627138516804537,0.9217058204514967,1.2943372395168116,0.9779518751360138,0
2023-12-26,0.4223,0.8155315552662851,2.0416574335597324,0.8929443054768494,1.1483939863130597,0.9779518751360138,0
2023-12-27,0.1429,0.794961999914439,2.027628586042348,0.871450241488269,1.1705500206313268,0.9779518751360138,0
2023-12-28,0.037,0.7673883283280349,2.0071196283468247,0.8460608147324569,1.138324975567171,0.9779518751360138,0
2023-12-29,-0.28300000000000003,0.7411271795594827,1.9846383284094962,0.8218453982215613,1.0758853486780084,0.9779518751360138,0
2024-01-02,-0.5677,0.7220215559598394,1.9830415071350427,0.8063560251495264,1.061869235311015,0.9779518751360138,0
2024-01-03,-0.8049000000000001,0.7197402359338839,2.0029460608195384,0.8132769531593972,1.1104742478779055,0.9779518751360138,0
2024-01-04,-0.3434,0.7374288714511503,2.0402559671480134,0.8468111538359611,1.1748744518458132,0.9779518751360138,0
2024-01-05,0.1824,0.7209934251885342,2.0414214621190268,0.8324663489953664,1.0947373199996426,0.9779518751360138,0
2024-01-08,1.4016000000000002,0.7009050406094439,2.021452568883399,0.8104363591075432,1.0807991580770222,0.9779518751360138,0
2024-01-09,-0.1479,0.7976111115003989,2.032533948403715,0.8602941608089202,1.405961366183296,0.9779518751360138,0
2024-01-10,0.565,0.7698884427717636,2.0193269218464827,0.836820508104644,1.1302551846375224,0.9779518751360138,0
2024-01-11,-0.0671,0.7620011122874841,2.009554477649044,0.8249278229523149,1.1656430849106427,0.9779518751360138,0
2024-01-12,0.0751,0.7364032413805766,1.9910621614294826,0.8026184434384399,1.113615864245836,0.9779518751360138,0
2024-01-16,-0.3738,0.7131705501445502,1.9700265515407462,0.7818093350348104,1.1123860747510281,0.9779518751360138,0
2024-01-17,-0.5633,0.7005445952652521,1.9757064459184177,0.7750971944779558,1.083576963071844,0.9779518751360138,0
2024-01-18,0.8767,0.7004871111841849,1.9955110324024472,0.7850043095255088,1.1130180922608581,0.9779518751360138,0
2024-01-19,1.2238,0.7282541317906878,1.9942633786463104,0.7948807893961469,1.1961239494299911,0.9779518751360138,0
2024-01-22,0.2192,0.7934081145696914,2.0017462674170794,0.8304359188948418,1.3380803688493454,0.9779518751360138,0
2024-01-23,0.2917,0.7675573929964731,1.983943082158755,0.8091075693790233,1.1331679554682086,0.9779518751360138,0
2024-01-24,0.0812,0.74623770496132,1.9684954696881842,0.790825892923702,1.1363033303656203,0.9779518751360138,0
2024-01-25,0.5246999999999999,0.7221750109307297,1.9483143435188168,0.770954827860554,1.1060070947331215,0.9779518751360138,0
2024-01-26,-0.06520000000000001,0.7169968882859887,1.9397656894075936,0.7632584908902944,1.1313504558270175,0.9779518751360138,0
2024-01-29,0.7528,0.6954504829313424,1.9233066958139675,0.7456628083117056,1.0465392227241177,0.9779518751360138,0
2024-01-30,-0.0601,0.7116058238905412,1.921218134224289,0.7520138950206653,1.1520015113705364,0.9779518751360138,0
2024-01-31,-1.6237000000000001,0.6905162603072428,1.9049496629725005,0.7352474389268688,1.0606447307652078,0.9779518751360138,0
2024-02-01,1.2416,0.8262114951039429,2.009131490900372,0.9416670642952586,1.4935134598656954,0.9779518751360138,0
2024-02-02,1.0628,0.8760461382115862,2.0165882963187567,0.9600354754671248,1.3921142205652524,0.9779518751360138,0
2024-02-05,-0.3191,0.8977070246100958,2.01932616318687,0.9635271868061803,1.367246438869014,0.9779518751360138,0
2024-02-06,0.2308,0.8655681028473942,2.0193375199545853,0.9385693132198345,1.2150340696046347,0.9779518751360138,0
2024-02-07,0.8208,0.8336825594177156,2.0012673516317596,0.909465747085034,1.2089855166212704,0.9779518751360138,0
2024-02-08,0.056999999999999995,0.8378251374751517,1.998441687994334,0.9032987410506161,1.2519762238956458,0.9779518751360138,0
2024-02-09,0.5726,0.80560863258221,1.9767272986044173,0.875019657264937,1.1049301163422056,0.9779518751360138,0
2024-02-12,-0.0949,0.7943341450424937,1.9684859405792312,0.8601606900543793,1.1355385315787396,0.9779518751360138,0
2024-02-13,-1.3769,0.7661598465073071,1.953346966098602,0.8356197217742806,1.0812833931490855,0.9779518751360138,0
2024-02-14,0.9534,0.8452489711867285,2.036493661743666,0.9617507470499288,1.3996567602451682,0.9779518751360138,0
2024-02-15,0.5804,0.8600988429124984,2.035859443956516,0.9581842462077788,1.279366710407927,0.9779518751360138,0
2024-02-16,-0.4815,0.8436169339578468,2.0259446517364568,0.9368179657155787,1.207696102709618,0.9779518751360138,0
2024-02-20,-0.6023,0.8232327680518063,2.037960511432689,0.9238147716796428,1.189603232594801,0.9779518751360138,0
2024-02-21,0.1263,0.8119852560954377,2.058721759937997,0.9219480496811859,1.2157903173656222,0.9779518751360138,0
2024-02-22,2.0903,0.7826758969701109,2.0368132904618332,0.8927805965939397,1.1086703175876949,0.9779518751360138,0
2024-02-23,0.0348,0.977138057153879,2.0647815214727885,1.0052976804230431,1.7331118600367377,0.9779518751360138,0
2024-02-26,-0.3794,0.9335378758225518,2.040417531953211,0.9699198176201672,1.2057564788131974,0.9779518751360138,0
2024-02-27,0.17049999999999998,0.9003890289469949,2.0442811688881974,0.947593227247793,1.2247060806577226,0.9779518751360138,0
2024-02-28,-0.166,0.8643193714825907,2.023926744424133,0.9170575518843304,1.198838998656617,0.9779518751360138,0
2024-02-29,0.5215,0.8311798467156697,2.012342266307671,0.8898672062145319,1.199005531847122,0.9779518751360138,0
2024-03-01,0.7976000000000001,0.8141879358769141,2.0017089837799396,0.8718404222111023,1.128877976842493,0.9779518751360138,0
2024-03-04,-0.11939999999999999,0.8187516811763632,1.9982902602931107,0.8679722356134973,1.2026053117294968,0.9779518751360138,0
2024-03-05,-1.0245,0.7887645025553028,1.9840428627327829,0.8432940285517776,1.0929723292471774,0.9779518751360138,0
2024-03-06,0.5127999999999999,0.819069405104183,2.038819162191698,0.9044805571745366,1.2701460431383471,0.9779518751360138,0
2024-03-07,1.0251,0.8028136842480919,2.0271290102960786,0.884966161754712,1.1590543118422016,0.9779518751360138,0
2024-03-08,-0.655,0.8310682039037863,2.0285870997893882,0.8938730915966556,1.2943655491784385,0.9779518751360138,0
2024-03-11,-0.11230000000000001,0.8225388139400028,2.0536491581827305,0.9001568752541357,1.20377719674365,0.9779518751360138,0
2024-03-12,1.114,0.7921353547429044,2.0371185499227935,0.8730008288858284,1.138694438029799,0.9779518751360138,0
2024-03-13,-0.1926,0.8321193497136882,2.0404819989994114,0.8896560397628918,1.3230347261882434,0.9779518751360138,0
2024-03-14,-0.2875,0.8022436261321196,2.030355129283273,0.8652416166324385,1.1456856235023638,0.9779518751360138,0
2024-03-15,-0.6504,0.7775651742518337,2.0276464635694236,0.8464403884575845,1.1274697983538184,0.9779518751360138,0
2024-03-18,0.6298,0.774756550342555,2.0523897625625405,0.8574081449728518,1.1727006821009358,0.9779518751360138,0
2024-03-19,0.5633,0.7707696192475301,2.043176031726025,0.8464888914415775,1.1763994294456284,0.9779518751360138,0
2024-03-20,0.8865,0.7626744552778426,2.0326025112447765,0.8336895219297017,1.1404075130408429,0.9779518751360138,0
2024-03-21,0.3231,0.7823075158141277,2.0304213681904746,0.8389267182851073,1.2308526805430453,0.9779518751360138,0
2024-03-22,-0.1403,0.760725138365488,2.0142882136839497,0.8190192659285498,1.1292465727200591,0.9779518751360138,0
2024-03-25,-0.306,0.7361492020217021,2.001093291089713,0.7984859305840706,1.1051636303281067,0.9779518751360138,0
2024-03-26,-0.2804,0.7183537115545033,2.000701180890399,0.7861561866330514,1.089188649867414,0.9779518751360138,0
2024-03-27,0.8593999999999999,0.7013672395504144,1.9984027687757588,0.7735344102094371,1.0805234557380048,0.9779518751360138,0
2024-03-28,0.1116,0.7271833798813525,1.9966315639225705,0.7835462612858531,1.1838998331784663,0.9779518751360138,0
2024-04-01,-0.2016,0.7052155510992314,1.976324568016579,0.7644659896897423,1.0685487752554865,0.9779518751360138,0
2024-04-02,-0.7264999999999999,0.6870957547488623,1.9688976251545718,0.7501787049949287,1.0738019644701717,0.9779518751360138,0
2024-04-03,0.1091,0.7019861935974276,2.0013213149976217,0.7819810113166842,1.1628262662152073,0.9779518751360138,0
2024-04-04,-1.2411,0.6823252279808512,1.9808053270060872,0.7630004895336965,1.0776614546786019,0.9779518751360138,0
2024-04-05,1.1038,0.7590773635017066,2.052451329119011,0.8779006596993633,1.3265254729555707,0.9779518751360138,0
2024-04-08,-0.0375,0.8032878839158989,2.0550665387659324,0.8932254947354011,1.3118797946458356,0.9779518751360138,0
2024-04-09,0.1444,0.7739049605538805,2.03293346448963,0.8656640154098788,1.135834483804749,0.9779518751360138,0
2024-04-10,-0.9502,0.7482181106139262,2.0122935575848397,0.840713124075497,1.1208072640735338,0.9779518751360138,0
2024-04-11,0.7417,0.7765780392150122,2.0604277991382314,0.8908606027141882,1.274015755554067,0.9779518751360138,0
2024-04-12,-1.4658,0.7810822443958683,2.053742787498286,0.8822625414785786,1.2023361425574797,0.9779518751360138,0
2024-04-15,-1.2094,0.870076769436734,2.140434562741769,1.0160998617564119,1.4387346560780412,0.9779518751360138,0
2024-04-16,-0.2059,0.9088637018047394,2.2042223742904503,1.079395438720232,1.3898974872989733,0.9779518751360138,0
2024-04-17,-0.5797,0.872768033710132,2.1897389462587618,1.0419361985226452,1.1981720558000006,0.9779518751360138,0
2024-04-18,-0.2211,0.8549570412225492,2.2037731722799436,1.0272419076281019,1.2261798259635492,0.9779518751360138,0
2024-04-19,-0.8796999999999999,0.8237494468828592,2.1904375548881894,0.9938098304421537,1.1702379708845547,0.9779518751360138,0
2024-04-22,0.8693,0.8344297718476232,2.227208848784118,1.0140734590501315,1.2430953766706718,0.9779518751360138,0
2024-04-23,1.1894,0.84277350953815,2.2182111558947266,1.000980588368072,1.2231924647004657,0.9779518751360138,0
2024-04-24,0.0213,0.8835293204285163,2.2175016628098407,1.0088394186566587,1.349920627555561,0.9779518751360138,0
2024-04-25,-0.4587,0.8473733247988795,2.187814000742896,0.9732004949375731,1.1432326789416054,0.9779518751360138,0
2024-04-26,1.0156999999999998,0.8254806063558684,2.1927985184545493,0.9554971408574944,1.1795435913521806,0.9779518751360138,0
2024-04-29,0.3173,0.8494044443903833,2.1886045424671345,0.9563925990632428,1.3052793000733598,0.9779518751360138,0
2024-04-30,-1.5856,0.8214562106300539,2.1671923760159673,0.9275610961890504,1.1542254755895833,0.9779518751360138,0
2024-05-01,-0.3441,0.9198934263938526,2.2592792792985334,1.0758351014081444,1.5059639109221707,0.9779518751360138,0
2024-05-02,0.9087,0.8866683824616189,2.2532576387015464,1.0437271812377351,1.1988657548699937,0.9779518751360138,0
2024-05-03,1.2479,0.8919711073254684,2.244360697743826,1.0300896242287871,1.3132951079631723,0.9779518751360138,0
2024-05-06,1.0272999999999999,0.9318468626129031,2.2442286351672296,1.039000549434025,1.4239963426217077,0.9779518751360138,0
2024-05-07,0.1343,0.942435090904897,2.2385931408989843,1.0324734144405696,1.380046199444062,0.9779518751360138,0
2024-05-08,-0.0006000000000000001,0.9023919006419854,2.210988401217856,0.9957881864878164,1.1746065728149149,0.9779518751360138,0
2024-05-09,0.5078,0.8646778147836818,2.1810368682576584,0.9610127252480103,1.168875369532612,0.9779518751360138,0
2024-05-10,0.1648,0.8436155609121331,2.164596966066938,0.9368955487430439,1.1936575728826087,0.9779518751360138,0
2024-05-13,-0.0241,0.8122099373143935,2.1402058882632002,0.9070480644948533,1.1151277232227708,0.9779518751360138,0
2024-05-14,0.48260000000000003,0.7820161827586007,2.1143294425580343,0.8784387241852767,1.0795490766982296,0.9779518751360138,0
2024-05-15,1.1648,0.7678661283399068,2.099456362247451,0.8599848865580219,1.1137657738052467,0.9779518751360138,0
2024-05-16,-0.2084,0.8180930218316704,2.1020736299969873,0.8821183897709962,1.3092633518509558,0.9779518751360138,0
2024-05-17,0.1164,0.7897906015977264,2.0911423697581464,0.8587843461485195,1.1142935417563902,0.9779518751360138,0
2024-05-20,0.0916,0.7622745957278928,2.0679485030138176,0.8340762207649544,1.1077679816188948,0.9779518751360138,0
2024-05-21,0.24989999999999998,0.7368848247642824,2.0448868681516235,0.8110049124486094,1.1069815263137863,0.9779518751360138,0
2024-05-22,-0.271,0.7171052615396418,2.026479344530854,0.7917157181646591,1.1076946877637357,0.9779518751360138,0
2024-05-23,-0.7408,0.6999152574806277,2.0226587533118545,0.7781547706753885,1.070986867566545,0.9779518751360138,0
2024-05-24,0.6977,0.7143464340806366,2.054438500016423,0.8080302708359154,1.1554416956731308,0.9779518751360138,0
2024-05-28,0.0249,0.7230520458289159,2.0468496461761827,0.8049468620370099,1.1604323484805135,0.9779518751360138,0
2024-05-29,-0.7394000000000001,0.7007214308694587,2.0228130015098102,0.7837687240555655,1.0834580276134373,0.9779518751360138,0
2024-05-30,-0.5993,0.7149144786827639,2.0544810880253923,0.8127204368672557,1.1786517805526788,0.9779518751360138,0
2024-05-31,0.7996,0.7157374654840872,2.0744785085677555,0.8221047578175883,1.1590102875729793,0.9779518751360138,0
2024-06-03,0.11150000000000002,0.7334796642551763,2.0687838805104217,0.8232514352969369,1.1950153096927252,0.9779518751360138,0
2024-06-04,0.1502,0.7109331950154101,2.046187497190216,0.8011399844730025,1.0858710392583457,0.9779518751360138,0
2024-06-05,1.1778,0.6911141081904385,2.025270018174414,0.7810935003084107,1.0844101095526546,0.9779518751360138,0
2024-06-06,-0.02,0.7571952251837886,2.0306114428611357,0.8145181566892314,1.304723487486908,0.9779518751360138,0
2024-06-07,-0.1116,0.7317778715202001,2.0079575908223037,0.7926301479211877,1.088505306601672,0.9779518751360138,0
2024-06-10,0.2578,0.709388502166758,1.9928251598814914,0.773492495909941,1.0730297028507645,0.9779518751360138,0
2024-06-11,0.2707,0.6925118740950256,1.976258719814237,0.7573373977830976,1.0836056761571526,0.9779518751360138,0
2024-06-12,0.8468,0.6777446285483705,1.9605302784810048,0.7427727489936402,1.0852579059375702,0.9779518751360138,0
2024-06-13,0.2342,0.7058419596026226,1.9596344716953313,0.7554304348896695,1.1703855736038442,0.9779518751360138,0
2024-06-14,-0.0394,0.6885710554835934,1.943518092233796,0.7402765109988418,1.0685667258529061,0.9779518751360138,0
2024-06-17,0.7635000000000001,0.6694985867144151,1.92502585549496,0.7242488649889203,1.058401229969051,0.9779518751360138,0
2024-06-18,0.25179999999999997,0.6903743976205406,1.9231514833759031,0.733600312274162,1.1605800884902344,0.9779518751360138,0
2024-06-20,-0.2529,0.6751778036527817,1.908596932919866,0.7206020936180078,1.0792211080682215,0.9779518751360138,0
2024-06-21,-0.1563,0.6615430470766913,1.9071083054533213,0.7123240298970499,1.061239791140532,0.9779518751360138,0
2024-06-24,-0.307,0.6466125465056204,1.8984395751754857,0.7008536469097372,1.05391177837616,0.9779518751360138,0
2024-06-25,0.3926,0.6380095953656296,1.9013215262925192,0.6974107953873339,1.0681978203497704,0.9779518751360138,0
2024-06-26,0.1571,0.6345058000121387,1.8909315202250674,0.6914495122171227,1.0663422000464953,0.9779518751360138,0
2024-06-27,0.0907,0.6223109661976388,1.8750107229226214,0.6803555807998858,1.0412551334807432,0.9779518751360138,0
2024-06-28,-0.4092,0.6101841604755035,1.8579255931186478,0.6694771397648898,1.0345645836775972,0.9779518751360138,0
2024-07-01,0.2672,0.6108877567004539,1.8697392435557951,0.6767071987024985,1.0659734394439668,0.9779518751360138,0
2024-07-02,0.6176,0.6045510955595652,1.8571905075467168,0.6689796906281888,1.0471666241816533,0.9779518751360138,0
2024-07-03,0.5072,0.6212908016771092,1.85374214515906,0.6758527472759663,1.1040517213880878,0.9779518751360138,0
2024-07-05,0.5434,0.6270068316405584,1.847644608146613,0.6764946854005632,1.0888531278827278,0.9779518751360138,0
2024-07-08,0.1016,0.6346419446167333,1.8426323797567257,0.678754943711255,1.104067105478648,0.9779518751360138,0
2024-07-09,0.0741,0.6214166846271766,1.8267874364837096,0.6681074063547005,1.0534126085252635,0.9779518751360138,0
2024-07-10,1.0156,0.6091833166784868,1.810731663255765,0.6581572083918759,1.0441338464009295,0.9779518751360138,0
2024-07-11,-0.8802000000000001,0.6694744800521721,1.8186373453735736,0.694874900998123,1.2241773283719968,0.9779518751360138,0
2024-07-12,0.5502,0.7024818508115687,1.8675624734215863,0.757721589641089,1.2030964866127738,0.9779518751360138,0
2024-07-15,0.2822,0.7012782688101638,1.8621203280230707,0.7523308551709014,1.1335954908608274,0.9779518751360138,0
2024-07-16,0.6369,0.6860450411803414,1.8501733756011909,0.7384378518553505,1.1005371675686377,0.9779518751360138,0
2024-07-17,-1.4024999999999999,0.6933657982949989,1.8474178181769103,0.7390606322367962,1.1602493216546175,0.9779518751360138,0
2024-07-18,-0.7847,0.7919272048155462,1.9360694634823452,0.8933538704706048,1.4028226730061073,0.9779518751360138,0
2024-07-19,-0.7166,0.7981673435639005,1.9739838790696511,0.9141057396554908,1.2213006739537975,0.9779518751360138,0
2024-07-22,1.0734000000000001,0.7980010301940063,2.005490242123946,0.9246800840932953,1.2115054333349067,0.9779518751360138,0
2024-07-23,-0.1559,0.8323555180839971,2.008846574236596,0.9326156187313657,1.329105526811171,0.9779518751360138,0
2024-07-24,-2.3421000000000003,0.8017572451136965,1.9969862704862809,0.9040509294538124,1.161243210916645,0.9779518751360138,0
2024-07-25,-0.5156,1.0390905711945204,2.1554011769120196,1.2388093149134998,1.8776570644555943,0.9779518751360138,0
2024-07-26,1.1029,1.0023962462103406,2.165751644655809,1.2039569941736257,1.2959402702285319,0.9779518751360138,0
2024-07-29,0.0813,1.0112059111435432,2.164636508838993,1.186867815138828,1.4369922960823416,0.9779518751360138,0
2024-07-30,-0.4973,0.9652054311139234,2.138181147147836,1.1398670876580113,1.254037051924703,0.9779518751360138,0
2024-07-31,1.567,0.9342132344251731,2.1477250496506275,1.1113509827899302,1.2932996730843165,0.9779518751360138,0
2024-08-01,-1.3788,1.0076579258885479,2.1588385924036047,1.1357952953010997,1.5121413564544817,0.9779518751360138,0
2024-08-02,-1.8553,1.0450591239997638,2.2351065761225497,1.207597236548711,1.486251437913518,0.9779518751360138,0
2024-08-05,-3.0427,1.1381867912409511,2.3458967309095824,1.351100298394926,1.7065938088191928,0.9779518751360138,0
2024-08-06,1.0301,1.4094996999346752,2.547470359958999,1.7234148606372628,2.3649766973059165,0.9779518751360138,0
2024-08-07,-0.7765,1.3687777094002176,2.5312596335050133,1.6637066961617972,1.6675370696029517,0.9779518751360138,0
2024-08-08,2.2781,1.3166522172606752,2.5481286119046063,1.6145129282056014,1.5859067294138076,0.9779518751360138,0
2024-08-09,0.4661,1.4192363005887803,2.563085791555037,1.6396590740100532,2.090367725688473,0.9779518751360138,0
2024-08-12,0.0043,1.3503680915422633,2.5323383755602045,1.5696430646041597,1.558085464376072,0.9779518751360138,0
2024-08-13,1.6707,1.2792158333210049,2.4913180277675973,1.4995043285061658,1.3373002425783076,0.9779518751360138,0
2024-08-14,0.3816,1.310507716430938,2.493107834780078,1.490720270225986,1.7011737336615564,0.9779518751360138,0
2024-08-15,1.6004,1.2473218416041096,2.4627908097540256,1.4282401940259057,1.3932856463769374,0.9779518751360138,0
2024-08-16,0.19880000000000003,1.2752319560039775,2.463847744204786,1.4215029239585908,1.6280587430740945,0.9779518751360138,0
2024-08-19,0.9674999999999999,1.2108435473656947,2.4300603984773064,1.3609134798051359,1.3183403219958039,0.9779518751360138,0
2024-08-20,-0.19870000000000002,1.1849585681772523,2.4165005070303702,1.3244436685410876,1.4529878441680097,0.9779518751360138,0
2024-08-21,0.42310000000000003,1.12719037510652,2.3942024403233217,1.2709736705374741,1.2757455986990511,0.9779518751360138,0
2024-08-22,-0.8973,1.0794537152971904,2.3684039782568944,1.2229833143809985,1.2917565436644785,0.9779518751360138,0
2024-08-23,1.1418,1.0618830469958438,2.4003051038925087,1.2206353655796156,1.337991856739046,0.9779518751360138,0
2024-08-26,-0.3159,1.0669427984557749,2.3921327992717494,1.2042793559254001,1.413772289833126,0.9779518751360138,0
2024-08-27,0.1594,1.020701408818113,2.3794161981497446,1.1620419916560976,1.2351298413932035,0.9779518751360138,0
2024-08-28,-0.5994,0.9748169016833995,2.347619921783455,1.1171135302688109,1.2193264400069408,0.9779518751360138,0
2024-08-29,-0.0039,0.9481750391517758,2.3577135921928547,1.0975237275491878,1.2719885530145307,0.9779518751360138,0
2024-08-30,1.0042,0.9067969995980384,2.323028500304515,1.0560375633730554,1.2005961981032591,0.9779518751360138,0
2024-09-03,-2.1378,0.9184177101673243,2.3141222941157746,1.0465703830627888,1.3274727838264708,0.9779518751360138,0
2024-09-04,-0.1604,1.0843581214070581,2.4442650659769813,1.2871347070950099,1.8176134538454538,0.9779518751360138,0
2024-09-05,-0.3023,1.0335872256482588,2.418144479077487,1.2352152961174354,1.2957671543529725,0.9779518751360138,0
2024-09-06,-1.7410999999999999,0.9896411852467691,2.4034991583335,1.1904141263279002,1.2626370933882782,0.9779518751360138,0
2024-09-09,1.1514,1.0770334015146705,2.4990895442672767,1.3156321708287995,1.6807307558321172,0.9779518751360138,0
2024-09-10,0.4463,1.081130417563573,2.4876421247287004,1.2916861972640692,1.5013741347179257,0.9779518751360138,0
2024-09-11,1.0609,1.0379896112118823,2.4591185286888275,1.2428473908557895,1.2440538692918406,0.9779518751360138,0
2024-09-12,0.7466999999999999,1.0385036156733094,2.4468499171108244,1.2201819161240353,1.3953326688284768,0.9779518751360138,0
2024-09-13,0.5393,1.0146004494857923,2.427213260364881,1.1851261019686017,1.3348098908458836,0.9779518751360138,0
2024-09-16,0.1256,0.9811769256696063,2.403131832205773,1.1457019096542285,1.2243070209306162,0.9779518751360138,0
2024-09-17,0.0265,0.9379450114103882,2.3696758280487638,1.1015565384407622,1.1501122806056807,0.9779518751360138,0
2024-09-18,-0.29009999999999997,0.8974125896882472,2.334941531758352,1.059828744759368,1.131356709442252,0.9779518751360138,0
2024-09-19,1.6833999999999998,0.8643997218592542,2.3222917236169005,1.0265505829578876,1.1167554959345398,0.9779518751360138,0
2024-09-20,-0.1943,0.9685627087950334,2.330388007163381,1.072178310547664,1.53788304285469,0.9779518751360138,0
2024-09-23,0.2805,0.927371262240277,2.310760083706586,1.0348940775860793,1.171004853533921,0.9779518751360138,0
2024-09-24,0.25079999999999997,0.8915420599677626,2.2843211081690793,0.9998683404405054,1.1782818180724,0.9779518751360138,0
2024-09-25,-0.18630000000000002,0.8579430791210066,2.2580496826051526,0.9667718310793444,1.1743656228790078,0.9779518751360138,0
2024-09-26,0.4031,0.8257232556417798,2.2402970681857077,0.9365643486736192,1.1634474930137588,0.9779518751360138,0
2024-09-27,-0.12539999999999998,0.8033053889647696,2.2192821113234626,0.9112066639684869,1.1129599956871767,0.9779518751360138,0
2024-09-30,0.4228,0.7747352007358747,2.1983061400708532,0.88350441707402,1.088987567743544,0.9779518751360138,0
2024-10-01,-0.9368,0.7582009132324428,2.1791846827525094,0.8627620451000126,1.1167612237627162,0.9779518751360138,0
2024-10-02,0.0138,0.7836389214988098,2.220699827174192,0.9076873977275566,1.2447510101221047,0.9779518751360138,0
2024-10-03,-0.1683,0.7558850870451477,2.19072046266021,0.8789931192955175,1.1091259803106228,0.9779518751360138,0
2024-10-04,0.893,0.7322651825246206,2.1738870611344314,0.8546591160028425,1.089283698124598,0.9779518751360138,0
2024-10-07,-0.9632,0.7569609467906896,2.167263472649008,0.8581116656268385,1.228964219292002,0.9779518751360138,0
2024-10-08,0.9643,0.7853997322732904,2.2112048014563768,0.9075882148811559,1.2685673966329103,0.9779518751360138,0
2024-10-09,0.7088,0.8097324999225926,2.2051121706715042,0.9100812639467036,1.261794989330676,0.9779518751360138,0
2024-10-10,-0.2072,0.8075905691682592,2.1928626999417458,0.8981523641693148,1.210127597569777,0.9779518751360138,0
2024-10-11,0.6034,0.7801856015044977,2.178854989491663,0.8735737327274781,1.1414507176834225,0.9779518751360138,0
2024-10-14,0.7678,0.7737266804807871,2.164860773171024,0.8601012498741413,1.175457368006173,0.9779518751360138,0
2024-10-15,-0.7639,0.7808112249707327,2.15541811806,0.8557327041818238,1.2002600499475105,0.9779518751360138,0
2024-10-16,0.46680000000000005,0.7866630377344286,2.184561010415826,0.878554136567853,1.1919230375322059,0.9779518751360138,0
2024-10-17,-0.0171,0.7711787905718952,2.166987187296011,0.8595676091891901,1.1303352355385548,0.9779518751360138,0
2024-10-18,0.3964,0.7445202871757961,2.1397137638932224,0.8343395419523641,1.0949574603609036,0.9779518751360138,0
2024-10-21,-0.1824,0.7297528101861999,2.1218731499757304,0.8167306216333116,1.1145125687940896,0.9779518751360138,0
2024-10-22,-0.0475,0.7088432119675325,2.1083582922893576,0.7975666056555808,1.0664922236941063,0.9779518751360138,0
2024-10-23,-0.9233999999999999,0.6879226416961293,2.0852531681022657,0.7771279321875202,1.0446620289356745,0.9779518751360138,0
2024-10-24,0.2143,0.7227688009066267,2.128917077945379,0.8330781509931877,1.1978265757195403,0.9779518751360138,0
2024-10-25,-0.0299,0.7033061678008911,2.1069194006063405,0.8114699384886592,1.0747076785340282,0.9779518751360138,0
2024-10-28,0.26480000000000004,0.682811671067325,2.0825557578070044,0.7898550391929474,1.0627904085472357,0.9779518751360138,0
2024-10-29,0.1613,0.6688131591427087,2.063310875854908,0.7725294386749452,1.0747276232143659,0.9779518751360138,0
2024-10-30,-0.3306,0.6532725390625903,2.042121532628393,0.7548465593961902,1.0682380836218113,0.9779518751360138,0
2024-10-31,-1.879,0.6449846849596425,2.0422668872316105,0.7478142766648831,1.0606522667679545,0.9779518751360138,0
2024-11-01,0.4084,0.84132406526058,2.16191106137596,1.01425047188563,1.599395921340304,0.9779518751360138,0
2024-11-04,-0.2816,0.8176682014613537,2.1436384137699447,0.9833370520442029,1.179974344382114,0.9779518751360138,0
2024-11-05,1.2191,0.7914012292066579,2.1368142906754533,0.9552324780415854,1.1673807267982457,0.9779518751360138,0
2024-11-06,2.4981,0.844389046808435,2.139563807654973,0.9703118949954719,1.3963143392875403,0.9779518751360138,0
2024-11-07,0.7404,1.0990928599293304,2.1744776547615077,1.119328182164425,2.0086558298523913,0.9779518751360138,0
2024-11-08,0.375,1.0689457659680763,2.164034432274695,1.0916081062467187,1.3636808576789512,0.9779518751360138,0
2024-11-11,0.0969,1.024302039527841,2.144864003302962,1.0545120380706783,1.3083536668653473,0.9779518751360138,0
2024-11-12,-0.28969999999999996,0.9774158366855445,2.1194428416295783,1.0161053871361772,1.288924734730465,0.9779518751360138,0
2024-11-13,0.0232,0.9376861365092595,2.114018987846956,0.9859429502589019,1.2650993486283992,0.9779518751360138,0
2024-11-14,-0.6068,0.8971662700376141,2.0877826851033063,0.951849857920611,1.0913307959551037,0.9779518751360138,0
2024-11-15,-1.3291000000000002,0.8785282866255937,2.1072588006746837,0.9476686746938097,1.143124744417686,0.9779518751360138,0
2024-11-18,0.391,0.9304872461832154,2.1814585639231976,1.042444236048678,1.3817301962032966,0.9779518751360138,0
2024-11-19,0.3956,0.8980421473289608,2.1621086390814828,1.0091107735619433,1.163849075653712,0.9779518751360138,0
2024-11-20,0.0022,0.8686500733511248,2.143512206857504,0.978250870769706,1.1662586150164123,0.9779518751360138,0
2024-11-21,0.5326,0.8336922921067969,2.1157971029626665,0.9446630544910191,1.1423753419520222,0.9779518751360138,0
2024-11-22,0.34619999999999995,0.8170777213152433,2.102117777560453,0.9226483241425493,1.1840790303860633,0.9779518751360138,0
2024-11-25,0.3016,0.7931187440054561,2.0842578573128647,0.896913546565962,1.11291642309744,0.9779518751360138,0
2024-11-26,0.5706,0.7697526981299371,2.0658698270662237,0.872110646183706,1.106890275095052,0.9779518751360138,0
2024-11-27,-0.3808,0.7622477764500264,2.054750833443334,0.8574176633607732,1.1492239618977669,0.9779518751360138,0
2024-11-29,0.5591999999999999,0.7449794206125546,2.0582583643995758,0.8444290737969212,1.1255946591024675,0.9779518751360138,0
2024-12-02,0.24450000000000002,0.7394874147071601,2.0471002784914627,0.8316413888094774,1.153371717574174,0.9779518751360138,0
2024-12-03,0.0451,0.7192972956663458,2.0284884590093917,0.8106554022503295,1.1124941212878385,0.9779518751360138,0
2024-12-04,0.6033000000000001,0.6973993214406201,2.0055334880929436,0.7890999367967672,1.0848088324677303,0.9779518751360138,0
2024-12-05,-0.1872,0.7006564860549519,1.9971507117606642,0.7831729050485456,1.143574705080521,0.9779518751360138,0
2024-12-06,0.24919999999999998,0.6826149149071272,1.9879943798757647,0.7668380946827976,1.0888517821081067,0.9779518751360138,0
2024-12-09,-0.6163,0.6681080175184184,1.9713660777983206,0.7510481622944375,1.0797179269142474,0.9779518751360138,0
2024-12-10,-0.2968,0.6760861418473054,1.9953277502162798,0.7693843714633468,1.1124704564167087,0.9779518751360138,0
2024-12-11,0.8132999999999999,0.6639617762107701,1.9944282022600994,0.7590786653052681,1.0658543350289476,0.9779518751360138,0
2024-12-12,-0.5428999999999999,0.6906736820683386,1.9916313423255936,0.7677099049017455,1.1660965954413898,0.9779518751360138,0
2024-12-13,-0.0026,0.6903632900175857,2.009384513116215,0.7764116255251496,1.1179739729081353,0.9779518751360138,0
2024-12-16,0.3792,0.6710205881092203,1.9861103218701375,0.7573936651440435,1.0687114673755493,0.9779518751360138,0
2024-12-17,-0.3871,0.6631299071819394,1.972766507245928,0.7456667570537643,1.086158284735701,0.9779518751360138,0
2024-12-18,-2.9937,0.6565086530129997,1.9793607854800548,0.7433076249389295,1.087832896588442,0.9779518751360138,0
2024-12-19,-0.0865,1.0951534915111032,2.191885213100345,1.335320136123881,2.1994822926543414,0.9779518751360138,0
2024-12-20,1.081,1.0427923753044055,2.1689338164468315,1.2794256918316487,1.2980245662544294,0.9779518751360138,0
2024-12-23,0.7261,1.0445485855050929,2.1671657726896,1.2547754609498012,1.473593976609568,0.9779518751360138,0
2024-12-24,1.0982,1.0187400148352972,2.156609121575966,1.216453571179924,1.4054494509942361,0.9779518751360138,0
2024-12-26,-0.0406,1.0250445992382995,2.155679966213014,1.1980219792339095,1.511777590917394,0.9779518751360138,0
2024-12-27,-1.1117,0.9777525835676214,2.130519405418839,1.1502488745613115,1.1511367146433997,0.9779518751360138,0
2024-12-30,-1.076,0.9905958759564528,2.187113165574335,1.1810582954542888,1.357294567512889,0.9779518751360138,0
