model,MSE,RMSE,MAE,QLIKE
"GARCH(1,1)",2.2e-07,0.00046745,0.00012745,-7.917515
EGARCH,2.2e-07,0.00046775,0.00012713,-7.904847
EWMA,2.2e-07,0.00047068,0.00013476,-7.9024
